000.pe
0bigazart.com
0chan.club
0chan.me
0chna.ru
0ct.ru
0ctolyte.click
0depo.com
0ez.ru
0ezt73mb.com
0f6xu-admiral-x.icu
0fmovies.online
0joycasino.ru
0kraken.cc
0l0.casino
0l.by
0mes.com
0mg0mg.xyz
0monro-casino.ru
0mts.ru
00news.ru
0nt.ru
0pornoonlines.top
0pornos.cc
0pornos.click
0pornos.top
0pornovideo.cc
0pornovideo.click
0pornovideo.me
0pornovideo.net
0pornovideo.one
0pornovideo.org
0print.ru
0putlocker.com
0r7u0-admiral-x.icu
0rox-casino.ru
00s.casino
0s664qkpwox6pl.com
000sb.ru
0sol-casino.ru
0st.info
00t.click
00twin.top
00u.casino
000vodka.bet
00vodka.casino
0wl.ru
0xbetcasino.net
0xbet-casino.net
0xcasino.com
0xota.ru
0x-bet.com
0x-bet.net
0ybllqpwq.top
0zeoncasino.com
0-63.ru
0-admiralx.icu
0-web.ru
1abooks.zone
1absolut777.com
1ac1.ru
1adat.com
1adcontext.ru
1admiralx.club
1admiral-x.com
1agromax.ru
1aj.ru
1ajobs.ch
1alco-express-spb.ru
1alkotochka24bar.online
1alkotochka24bar.ru
1animego.one
1antenna.ru
1ask.ru
1atomcasino.fun
1au-stat.com
1aviator.ru
01avto.ru
1azartmania.casino
1azin777o.ru
1azino.win
1azino777-777.ru
1azino777-gov.ru
1azino888.ru
01b.click
1banda-casino.top
1beat.org
1best-doc.ru
1best-vuz.ru
1bet.com
1bet.pro
1bet1win.ru
1betcasino.buzz
1betnow.com
1bets-zerkalo.ru
1bettoandroid.ru
1betvip.com
1betx.ru
1bet-casino.net
1bet-win.com
1bezdep.online
1bezdepozita.life
1bigclub.com
1billionaire.com
1bim.ru
1bios.net
1bitz.vip
1bizz.net
1blacksprut.net
1bloger.ru
1bog.ru
1bookmaker-mostbet.com
1bounty-kazino-online.ru
1boyz.com
1brc.ru
1bridgesolution.com
1bs2best.art
1bt-x.top
1bublik.space
1businessworld.com
1buyt.ru
001c.casino
001c.online
1c39.ru
1cactus.casino
1cactus-casinoo-amp.ru
1calfa.ru
1cam-teens.top
1captainmarlin.com
1cas.click
1cash.games
1casia0003.ru
1casia0005.ru
1casia0006.ru
1casia0008.ru
1casia0009.ru
1casino7.site
1casinoreiting.ru
1casinowin.com
1casino-7online.ru
1casino-online.com
1casino-pin-up.ru
01casino-x.ru
1casino-x-play.xyz
1casiroom.com
1cat-casino-online.ru
1cbo-ka.ru
1cebit.com
1cfashion.ru
1champion-casino.ru
1chan.ca
1chan.su
1cheki.info
1cheki.ru
1chekispb.info
1chekov-izgotovlenie.info
1ckurs.com
1ckurs.xyz
1clubnika-casino-online.ru
1cmas.ru
1cpp.ru
1cprox.online
1crashgames.ru
1crypline.com
1cs.com
1csnvulcan.online
1cstyle.ru
1c-e.ru
1c-h.ru
1c-kaluga.ru
1c-pro.org
1c-stopcovid.ru
1daddy.work
1daddycasino.com
1daddycasino.world
1dayprint.ru
1day-course.ru
1dby.ru
1dendy-casino.ru
1departament.ru
1detsad.ru
1dip.ru
1diplom.online
1diplom.ru
1diplom.shop
1diplom.top
1diploma.biz
1diploma.click
1diploma.pro
1diploma.ru
1diploma.top
1diplomb.biz
1diplomb.click
1diplomb.online
1diplomb.pro
1diplomb.ru
1diplomc.online
1diplomc.ru
1diplomd.ru
1diplomh.online
1diplomh.ru
1diplomj.online
1diplomj.ru
1diploml.ru
1diplomm.ru
1diplomm.top
1diplomo.online
1diplomo.ru
1diploms.ru
1diplomu.ru
1diplomz.ru
1disk.ru
1doc-vopros.ru
1dorama.ru
1doshopz.com
1dpoorig24.ru
1dpospravka.ru
1dpo-best.ru
1dragonmoneycasino.click
1dsp.ru
1dxshop.com
1dzapk.com
1dzapp.com
1dzer.ru
1dz-x.com
1d-lsd.shop
1e1rqw3mh.com
1e9.casino
1ecofruit.ru
1edudporf.ru
1eduinforf.ru
1ed-1xbet.top
1ee7.ru
1elst.ru
1eosago.ru
1eu-dpo.ru
1eyesex.com
1fabrikalestnic.ru
1fabrika-chekov.info
1fairspin.pt
1fairspin.xyz
1fanserials.ru
1fichier.com
1films.biz
1firescatters.com
1flagmancasino.top
1flagman-promo1.ru
1flagman-promo2.ru
1flagman-promo3.ru
1fonbet.com
1fontancasino.click
1football.info
1form.ru
1fortune-boost.site
1fp.ru
1freshcasino.ru
1fro.ru
1gama.casino
1gatesolympus.com
1gdz.ru
1get-x.top
1ggbet.com
1ggbt.com
1gim.ru
1gizbo-amp-site.ru
1gkb-kbr.ru
1go.casino
1go.live
1go0mob2.ru
1go0mob3.ru
1go1.casino
1go2.casino
1go3.casino
1go4casino.com
1go69.buzz
1go107.online
1go108.casino
1go109.casino
1go306.buzz
1go543.top
1go1001.casino
1gocas1.ru
1gocas1go1.top
1gocas1go2.top
1gocas1go3.top
1gocas1go4.top
1gocas1no.top
1gocas2.ru
1gocas3.ru
1gocas1001.top
1gocas1002.top
1gocas1003.top
1gocas1004.top
1gocasin.site
1gocasin0-101.top
1gocasin0-102.top
1gocasin0-103.top
1gocasinno111.ru
1gocasinno112.ru
1gocasinno113.ru
1gocasino.best
1gocasino.bond
1gocasino.ca
1gocasino.cfd
1gocasino.com
1gocasino.company
1gocasino.online
1gocasino.org
1gocasino.pro
1gocasino.win
1gocasino1.click
1gocasino1.com
1gocasino1.org
1gocasino01.top
1gocasino1be.top
1gocasino1id.top
1gocasino1igra.top
1gocasino1site.top
1gocasino1ya.top
1gocasino2.click
1gocasino2.de
1gocasino2id.top
1gocasino2igra.top
1gocasino2net.top
1gocasino2ya.top
1gocasino3.click
1gocasino3id.top
1gocasino3igra.top
1gocasino3ya.top
1gocasino4.click
1gocasino4.com
1gocasino4id.top
1gocasino4igra.top
1gocasino5.click
1gocasino5igra.top
1gocasino13.com
1gocasino14.com
1gocasino16.com
1gocasino23.com
1gocasino41.com
1gocasino45.com
1gocasino46.com
1gocasino51.com
1gocasino52.com
1gocasino53.com
1gocasino54.com
1gocasino64.com
1gocasino65.com
1gocasino66.com
1gocasino67.com
1gocasino69.com
1gocasino88.de
1gocasino100.com
1gocasino101.com
1gocasino102.com
1gocasino103.com
1gocasino104.com
1gocasino105.com
1gocasino106.com
1gocasino107.com
1gocasino108.com
1gocasino109.com
1gocasino110.com
1gocasino111.com
1gocasino111.online
1gocasino111.top
1gocasino112.com
1gocasino112.top
1gocasino113.com
1gocasino113.top
1gocasino115.com
1gocasino116.com
1gocasino200.com
1gocasino201.com
1gocasino203.com
1gocasino204.com
1gocasino205.com
1gocasino206.com
1gocasino300.com
1gocasino301.com
1gocasino302.com
1gocasino303.com
1gocasino304.com
1gocasino305.com
1gocasino306.com
1gocasino400.com
1gocasino401.com
1gocasino402.com
1gocasino403.com
1gocasino404.com
1gocasino405.com
1gocasino406.com
1gocasino407.com
1gocasino408.com
1gocasino469.top
1gocasino500.com
1gocasino501.com
1gocasino502.com
1gocasino503.com
1gocasino504.com
1gocasino505.com
1gocasino506.com
1gocasino507.com
1gocasino508.com
1gocasino509.com
1gocasino510.com
1gocasino511.com
1gocasino600.com
1gocasino601.com
1gocasino602.com
1gocasino603.com
1gocasino604.com
1gocasino605.com
1gocasino606.com
1gocasino607.com
1gocasino657.top
1gocasino700.click
1gocasino700.com
1gocasino701.com
1gocasino702.com
1gocasino703.com
1gocasino704.com
1gocasino705.com
1gocasino706.com
1gocasino707.com
1gocasino708.com
1gocasino709.com
1gocasino710.com
1gocasino800.click
1gocasino801.com
1gocasino802.com
1gocasino803.com
1gocasino803.top
1gocasino804.com
1gocasino805.com
1gocasino806.com
1gocasino807.com
1gocasino808.com
1gocasino809.com
1gocasino900.com
1gocasino901.com
1gocasino902.com
1gocasino903.com
1gocasino904.com
1gocasino1000.com
1gocasino1001.com
1gocasino1002.com
1gocasino1003.com
1gocasino1004.com
1gocasino1005.com
1gocasino2025.top
1gocasino21179.site
1gocasinobase1.top
1gocasinobase2.top
1gocasinobase3.top
1gocasinobet1.ru
1gocasinobet1.top
1gocasinobet2.ru
1gocasinobet2.top
1gocasinobet3.top
1gocasinobet4.top
1gocasinobet10.site
1gocasinokz.com
1gocasinoofficial.com
1gocasinoofficial60.ru
1gocasinoonline.com
1gocasinoplay.xyz
1gocasinoplay50.ru
1gocasinopromo3.top
1gocasinopromo4.top
1gocasinopromo5.top
1gocasinos.net
1gocasinoslot1.ru
1gocasinoslot2.ru
1gocasinoslots.bond
1gocasinoslots3.top
1gocasinoslots4.top
1gocasinoslots5.top
1gocasinoslots50.ru
1gocasinoslots70.ru
1gocasinotall1.top
1gocasinotall2.top
1gocasinotall3.top
1gocasinotopslots1.top
1gocasinotopslots2.top
1gocasinotopslots7.top
1gocasinotopslots8.top
1gocasinotopslots9.top
1gocasinotopslots10.top
1gocasinotopslots11.top
1gocasinotopslots12.top
1gocasinotut1.top
1gocasinoua.com
1gocasinovhod3.top
1gocasinovhod4.top
1gocasinovhod5.top
1gocasinovip.com
1gocasinovip4.com
1gocasinovip7.com
1gocasinovip9.com
1gocasinovip37.com
1gocasinovip43.com
1gocasinovip58.com
1gocasinovip59.com
1gocasinovip63.com
1gocasinovip64.com
1gocasinovip67.com
1gocasinovip68.com
1gocasinovip71.com
1gocasinovip72.com
1gocasinovip74.com
1gocasinovip75.com
1gocasinovip77.com
1gocasino-101.top
1gocasino-101.win
1gocasino-105.com
1gocasino-105.net
1gocasino-201.ru
1gocasino-201.top
1gocasino-202.ru
1gocasino-203.ru
1gocasino-204.com
1gocasino-204.ru
1gocasino-301.ru
1gocasino-303.com
1gocasino-401.top
1gocasino-404.com
1gocasino-501.top
1gocasino-502.com
1gocasino-604.com
1gocasino-702.com
1gocasino-804.com
1gocasino-904.com
1gocasino-1061.top
1gocasino-1062.top
1gocasino-2011.ru
1gocasino-2012.ru
1gocasino-2013.ru
1gocasino-2014.ru
1gocasino-2015.ru
1gocasino-2016.ru
1gocasino-2059.top
1gocasino-2060.top
1gocasino-2061.top
1gocasino-3012.ru
1gocasino-3014.ru
1gocasino-3015.ru
1gocasino-3060.top
1gocasino-3061.top
1gocasino-4056.top
1gocasino-4068.top
1gocasino-4069.top
1gocasino-5056.top
1gocasino-5057.top
1gocasino-5061.top
1gocasino-adrenaline1.ru
1gocasino-adrenaline2.ru
1gocasino-ais1.ru
1gocasino-ais2.ru
1gocasino-ais3.ru
1gocasino-ais4.ru
1gocasino-ais5.ru
1gocasino-ais6.ru
1gocasino-ais9.ru
1gocasino-ais10.ru
1gocasino-ais11.ru
1gocasino-ais12.ru
1gocasino-ais13.ru
1gocasino-ais14.ru
1gocasino-ais15.ru
1gocasino-ais16.ru
1gocasino-assets1.top
1gocasino-assets2.top
1gocasino-assets3.top
1gocasino-at.com
1gocasino-be9.top
1gocasino-bet.bond
1gocasino-bet60.ru
1gocasino-bet80.ru
1gocasino-bonus1.top
1gocasino-chat1.ru
1gocasino-chat2.ru
1gocasino-chat3.ru
1gocasino-chec4.ru
1gocasino-chec11.ru
1gocasino-chec12.ru
1gocasino-chec13.ru
1gocasino-chec14.ru
1gocasino-chec15.ru
1gocasino-chec16.ru
1gocasino-chec17.ru
1gocasino-click1.top
1gocasino-click5.top
1gocasino-click6.top
1gocasino-click7.top
1gocasino-day2.ru
1gocasino-day3.ru
1gocasino-day10.ru
1gocasino-day11.ru
1gocasino-day12.ru
1gocasino-de.com
1gocasino-de.de
1gocasino-desidaly4.ru
1gocasino-desidaly5.ru
1gocasino-desidaly6.ru
1gocasino-desidaly7.ru
1gocasino-desidaly8.ru
1gocasino-deutschland.com
1gocasino-disc3.top
1gocasino-dom2.ru
1gocasino-dom3.ru
1gocasino-dom4.ru
1gocasino-dom8.ru
1gocasino-dom9.ru
1gocasino-dom10.ru
1gocasino-dom11.ru
1gocasino-doma1.top
1gocasino-doma4.top
1gocasino-doma5.top
1gocasino-doma6.top
1gocasino-doy1.ru
1gocasino-doy2.ru
1gocasino-doy3.ru
1gocasino-doy4.ru
1gocasino-doy5.ru
1gocasino-doy6.ru
1gocasino-dragomy6.ru
1gocasino-dragomy7.ru
1gocasino-dragomy8.ru
1gocasino-dragomy9.ru
1gocasino-in3.top
1gocasino-in4.top
1gocasino-in6.top
1gocasino-in7.top
1gocasino-in8.top
1gocasino-in9.top
1gocasino-in10.top
1gocasino-in11.top
1gocasino-mirror1.top
1gocasino-mirror2.top
1gocasino-mirror3.top
1gocasino-mirror4.top
1gocasino-mirror5.top
1gocasino-msk3.top
1gocasino-msk5.top
1gocasino-msk6.top
1gocasino-msk7.top
1gocasino-msk8.top
1gocasino-msk9.top
1gocasino-nedv4.top
1gocasino-nedv5.top
1gocasino-nedv6.top
1gocasino-nedv7.top
1gocasino-nedv8.top
1gocasino-nedv9.top
1gocasino-new1.top
1gocasino-new14.top
1gocasino-new15.top
1gocasino-new16.top
1gocasino-off1.top
1gocasino-off2.top
1gocasino-off3.top
1gocasino-official.ru
1gocasino-offmirror4.top
1gocasino-offmirror6.top
1gocasino-offmirror7.top
1gocasino-offmirror8.top
1gocasino-offmirror9.top
1gocasino-oj1.top
1gocasino-oj2.top
1gocasino-oj3.top
1gocasino-oj4.top
1gocasino-online.casino
1gocasino-online.de
1gocasino-online1.top
1gocasino-online5.top
1gocasino-online6.top
1gocasino-podel9.top
1gocasino-podel10.top
1gocasino-podel11.top
1gocasino-podel12.top
1gocasino-ptppey4.ru
1gocasino-ptppey5.ru
1gocasino-ptppey6.ru
1gocasino-rosdy1.ru
1gocasino-rosdy2.ru
1gocasino-rosdy3.ru
1gocasino-rosdy4.ru
1gocasino-rsgschool1.ru
1gocasino-rsgschool2.ru
1gocasino-ru6.com
1gocasino-rukami4.top
1gocasino-rukami5.top
1gocasino-rukami6.top
1gocasino-serv2.ru
1gocasino-serv7.ru
1gocasino-serv8.ru
1gocasino-serv9.ru
1gocasino-serv10.ru
1gocasino-serv11.ru
1gocasino-serv12.ru
1gocasino-ska1.ru
1gocasino-ska2.ru
1gocasino-ska3.ru
1gocasino-ska4.ru
1gocasino-ska5.ru
1gocasino-ska6.ru
1gocasino-ska7.ru
1gocasino-slot3.top
1gocasino-slot4.top
1gocasino-slot5.top
1gocasino-slots1.top
1gocasino-slots2.top
1gocasino-slots3.top
1gocasino-sm4.ru
1gocasino-sm12.ru
1gocasino-sm13.ru
1gocasino-sm14.ru
1gocasino-sm15.ru
1gocasino-sm16.ru
1gocasino-sm17.ru
1gocasino-tech3.top
1gocasino-top3.ru
1gocasino-trex3.top
1gocasino-ug2.ru
1gocasino-ug3.ru
1gocasino-ug11.ru
1gocasino-vip2.top
1gocasino-vip4.top
1gocasino-vip5.top
1gocasino-vs3.top
1gocasino-vs5.top
1gocasino-vs6.top
1gocasino-w4.top
1gocasino-w5.top
1gocasino-w6.top
1gocasino-waytodreamy1.ru
1gocasino-waytodreamy5.ru
1gocasino-waytodreamy6.ru
1gocasino-world1.ru
1gocasino-world4.ru
1gocasino-world10.ru
1gocasino-world12.ru
1gocasino-world13.ru
1gocasino-zdor1.ru
1gocasino-zdor2.ru
1gocasino-zdor3.ru
1gocasino-zdor4.ru
1gocasino-zdor11.ru
1gocasino-zdor12.ru
1gocasino-zdor13.ru
1gocasino-zdor15.ru
1gocasino-zdor16.ru
1gocazino.org
1gocazino.top
1gocazino1.top
1gocazino3.top
1gocazino4.top
1gocazinos.com
1gocazinos1.top
1gocazinos2.top
1gocazinos3.top
1gokasino.com
1gokasinoo-1.ru
1gokasinoo-2.ru
1gokasinoo-3.ru
1gokasinoo-4.ru
1gokasinoo-5.ru
1gokazin1.top
1gokazin2.top
1gokazin3.top
1gokazino1.com
1gokazinoonline.com
1goldfishkakazino.xyz
1good.bet
1gorod-cheki.info
1go-11.casino
1go-306.casino
1go-555.casino
1go-cag1.top
1go-cag2.top
1go-cag3.top
1go-cas.ca
1go-cas.cfd
1go-casin0.space
1go-casin401.top
1go-casin402.top
1go-casin403.top
1go-casin404.top
1go-casin405.top
1go-casin406.top
1go-casin407.top
1go-casino.at
1go-casino.bond
1go-casino.club
1go-casino.link
1go-casino.net
1go-casino.one
1go-casino.org
1go-casino.ru
1go-casino1.com
1go-casino1.ru
1go-casino2.ru
1go-casino3.ru
1go-casino4.ru
1go-casino5.ru
1go-casino6.ru
1go-casino7.ru
1go-casino8.ru
1go-casino9.ru
1go-casino10.ru
1go-casino11.ru
1go-casino12.ru
1go-casino13.ru
1go-casino440.top
1go-casino696.top
1go-casinobet10.site
1go-casinoonline-brus4.ru
1go-casinoonline-brus5.ru
1go-casinoonline-brus6.ru
1go-casinoonline-brus7.ru
1go-casinoonline-dscargo3.top
1go-casinoonline-dscargo4.top
1go-casinoonline-dscargo5.top
1go-casinoonline-dscargo6.top
1go-casinoonline-dscargo7.top
1go-casinoonline-games9.top
1go-casinoonline-games10.top
1go-casinoonline-games11.top
1go-casinoonline-games12.top
1go-casinoonline-games13.top
1go-casinoonline-gbi1.ru
1go-casinoonline-gbi2.ru
1go-casinoonline-gbi3.ru
1go-casinoonline-gbi4.ru
1go-casinoonline-gbi7.ru
1go-casinoonline-gbi8.ru
1go-casinoonline-gbi9.ru
1go-casinoonline-msk1.ru
1go-casinoonline-msk2.ru
1go-casinoonline-msk3.ru
1go-casinoonline-msk4.ru
1go-casinoonline-msk4.top
1go-casinoonline-msk5.ru
1go-casinoonline-msk6.ru
1go-casinoonline-msk7.ru
1go-casinoonline-msk8.ru
1go-casinoonline-msk15.top
1go-casinoonline-msk22.top
1go-casinoonline-msk39.top
1go-casinoonline-msk44.top
1go-casinoonline-msk51.top
1go-casinoonline-msk56.top
1go-casinoonline-msk61.top
1go-casinoonline-msk74.top
1go-casinoonline-msk76.top
1go-casinoonline-msk80.top
1go-casinoonline-slots1.ru
1go-casinoonline-slots2.ru
1go-casinoonline-slots3.ru
1go-casinoonline-slots4.ru
1go-casinoonline-slots5.ru
1go-casinoonline-slots6.ru
1go-casinoonline-slots7.ru
1go-casinoonline-tsi1.ru
1go-casinoonline-tsi6.ru
1go-casinoonline-tsi7.ru
1go-casinoonline-tsi8.ru
1go-casinoonline-upack1.ru
1go-casinoonline-upack10.ru
1go-casinoonline-upack11.ru
1go-casinoru.top
1go-casinorush.website
1go-casinos.com
1go-casinos1.com
1go-casinos1.top
1go-casinos2.top
1go-casinoslot1.top
1go-casinoslot2.top
1go-casinoslot3.top
1go-casinoslot4.top
1go-casinoslot5.top
1go-casino-1.ru
1go-casino-1go.mom
1go-casino-2.ru
1go-casino-3.ru
1go-casino-48masterov1.ru
1go-casino-48masterov4.ru
1go-casino-48masterov6.ru
1go-casino-48masterov7.ru
1go-casino-201.top
1go-casino-202.top
1go-casino-203.top
1go-casino-204.top
1go-casino-2051.top
1go-casino-adv2.ru
1go-casino-adv9.ru
1go-casino-adv11.ru
1go-casino-adv12.ru
1go-casino-adv13.ru
1go-casino-apk.ru
1go-casino-ars1.ru
1go-casino-ars2.ru
1go-casino-ars3.ru
1go-casino-ars4.ru
1go-casino-askpetr4.ru
1go-casino-askpetr5.ru
1go-casino-askpetr6.ru
1go-casino-avtosalut1.top
1go-casino-avtosalut3.top
1go-casino-bag4.ru
1go-casino-biznyak1.ru
1go-casino-biznyak4.ru
1go-casino-biznyak5.ru
1go-casino-biznyak6.ru
1go-casino-biznyak7.ru
1go-casino-blr.top
1go-casino-bolsh2.ru
1go-casino-bolsh10.ru
1go-casino-bolsh11.ru
1go-casino-bonslots1.top
1go-casino-bonslots3.top
1go-casino-bonslots4.top
1go-casino-bonus1.ru
1go-casino-bonus2.ru
1go-casino-bonus3.ru
1go-casino-bonus4.ru
1go-casino-bonus5.ru
1go-casino-bonus7.ru
1go-casino-bonus8.ru
1go-casino-bonus9.ru
1go-casino-bonus10.ru
1go-casino-bonus11.ru
1go-casino-c586.top
1go-casino-ca.ca
1go-casino-child1.ru
1go-casino-child2.ru
1go-casino-clayt6.ru
1go-casino-cpr1.ru
1go-casino-cpr5.ru
1go-casino-day1.ru
1go-casino-day2.ru
1go-casino-day3.ru
1go-casino-day4.ru
1go-casino-disc1.ru
1go-casino-disc2.ru
1go-casino-disc3.ru
1go-casino-disc4.ru
1go-casino-dknef3.ru
1go-casino-dobalt-1.ru
1go-casino-dobalt-10.ru
1go-casino-dobalt-11.ru
1go-casino-dop1.ru
1go-casino-dop2.ru
1go-casino-dop3.ru
1go-casino-dop5.ru
1go-casino-dop6.ru
1go-casino-dop7.ru
1go-casino-dop8.ru
1go-casino-dzcon3.ru
1go-casino-dzcon4.ru
1go-casino-dzcon5.ru
1go-casino-dzcon6.ru
1go-casino-dzs.top
1go-casino-game1.ru
1go-casino-game1.top
1go-casino-game2.ru
1go-casino-game2.top
1go-casino-game3.ru
1go-casino-game5.top
1go-casino-game6.ru
1go-casino-game6.top
1go-casino-game7.top
1go-casino-game-ru1.ru
1go-casino-game-ru2.ru
1go-casino-game-ru3.ru
1go-casino-game-ru4.ru
1go-casino-game-ru5.ru
1go-casino-game-ru6.ru
1go-casino-globalpitch5.ru
1go-casino-globalpitch6.ru
1go-casino-globalpitch7.ru
1go-casino-globalpitch8.ru
1go-casino-go1.ru
1go-casino-go2.ru
1go-casino-go3.ru
1go-casino-go4.ru
1go-casino-go5.ru
1go-casino-go8.top
1go-casino-go9.top
1go-casino-go10.top
1go-casino-gorgaz2.ru
1go-casino-gorgaz3.ru
1go-casino-gorgaz8.ru
1go-casino-gorgaz9.ru
1go-casino-gorgaz10.ru
1go-casino-gorgaz11.ru
1go-casino-gorgaz12.ru
1go-casino-hmq.top
1go-casino-integrity1.ru
1go-casino-integrity4.ru
1go-casino-integrity6.ru
1go-casino-integrity7.ru
1go-casino-jaklin1.ru
1go-casino-jaklin2.ru
1go-casino-jaklin3.ru
1go-casino-jaklin4.ru
1go-casino-jaklin5.ru
1go-casino-jaklin6.ru
1go-casino-jkw.top
1go-casino-ketoma1.ru
1go-casino-ketoma2.ru
1go-casino-ketoma3.ru
1go-casino-ketoma4.ru
1go-casino-ketoma5.ru
1go-casino-kivi1.ru
1go-casino-kivi2.ru
1go-casino-kivi3.ru
1go-casino-kivi4.ru
1go-casino-kivi7.ru
1go-casino-kolosovhouse1.ru
1go-casino-kolosovhouse3.ru
1go-casino-kolosovhouse4.ru
1go-casino-l9tq.buzz
1go-casino-mama2.ru
1go-casino-mama8.ru
1go-casino-mama9.ru
1go-casino-mlp1.ru
1go-casino-mlp2.ru
1go-casino-mlp3.ru
1go-casino-msk1.top
1go-casino-mvalexa1.ru
1go-casino-mvalexa2.ru
1go-casino-mvalexa3.ru
1go-casino-mvalexa4.ru
1go-casino-mvalexa5.ru
1go-casino-navysote15.ru
1go-casino-navysote24.ru
1go-casino-navysote26.ru
1go-casino-navysote43.ru
1go-casino-navysote49.ru
1go-casino-navysote62.ru
1go-casino-navysote71.ru
1go-casino-navysote76.ru
1go-casino-neeaudity5.ru
1go-casino-neeaudity6.ru
1go-casino-neeaudity7.ru
1go-casino-neeaudity8.ru
1go-casino-neeaudity9.ru
1go-casino-neeaudity10.ru
1go-casino-neurothlon5.top
1go-casino-neurothlon6.top
1go-casino-news.ru
1go-casino-odisseyaco1.ru
1go-casino-odisseyaco2.ru
1go-casino-odisseyaco3.ru
1go-casino-odisseyaco4.ru
1go-casino-odisseyaco5.ru
1go-casino-odisseyaco6.ru
1go-casino-odisseyaco7.ru
1go-casino-odisseyaco8.ru
1go-casino-oglakh-4.ru
1go-casino-omod2.ru
1go-casino-omod3.ru
1go-casino-omod4.ru
1go-casino-omod5.ru
1go-casino-online.ca
1go-casino-online.casino
1go-casino-online.com
1go-casino-online.su
1go-casino-online.top
1go-casino-originalmeet3.ru
1go-casino-originalmeet4.ru
1go-casino-originalmeet5.ru
1go-casino-pkvk.buzz
1go-casino-pop3.top
1go-casino-pop4.top
1go-casino-pop5.top
1go-casino-premia7.top
1go-casino-premia8.top
1go-casino-pribor1.top
1go-casino-pribor12.top
1go-casino-pribor13.top
1go-casino-pribor14.top
1go-casino-priz2.ru
1go-casino-priz6.ru
1go-casino-priz9.ru
1go-casino-priz11.ru
1go-casino-priz12.ru
1go-casino-priz13.ru
1go-casino-pro2.ru
1go-casino-pro7.ru
1go-casino-pro9.ru
1go-casino-pro10.ru
1go-casino-pro11.ru
1go-casino-prom2.ru
1go-casino-prom6.ru
1go-casino-prom8.ru
1go-casino-qne.top
1go-casino-r6ni.top
1go-casino-rctf-2.ru
1go-casino-rctf-3.ru
1go-casino-regiony1.ru
1go-casino-regiony2.ru
1go-casino-regiony3.ru
1go-casino-regiony4.ru
1go-casino-regiony5.ru
1go-casino-regiony6.ru
1go-casino-regiony7.ru
1go-casino-regiony8.ru
1go-casino-regiony9.ru
1go-casino-remstir2.ru
1go-casino-remstir4.ru
1go-casino-remstir5.ru
1go-casino-remstir6.ru
1go-casino-remstir7.ru
1go-casino-rpl.top
1go-casino-rukamifest.com
1go-casino-school-cr1.top
1go-casino-school-cr6.top
1go-casino-school-cr7.top
1go-casino-slot1.ru
1go-casino-slot2.ru
1go-casino-slot3.ru
1go-casino-slot6.ru
1go-casino-slot7.ru
1go-casino-slots.com
1go-casino-slots2.one
1go-casino-slots3.one
1go-casino-slots5.one
1go-casino-slots6.one
1go-casino-slots7.one
1go-casino-slots8.one
1go-casino-slots9.one
1go-casino-slotsmsk1.top
1go-casino-slotsmsk11.top
1go-casino-slotsmsk12.top
1go-casino-slots-online1.ru
1go-casino-slots-online2.ru
1go-casino-slots-online3.ru
1go-casino-slots-online6.ru
1go-casino-slots-online7.ru
1go-casino-snjat2.ru
1go-casino-snjat3.ru
1go-casino-snjat5.ru
1go-casino-snjat6.ru
1go-casino-snjat7.ru
1go-casino-snjat8.ru
1go-casino-sochi1.ru
1go-casino-sochi2.ru
1go-casino-sochi3.ru
1go-casino-sochi3.top
1go-casino-sochi4.ru
1go-casino-sochi5.top
1go-casino-sochi8.ru
1go-casino-sochi9.ru
1go-casino-sochi10.ru
1go-casino-sochi11.ru
1go-casino-stroy4.ru
1go-casino-stroy5.ru
1go-casino-stroy6.ru
1go-casino-suomi1.ru
1go-casino-suomi2.ru
1go-casino-suomi3.ru
1go-casino-suomi4.ru
1go-casino-suomi5.ru
1go-casino-suomi6.ru
1go-casino-suomi7.ru
1go-casino-unicars4.ru
1go-casino-unicars5.ru
1go-casino-unicars6.ru
1go-casino-unicars7.ru
1go-casino-unicars8.ru
1go-casino-up1.ru
1go-casino-up2.ru
1go-casino-up3.ru
1go-casino-up4.ru
1go-casino-up5.ru
1go-casino-up11.ru
1go-casino-up12.ru
1go-casino-vaffelspb1.ru
1go-casino-vaffelspb3.ru
1go-casino-vaffelspb10.ru
1go-casino-vaffelspb11.ru
1go-casino-vip1.top
1go-casino-vip2.top
1go-casino-vip3.top
1go-casino-vip4.top
1go-casino-vkmar4.ru
1go-casino-vkmar5.ru
1go-casino-vkmar6.ru
1go-casino-vum.top
1go-casino-win.net
1go-casino-win.top
1go-casino-word3.ru
1go-casino-word4.ru
1go-casino-word5.ru
1go-casino-xtg.top
1go-casino-ycx.top
1go-casi-poc1.ru
1go-casi-poc2.ru
1go-casonline.ca
1go-cassino.com
1go-cazino.org
1go-cazino.su
1go-cazino3.site
1go-cazino-evpatoria4.ru
1go-cazino-evpatoria5.ru
1go-cazino-evpatoria6.ru
1go-cazino-kirkaz11.top
1go-cazino-kirkaz13.top
1go-cazino-kirkaz15.top
1go-cazino-kirkaz16.top
1go-cazino-psk1.ru
1go-cazino-psk2.ru
1go-cazino-psk3.ru
1go-cazino-psk4.ru
1go-cazino-psk5.ru
1go-cazino-psk6.ru
1go-cazino-psk7.ru
1go-cazino-psk8.ru
1go-cazino-psk9.ru
1go-cazino-psk10.ru
1go-cazino-psk11.ru
1go-cazino-psk12.ru
1go-cazino-psk13.ru
1go-cazino-psk14.ru
1go-cazino-psk15.ru
1go-cazino-psk16.ru
1go-cazino-psk17.ru
1go-cazino-psk18.ru
1go-cazino-psk19.ru
1go-cazino-restinfeo1.ru
1go-cazino-restinfeo2.ru
1go-cazino-restinfeo3.ru
1go-cazino-restinfeo4.ru
1go-cazz1.top
1go-cazz2.top
1go-cazz3.top
1go-cazz4.top
1go-cazzin1.top
1go-cazzinoplay51.top
1go-cazzinoplay52.top
1go-cazzinoplay53.top
1go-cazzinoplay54.top
1go-cazzinoplay55.top
1go-caz-tre11.ru
1go-caz-tre12.ru
1go-dum1.ru
1go-dum2.ru
1go-dum3.ru
1go-dum4.ru
1go-dum5.ru
1go-fondcult1.top
1go-fondcult2.top
1go-fondcult3.top
1go-fondcult9.top
1go-fondcult10.top
1go-go2.bond
1go-hub.buzz
1go-irrs.com
1go-irrs01.com
1go-kasino.com
1go-kasino-eco3.top
1go-kasino-eco4.top
1go-kasino-eco5.top
1go-kasino-game.ru
1go-kaz1.top
1go-kaz2.top
1go-kaz3.top
1go-kazinoamp-skart2.top
1go-kazinoamp-skart3.top
1go-kurs-centr2.top
1go-kurs-centr3.top
1go-kurs-centr5.top
1go-kurs-centr6.top
1go-kzi1.top
1go-kzi2.top
1go-level.buzz
1go-lichh1.top
1go-lichh2.top
1go-lichh3.top
1go-lichh5.top
1go-lichh6.top
1go-lichh7.top
1go-lichh8.top
1go-lichh9.top
1go-lichh10.top
1go-ntr-rza1.top
1go-ntr-rza10.top
1go-ntr-rza11.top
1go-official1.top
1go-official2.top
1go-official4.top
1go-off-casino1.top
1go-off-casino2.top
1go-off-casino3.top
1go-online-casino24.top
1go-online-casino27.top
1go-online-casino29.top
1go-online-casino34.top
1go-online-casino35.top
1go-online-casino39.top
1go-perego1.top
1go-perego6.top
1go-perego7.top
1go-poc1.ru
1go-poc2.ru
1go-primbul1.top
1go-primbul2.top
1go-primbul5.top
1go-respawn.buzz
1go-sabantuy1.top
1go-sabantuy8.top
1go-sabantuy9.top
1go-silentscape1.top
1go-silentscape12.top
1go-silentscape13.top
1go-silentscape14.top
1go-ska1.ru
1go-slots1.top
1go-slots2.top
1go-slots3.top
1go-slots4.top
1go-slots6.top
1go-tom1.ru
1go-tom2.ru
1go-tom3.ru
1go-tom4.ru
1go-vpo1.ru
1go-vpo2.ru
1go-vpo3.ru
1go-vpo5.ru
1grandcasino.com
1gry.ru
1happyorca.co
1hbet.top
1hd.gg
1hd.to
1hd1080.info
1heart.com
1help-docs.ru
1hentai.org
1hmebel.ru
1i1i1.net
1ihpq-admiral-x.icu
1ike-shop.biz
1iksbet.com
1iksbet.net
1iksbet-nar2.cfd
1iksbet-nav5.top
1iksbet-nbs3.top
1iksbet-nbu0.cfd
1iksbet-nbu3.cfd
1iksbet-ncc6.top
1iksbet-nce7.cfd
1iksbet-ndz6.top
1iksbet-nec6.top
1iksbet-nep6.cfd
1iksbet-ney1.cfd
1iksbet-nfq5.cfd
1iksbet-nha5.cfd
1iksbet-nhn2.cfd
1iksbet-nhr7.top
1iksbet-nid8.cfd
1iksbet-nig2.cfd
1iksbet-nip0.cfd
1iksbet-njt0.cfd
1iksbet-nkf9.top
1iksbet-nkt1.cfd
1iksbet-nku2.top
1iksbet-nkv7.top
1iksbet-nkz8.cfd
1iksbet-nlr3.cfd
1iksbet-nlv1.top
1iksbet-nlz2.top
1iksbet-nmt2.top
1iksbet-nnk6.cfd
1iksbet-nnq8.cfd
1iksbet-nnt5.cfd
1iksbet-nnt7.cfd
1iksbet-nnx6.cfd
1iksbet-noc0.cfd
1iksbet-noc3.cfd
1iksbet-nos6.top
1iksbet-nrq1.cfd
1iksbet-nuq9.cfd
1iksbet-nux5.top
1iksbet-nvo7.cfd
1iksbet-nvx9.top
1iksbet-nvz1.top
1iksbet-nww6.top
1iksbet-nxs0.cfd
1iksbet-nyo6.cfd
1iksbet-nzc9.cfd
1iksbet-nze5.cfd
1in.kz
1indian.cc
1informer.com
1irwin-site-ampshka.ru
1joycasin-oss.xyz
1joy-casino.xyz
1karat3.ru
1karkasnaya.ru
1kata.top
1kazinobonus-kz.xyz
1kazino-mostbet.com
1kaztorrents.xyz
1kent-casino.top
1kessay.ru
1ketoform.ru
1kfund.org
1ki174.com
1kigurumi.ru
1king.biz
1kingdom.biz
1kings.vip
1kinobig.ru
1kinofilm.ru
1kinogo.net
1kinohit.ru
1klad.biz
1klad.com
1klad.top
1km.to
1komandor.ru
01komplekt.ru
1kompozit.ru
1kor-rus.info
1kr.ua
1kra.at
1kra37-cc.ru
1kraken.cc
1kraken.net
1kraken13.at
1krakenbest.net
1kra-31-at.ru
1kra-36-cc.ru
1krn.cc
1krxbet.com
1kuhnya.ru
1k-irk.ru
1l1.su
1l79i-azinomo-bile.icu
1laki-jet.com
1leon.online
1lesnaya.ru
1levcasino.click
1lev-kazino-online.ru
1lib.education
1link.cfd
1links.ru
1lordfilm.lat
1lordfilm.one
1lordfilm.pics
1lordfilm.ru
1lordfilm.site
1lordfilm4ka.online
1lordfilm4ka.ru
01lordfilmonline25.digital
1lordikfilm.online
1lords.online
1lordserial.site
1lordserial.tokyo
1lordserialru.sbs
1lordserialrus.site
1lordserials1.site
1lordsfilm.online
1lorldfilm2026hd.ru
1loves.ru
1luckyjet.com
1lux.ru
1luxtv.biz
1luxtv.com
1luxtv.net
1luxtv.ru
1lux-study.ru
01m0wr2p9lxueapmst.com
1m3ega-shop.com
1m3ega-store.com
1magistr.ru
1magnatov.site
1makulatura.ru
1malinacasino.com
1manga.co
1master-ekb.ru
1med-orel.ru
1med-spravka.ru
1mega-at.com
1mega-store.cc
1mega-store.com
1melbet.ru
1melbet.su
1melbet.top
1mgimo.ru
1mgmarket6at.ru
1mgmarket6-at.ru
1migration.ru
1military.ru
1millionbet.top
1millioner.com
1minoxidil1.ru
1mka.ru
1mlm.ru
1mobileapp.live
1mobilecasino.ru
1most.bet
1mostbet.ru
1mostbet.top
1mostbet54.ru
1mostbetaz.com
1mostbetkz.com
1mostbettr.com
1mostbetturkiye.com
1mostbetuz.com
1mostbet-bd.com
1mostbet-br.com
1mostbet-com.ru
1mostbet-official-uz.com
1mp3.site
1mperator-casino.biz
1mskorig.ru
1ms-rus-prof.info
1multi-manga.online
1mypokerdom.com
1n1bet.com
1nalog.info
1newsmaker.ru
1ne-more.ru
1ne-xbet.ru
1nic1.ru
1nip.ru
1notarius.ru
1nsider.monster
1nsight.ru
1nt1m.ru
1o4vl95o66lf.top
1olga.ru
1omgpwa3.pw
1omgup.at
1onlainporno.net
1opera-download.ru
1orca88.club
1orca88.com
1orca88.tv
1orca88.vip
1orenschool.ru
1org-dpo.ru
1org-vuz.ru
1origdpo.ru
1pan.ru
1passforallsites.com
1pb.eu
1pdav.ru
1pdav.tech
1pd-stat.com
1pinco.casino
1pinco.click
1pinco449.buzz
1pinco449.pro
1pinco449-casino.click
1pinco449-casino.top
1pinco449-jackpot.com
1pinco449-jackpot.pro
1pinco449-jackpot.top
1pinco449-xyz.casino
1pinco449-zerkalo.top
1pincocasino.click
1pincocasino.pro
1pincocasino659.buzz
1pincocasino659.top
1pincocasino659.win
1pincocasino659-jackpot.top
1pincocasino659-play.buzz
1pincocasino659-play.pro
1pincocasino659-vip.buzz
1pincocasino659-vip.click
1pincocasino659-vip.top
1pincocasino659-xyz.buzz
1pincocasino659-zerkalo.buzz
1pincocasino-jackpot.buzz
1pincocasino-jackpot.com
1pincocasino-play.buzz
1pincocasino-play.com
1pincocasino-play.top
1pincocasino-vip.click
1pincocasino-vip.top
1pincocasino-xyz.casino
1pincocasino-xyz.pro
1pincocasino-xyz.top
1pincocasino-zerkalo.buzz
1pincocasino-zerkalo.click
1pincocasino-zerkalo.top
1pinco-casino.best
1pinco-casino.pro
1pinco-casino.top
1pinco-jackpot.click
1pinco-play.pro
1pinco-play.top
1pinco-vip.buzz
1pinco-vip.com
1pinco-xyz.click
1pinco-xyz.top
1pinco-zerkalo.online
1pinup1.fun
1pinup1.net
1pizdafoto.icu
1pks.ru
1playfortuna.com
1pleer.com
1plsdforsale.com
1plus1.ua
1plus1.video
1plus1ru3a.online
1plus1ru5.online
1plus1rux.online
1plus1tv.top
1plus1tv1.com
1plus1tv6.online
1plus1tv7.online
1pokerdom.best
1pokerdom.com
1pokerdom.su
1pokerdom.today
1pondo.com
1porfot.com
1porno.blog
1porno.media
1porno.online
1porno365.bike
1porno365.info
1porno365.net
1pornozak.top
1pornozak.vip
1poserdcu.ru
1propiska.ru
1prostitutkiarhangelska.com
1prz.ru
1putlockers.net
1pvc.ru
1p-lsd-btc.com
001q.casino
1ramauto.ru
1ramenbet.com
1rating-casino.me
1rating-casino.top
1rating-casino.xyz
1rby.ru
1realgold.com
1reiting-casino.ru
1remco.ru
1remont-okon.ru
1remont-rolstavney.ru
1respin.ru
1riobet.com
1riobet.link
1riobet.services
1riobet.support
1riobet.top
1riobet-casino.top
1roditeli.ru
1roxcasino.ru
1royal-club.ru
1roza.kz
1rucheki.ru
1ruscheki.ru
1rusdporf.ru
1russia.ru
1samogon.ru
1scarabwins.com
1sch.ru
1school39.ru
1selector-casino-online.ru
1seria.ru
1serial.club
1serialfilm.click
1serialtime.ru
1shar.ru
1shkola21.ru
01sistem.ru
1siteofficial21.xyz
1skynet.ru
1slot.ru
1slot.site
1slots.ru
1slotv-official.ru
1sml.ru
1soft.space
1solutions.ca
1sostav.ru
1spborig.ru
1spinbetter.club
1spinbetter.services
1spinbetter.store
1spinbetter.xyz
1spinbounty.com
1sportbetin.com
1sportschool.ru
1sprav.info
1starter.ru
1stcasino.ru
1stclassllm.com
1stcolor.ru
1steelland-t.ru
1steps-toys.ru
1steroidua.com
1stkidshop.ru
1stloto.com
1stom.ru
1stream.eu
1stream.link
1stream.top
1streetfood.bar
1streetfoodbar.ru
1strela-gorkipark.ru
1str-d.ru
1studrus.ru
1st-art-school.ru
1st-electric.ru
1st-nagatinsky.ru
1subtitry4k.ru
1surgery.ru
1svpn.com
1svpn.help
1sweetbonanza.com
1sykaaa-kazino.ru
1sykaaa-top.top
1szup.ru
1taker.site
1tapmines.xyz
1tde.ru
1teenporn.com
01tg.online
01tg.ru
1tk-zap.ru
1to100.ru
1tonna.ru
1top.casino
1top.club
1top.pro
1top.video
1topcasin-obonus.xyz
1topserial.site
1torrent.games
1tsk.ru
01tube.com
1tubehd.com
1turbo-kazino-online.ru
1tv.ge
1tvam.ru
1tvnet.ru
1tvs.ru
1tvv.live
1tv-pd.top
1twinkxxx.cc
1tzg.ru
1ucheba-dpo.ru
1udobno.ru
1unlimcasino01.com
1unlimcasino02.com
1unlimcasino03.com
1unlimcasino04.com
1unlimcasino05.com
01v.casino
1va2av.tech
1va3av.tech
1va4av.tech
1va5av.tech
1va7av.tech
1va10av.tech
1va14.tech
1va17av.tech
1va19av.tech
1va20av.tech
1va21av.tech
1va22av.tech
1va26av.tech
1vaav.tech
1vavada.com
1vavada.online
1vavada4.ru
1vavada2024.xyz
1vavada-online.site
1vavada-online-gg.site
1vavada-ru.ru
1vetapteka.ru
1videomarketing.ru
1vin.az
1vin.club
1vin.in
1vin.today
1vin.top
1vin1win.ru
1vinapk.site
1vine.ru
1vin-1win.ru
1vin-casino.ru
1vin-online.mobi
1vin-vanvin01.casino
1vodkabet.com
1vodkacasino.online
1vodkacasino.ru
1vodka-casino.top
1vodka-sites-amp.ru
1vplay2x.com
1vpn.pro
1vpn.win
1vulkangrand777.com
1vulkanksn.club
1vulkanksn.online
1vulkanksn.pics
1vulkanprestige.com
1vulknvegas421.com
1vv0d.life
1vv0hq7.life
1vv0lc183.life
1vv0lx983.life
1vv0py.life
1vv0sw.life
1vv0tv9.life
1vv0xs86.life
1vv0xs723.life
1vv0z.life
1vv0zf81.life
1vv1ab81.life
1vv1av576.life
1vv1d.life
1vv1dg953.life
1vv1fd2.life
1vv1ff3.life
1vv1fy916.life
1vv1js.life
1vv1jy57.life
1vv1le1.life
1vv1li5.life
1vv1mb8.life
1vv1mg94.life
1vv1nz3.life
1vv1o.life
1vv1oz5.life
1vv1pd965.life
1vv1px0.life
1vv1sa837.life
1vv1t.life
1vv1wk511.life
1vv1ws.life
1vv2a.life
1vv2bn90.life
1vv2cg39.life
1vv2gh79.life
1vv2j.life
1vv2mm998.life
1vv2pl.life
1vv2qd2.life
1vv2qh597.life
1vv2qu786.life
1vv2t.life
1vv2tw0.life
1vv2x.life
1vv3ak778.life
1vv3bt3.life
1vv3ca58.life
1vv3cw19.life
1vv3dw.life
1vv3ki4.life
1vv3lc.life
1vv3lg051.life
1vv3mp5.life
1vv3mz9.life
1vv3on5.life
1vv3p.life
1vv3pi473.life
1vv3qo88.life
1vv3qq4.life
1vv3qz.life
1vv3ro28.life
1vv3rw.life
1vv3va257.life
1vv3xs83.life
1vv3yh735.life
1vv4as23.life
1vv4cn34.life
1vv4ct202.life
1vv4dd7.life
1vv4en7.life
1vv4f.life
1vv4gs.life
1vv4gu0.life
1vv4ia4.life
1vv4ks1.life
1vv4lj84.life
1vv4nk.life
1vv4o.life
1vv4pj.life
1vv4qc8.life
1vv4ql.life
1vv4qt7.life
1vv4rb2.life
1vv4rn.life
1vv4wz9.life
1vv4xr1.life
1vv4za855.life
1vv4zg7.life
1vv5bc2.life
1vv5c.life
1vv5dh009.life
1vv5es25.life
1vv5f.life
1vv5fq05.life
1vv5gi4.life
1vv5gu1.life
1vv5jv.life
1vv5ka42.life
1vv5le.life
1vv5na8.life
1vv5pv727.life
1vv5sh6.life
1vv5sl0.life
1vv5sv75.life
1vv5tk52.life
1vv5ug.life
1vv5vt15.life
1vv5wn08.life
1vv5xq30.life
1vv5ze1.life
1vv5zm5.life
1vv6bh62.life
1vv6dv68.life
1vv6ec0.life
1vv6en40.life
1vv6eo2.life
1vv6ex30.life
1vv6jw.life
1vv6la04.life
1vv6lo33.life
1vv6o.life
1vv6pm.life
1vv6pp551.life
1vv6pu98.life
1vv6rb056.life
1vv6ry515.life
1vv6vo5.life
1vv6vr.life
1vv6vw6.life
1vv6wg.life
1vv6xt.life
1vv6zt.life
1vv7c.life
1vv7er2.life
1vv7ke4.life
1vv7lb8.life
1vv7lf.life
1vv7mn8.life
1vv7ns9.life
1vv7pa782.life
1vv7qr666.life
1vv7sb094.life
1vv7sl3.life
1vv7u.life
1vv7un.life
1vv7wr57.life
1vv7xv7.life
1vv8cb.life
1vv8ha.life
1vv8hj2.life
1vv8hx99.life
1vv8mf0.life
1vv8ng6.life
1vv8qb930.life
1vv8qv885.life
1vv8sb4.life
1vv8sc45.life
1vv8sl13.life
1vv8t.life
1vv8tb.life
1vv8u.life
1vv8yd.life
1vv8zz.life
1vv9ag7.life
1vv9cu96.life
1vv9el38.life
1vv9ki4.life
1vv9kx7.life
1vv9lw22.life
1vv9mo55.life
1vv9nf2.life
1vv9pk8.life
1vv9qh4.life
1vv9ry2.life
1vv9sp805.life
1vv9wz9.life
1vv9x.life
1vv094.life
1vv099.life
1vv126.life
1vv192.life
1vv206.life
1vv245.life
1vv251.life
1vv271.life
1vv0293.life
1vv296.life
1vv303.life
1vv325.life
1vv332.life
1vv349.life
1vv378.life
1vv429.life
1vv461.life
1vv486.life
1vv590.life
1vv632.life
1vv652.life
1vv660.life
1vv664.life
1vv784.life
1vv849.life
1vv1272.life
1vv1364.life
1vv1628.life
1vv2035.life
1vv2050.life
1vv2236.life
1vv2246.life
1vv3025.life
1vv04036.life
1vv4590.life
1vv4622.life
1vv4865.life
1vv05483.life
1vv5503.life
1vv5749.life
1vv5905.life
1vv6704.life
1vv6968.life
1vv7129.life
1vv7512.life
1vv7546.life
1vv7622.life
1vv8063.life
1vv8405.life
1vv8829.life
1vv9630.life
1vv19617.life
1vv19935.life
1vv22717.life
1vv39932.life
1vv46303.life
1vv50791.life
1vv53759.life
1vv58471.life
1vv66838.life
1vv68671.life
1vv68911.life
1vv71480.life
1vv76474.life
1vv79003.life
1vv81546.life
1vv83166.life
1vv85908.life
1vv85938.life
1vv88000.life
1vv89267.life
1vv90884.life
1vv91712.life
1vv93455.life
1vvbqtsq.com
1vvdkbch.com
1vvejplr.com
1vvejsyf.com
1vvfifcl.com
1vvfovoj.com
1vvhhtgq.com
1vvhitwu.com
1vvhlnww.com
1vvincasinooline.ru
1vviqdix.com
1vvirkac.com
1vvjfwpv.com
1vvjlyox.com
1vvjmzxg.com
1vvjyrus.com
1vvkglfn.com
1vvlink.life
1vvlxzur.com
1vvmnipr.com
1vvmob.run
1vvnbihs.com
1vvnqjch.com
1vvnqkfu.com
1vvoxbdc.com
1vvprcwd.com
1vvpwmfu.com
1vvqermp.com
1vvswify.com
1vvurmak.com
1vvvjolt.com
1vvvomqq.com
1vvwndju.com
1vvxnayr.com
1vvxttgb.com
1vvxvcki.com
1vvzlfta.com
1vvzzfkg.com
1vwin-casino-mobbile.ru
1v-c.info
1w.cab
1w.cash
1w.cool
1w.fo
1w.gold
1w.guru
1w.life
1w.mba
1w.money
1w.plus
1w.team
1w.vin
1w.zone
1waabb.com
1waacd.life
1waacs.com
1waacu.com
1waadgr.life
1waady.life
1waae.xyz
1waaeb.life
1waaeu.com
1waagc.life
1waagw.com
1waagy.life
1waagz.top
1waaha.life
1waahe.life
1waahk.life
1waajf.com
1waajl.life
1waaku.life
1waakw.com
1waamn.life
1waamv.life
1waanz.com
1waaog.life
1waaow.life
1waara.life
1waarj.com
1waatd.com
1waave.life
1waavo.top
1waawh.life
1waay.com
1waayi.life
1waayn.life
1waayq.com
1waayy.life
1wabai.win
1wabbz.life
1wabdw.life
1wabga.life
1wabgx.life
1wabh.com
1wabha.life
1wabho.life
1wabhv.life
1wabiv.life
1wabjn.life
1wabke.life
1wabki.life
1wabkr.life
1wablh.life
1wablm.com
1wabmf.life
1wabmq.com
1wabn.com
1wabnc.life
1waboe.life
1wabom.life
1waboy.life
1wabq.com
1wabrn.life
1wabsp.com
1wabtq.com
1wabue.life
1wabuh.life
1wabuo.com
1wabuv.life
1wabvn.life
1wabvt.com
1wabvu.life
1wabwe.life
1wabwx.life
1wabx.com
1wabyb.com
1wabyl.com
1wabzd.life
1waccw.com
1waccz.top
1wacda.life
1wacdd.life
1wacdg.life
1wacec.com
1waceh.life
1wacei.life
1wacek.life
1wacgy.com
1wachl.life
1wachn.life
1wacio.life
1wacjf.life
1wackj.com
1wacl.com
1wacmq.life
1wacoe.com
1wacoj.com
1wacph.life
1wacpk.life
1wacqg.life
1wacr.com
1wacrl.life
1wacrv.life
1wacry.com
1wacsc.life
1wacsh.life
1wacsm.life
1wact.com
1wactb.life
1wacuf.life
1wacuv.life
1wacv.com
1wacvp.top
1wacvq.life
1wacvy.life
1wacwv.com
1wacx.top
1wacxh.life
1wacxu.life
1wacy.top
1wacyp.life
1wacz.com
1waczg.life
1wadav.com
1wadbk.life
1wadbv.life
1wadei.life
1wadej.life
1wadfo.life
1wadfq.top
1wadg.com
1wadgz.com
1wadip.com
1wadiv.life
1wadj.com
1wadjy.com
1wadku.life
1wadlj.life
1wadmb.win
1wadmd.life
1wadmo.life
1wadnj.life
1wadop.life
1wadpd.com
1wadpf.life
1wadpp.com
1wadre.life
1wadri.life
1wadrw.life
1wads.com
1wadsk.com
1wadsr.life
1wadte.life
1wadtr.life
1wadum.life
1wadvj.life
1wadwa.life
1wadwc.life
1wadwf.life
1wadwg.life
1wadwl.life
1wadxa.com
1wadxh.life
1wadyi.life
1wadyj.life
1waean.life
1waeb.com
1waebc.com
1waeca.life
1waefk.life
1waefx.life
1waeie.com
1waej.com
1waekc.win
1waekn.life
1waekt.life
1waema.life
1waenb.life
1waenc.life
1waenh.life
1waenp.life
1waenx.top
1waeoa.life
1waeow.life
1waern.life
1waerx.life
1waerz.life
1waesa.life
1waetb.life
1waets.life
1waeua.com
1waeui.life
1waeuz.life
1waewn.com
1waeyl.life
1wafa.com
1wafai.life
1wafav.life
1wafbq.life
1wafcv.life
1wafd.com
1waffh.life
1waffm.life
1waffq.life
1waffy.life
1wafgb.life
1wafgs.life
1wafik.life
1wafj.com
1wafmx.life
1wafom.life
1wafq.com
1wafqr.life
1wafqs.life
1wafqv.life
1wafr.com
1wafrk.life
1wafsi.com
1waftg.life
1wafuv.life
1wafvh.life
1wafwr.life
1wafyg.com
1wafyv.win
1wagah.life
1wagdj.life
1wagent.online
1wagfi.com
1waggc.life
1waggx.com
1waglr.life
1waglu.com
1wagnw.life
1wagpe.life
1wagpf.life
1wagpo.win
1wagqg.win
1wagqv.life
1wagr.com
1wagrf.life
1wagrh.com
1wagrn.life
1wagtd.life
1wagtl.life
1wagui.com
1wagup.life
1wagvc.top
1wagvl.life
1wagyd.life
1wagyk.life
1wagyx.life
1wagzr.life
1waha.com
1wahaw.life
1wahcq.top
1wahd.com
1wahdo.life
1waheg.top
1wahfm.life
1wahgi.life
1wahh.com
1wahh.top
1wahic.com
1wahki.life
1wahkl.life
1wahkn.life
1wahky.life
1wahlc.life
1wahme.life
1wahmf.life
1wahnw.life
1wahnz.life
1wahqp.life
1wahr.com
1wahra.life
1wahrk.life
1wahrw.life
1wahs.com
1wahss.life
1wahsy.win
1wahta.life
1wahv.com
1wahvj.life
1wahvt.life
1wahwu.life
1wahy.com
1wahyf.life
1wahyz.com
1wahzm.life
1wai.top
1waiak.life
1waib.com
1waibc.xyz
1waibf.life
1waibr.life
1waica.life
1waidp.life
1waiec.life
1waieh.life
1waiei.win
1waiey.life
1waihb.life
1waihu.life
1waiid.life
1waiiq.life
1waiiy.life
1waijd.life
1waijy.life
1waikh.com
1waikk.life
1waikn.life
1waikz.life
1wailp.life
1waim.com
1waini.life
1waino.life
1waio.com
1waiob.top
1waion.life
1waioz.com
1wairz.life
1waist.com
1waitn.life
1waitt.life
1waiue.life
1waiur.life
1waiuu.top
1waivn.life
1waivw.com
1waiwk.life
1waiwn.com
1waiwt.life
1waiyq.life
1waiyv.life
1wajah.life
1wajai.life
1wajbv.life
1wajds.life
1wajdw.com
1wajen.life
1wajes.life
1wajfc.life
1wajhi.life
1wajhk.life
1wajib.life
1wajjt.life
1wajkx.life
1wajlq.life
1wajlu.life
1wajne.life
1wajnt.life
1wajop.life
1wajps.life
1wajre.icu
1wajrf.life
1wajss.life
1wajui.life
1wajvc.life
1wajvg.life
1wajxb.life
1wajxv.com
1wajyd.life
1wajyn.com
1wajzk.life
1wajzr.life
1wajzs.life
1wakay.life
1wakbb.life
1wakbv.life
1wakcc.life
1wakck.life
1wakem.life
1wakeo.life
1wakes.life
1wakgj.com
1wakgn.com
1wakhd.com
1wakik.life
1wakjs.life
1wakk.com
1wakk.pro
1wakke.life
1wakkv.life
1wakma.life
1wakoi.life
1wakor.top
1wakp.site
1wakpt.com
1wakqr.win
1waksp.life
1waksu.life
1waktu.life
1wakvb.life
1wakvn.life
1wakw.com
1wakwh.life
1wakxy.life
1wakyo.life
1wakzp.win
1walb.com
1walbo.life
1walbp.com
1walbv.life
1waldz.life
1walev.life
1walfk.life
1walhe.life
1wali.top
1walib.life
1walkc.com
1walmb.life
1walme.life
1walmi.life
1waloj.com
1walou.com
1waloy.life
1walpr.life
1walqy.life
1walri.life
1walsb.life
1walsh.life
1walt.com
1waltix.com
1waltk.cc
1waltu.com
1waltw.life
1walvk.life
1walvt.life
1walvz.life
1walw.top
1walwg.life
1walwp.life
1walyw.com
1walzt.life
1wambh.com
1wamcm.com
1wamdk.life
1wamgi.top
1wamii.com
1wamm.com
1wammb.life
1wammc.com
1wammj.life
1wammp.life
1wamqt.life
1wamrc.life
1wamrd.life
1wamsd.life
1wamup.life
1wamus.life
1wamut.life
1wamvs.life
1wamvt.com
1wamvt.life
1wamvy.life
1wamxh.life
1wamzf.life
1wanbe.com
1wanbu.com
1wancq.life
1wandp.life
1wanem.com
1wanfa.life
1wanhg.life
1wani.com
1waniq.life
1wanis.top
1waniy.life
1wanjn.life
1wanjz.life
1wankj.life
1wankq.life
1wanl.com
1wanlm.life
1wanmx.life
1wanne.life
1wanni.life
1wano.com
1wanqa.life
1wanrv.life
1wanse.life
1wansj.com
1wansv.com
1wantj.life
1wantz.life
1wanug.life
1wanuj.com
1wanvp.com
1wanwin.online
1wanwn.com
1wanyc.life
1wanyg.com
1wanyl.life
1wanyx.top
1wanzf.life
1wanzg.life
1waoai.life
1waodj.com
1waoep.life
1waoez.life
1waof.com
1waofj.com
1waofv.life
1waogf.life
1waoid.life
1waoit.life
1waokr.life
1waolqq.life
1waon.com
1waona.life
1waop.top
1waosp.life
1waoub.life
1waouj.life
1waouo.life
1waoux.life
1waovx.life
1waowf.life
1waoxe.com
1waoxm.life
1waoxu.com
1waoyc.com
1wapa.com
1wapan.com
1wapaw.life
1wapbf.com
1wapbj.life
1wapbw.life
1wapcd.life
1wapei.life
1wapfr.life
1wapfs.life
1waph.com
1wapi.com
1wapid.life
1wapih.com
1wapk.site
1wapkc.com
1wapkq.life
1waplc.life
1wapn.com
1wapoa.life
1waprb.life
1waprh.life
1waprm.life
1wapsd.life
1wapst.life
1wapvj.life
1wapvw.life
1wapwf.life
1wapxc.top
1wapxh.com
1wapxq.com
1wapyi.life
1wapzq.life
1waqda.life
1waqdff.life
1waqec.life
1waqhb.com
1waqhg.life
1waqmc.life
1waqmx.life
1waqnk.life
1waqnn.com
1waqnv.com
1waqof.life
1waqop.com
1waqqb.life
1waqqqj.life
1waqrw.life
1waqrz.life
1waqs.com
1waqsk.top
1waqu.top
1waquv.life
1waqvs.life
1waqwo.com
1waqxw.win
1waqyx.life
1waqzi.com
1waqzw.win
1warcl.life
1wardt.life
1warep.com
1warfj.life
1warfk.life
1warfn.life
1wargr.life
1warig.life
1wariv.life
1warjt.life
1warle.life
1warlo.top
1warm.top
1warnd.life
1warnf.life
1warnn.com
1waroz.life
1warqa.life
1warqo.com
1warrr.life
1warrsh.life
1warrw.life
1waruj.life
1warut.life
1warvj.life
1warwn.com
1warws.life
1warxb.life
1warxj.life
1warzq.life
1wasci.com
1wasep.win
1wasgb.life
1washc.life
1wasiq.top
1wasjo.life
1wask.com
1waska.life
1waskh.com
1waskv.life
1waslj.life
1waslm.life
1waslv.life
1wasme.life
1wasmj.life
1wasmk.life
1wasoq.com
1waspn.life
1wasqc.life
1wasqe.com
1wasre.life
1wassm.life
1wassp.life
1wasv.com
1wasvr.life
1wasvx.xyz
1wasxu.life
1wasye.life
1wasyi.top
1waszg.life
1waszs.com
1waszw.life
1watab.com
1watcc.life
1watcg.life
1watgk.life
1wathf.life
1watib.life
1watip.life
1watiz.life
1watkg.life
1watkh.life
1watm.top
1watmy.life
1watnf.life
1waton.com
1wator.life
1watpc.life
1watpn.life
1watqb.com
1watqn.life
1watr.com
1watra.com
1watru.life
1watsk.life
1watsp.life
1watvz.life
1watwq.life
1watwv.life
1watxl.com
1watyb.life
1watz.com
1watzh.com
1watzp.com
1watzx.life
1wauaa.life
1wauan.life
1waucc.life
1waucw.life
1waudj.life
1wauep.life
1wauf.top
1waufq.life
1waufy.com
1waugh.life
1waugi.life
1waugr.life
1waugv.top
1wauhp.com
1wauhv.life
1wauix.life
1waujb.com
1waujq.life
1waujz.com
1wauka.life
1waukr.life
1waulz.life
1waunm.life
1waupq.life
1wauqi.life
1waury.life
1wausm.life
1wausr.life
1wautw.com
1wauwb.life
1wauwv.life
1wauxp.life
1wauyh.life
1wauys.life
1wauzf.life
1wauzi.life
1wauzu.life
1wavan.life
1wavaw.life
1wavbk.life
1wavc.top
1wavd.pro
1wavd.top
1wavdd.life
1wavdy.life
1wavgt.life
1waviy.com
1wavjl.top
1wavk.com
1wavkf.life
1wavkj.com
1wavmo.life
1wavn.top
1wavnb.life
1wavnh.life
1wavnk.life
1wavof.life
1wavpj.life
1wavpz.life
1wavqo.life
1wavrp.life
1wavsx.com
1wavtp.com
1wavve.life
1wavwc.life
1wavxs.life
1wavyi.win
1wavys.life
1waw.top
1wawae.life
1wawbe.life
1wawbj.life
1wawbp.com
1wawdf.life
1wawdv.life
1wawei.life
1wawel.life
1wawfq.win
1wawgy.life
1wawiv.life
1wawj.com
1wawjj.life
1wawk.com
1wawkw.com
1wawl.com
1wawnu.com
1wawos.life
1wawpi.life
1wawpsiu.life
1wawr.com
1wawsy.life
1wawtq.com
1wawuh.life
1wawwj.life
1wawwx.life
1wawyg.win
1wawytw.life
1waxat.com
1waxay.life
1waxbg.life
1waxch.com
1waxcx.top
1waxdl.life
1waxdv.life
1waxeb.life
1waxeg.life
1waxep.life
1waxhs.life
1waxib.life
1waxic.life
1waxjc.life
1waxk.com
1waxkn.life
1waxlg.life
1waxlv.life
1waxlw.life
1waxn.com
1waxnl.life
1waxnw.life
1waxny.life
1waxpo.life
1waxps.life
1waxre.life
1waxrx.life
1waxsh.life
1waxt.com
1waxue.com
1waxwe.life
1waxwg.life
1waxy.top
1waxzp.life
1waya.com
1wayat.life
1waybl.life
1waycw.life
1wayed.top
1wayef.com
1wayez.life
1waygf.life
1wayhh.life
1wayjc.top
1wayjm.com
1wayjw.life
1waykr.life
1waykw.com
1waylw.life
1wayno.life
1wayoa.com
1wayon.life
1wayow.life
1waypack.de
1waype.life
1wayqe.com
1wayqe.life
1wayr.com
1wayrt.life
1wayrw.xyz
1waysy.com
1wayth.life
1wayto.life
1wayvg.life
1waywf.life
1waywu.life
1wayy.top
1wayzb.life
1wazbj.life
1wazbp.life
1wazgf.life
1wazit.life
1wazkd.top
1wazlx.com
1wazmk.life
1wazmv.life
1waznt.life
1waznu.life
1wazod.life
1wazpe.life
1wazqp.com
1wazr.com
1wazrr.life
1wazt.top
1waztv.life
1wazva.life
1wazve.com
1wazvr.life
1wazxp.com
1wazyo.life
1wazz.com
1wazzp.com
1wbaa.com
1wbaa.xyz
1wbabd.life
1wbacp.com
1wbadb.life
1wbadg.life
1wbaev.life
1wbagm.life
1wbagx.life
1wbahh.com
1wbaib.life
1wbajz.life
1wbakb.life
1wbakw.life
1wbald.com
1wbamx.life
1wbaod.life
1wbaox.life
1wbapa.life
1wbapm.life
1wbarm.life
1wbasq.life
1wbatr.life
1wbauf.top
1wbavdw.life
1wbaw.com
1wbawk.life
1wbaxe.life
1wbaxt.life
1wbaxx.life
1wbayx.life
1wbazd.life
1wbbag.life
1wbbak.life
1wbbbc.life
1wbbbi.com
1wbbbo.life
1wbbck.life
1wbbd.com
1wbbeq.top
1wbbeu.life
1wbbft.life
1wbbgp.life
1wbbgr.com
1wbbgv.life
1wbbgx.life
1wbbhz.win
1wbbij.life
1wbbim.life
1wbbiq.life
1wbbje.life
1wbbjg.life
1wbbjm.life
1wbbku.life
1wbbly.life
1wbbmj.life
1wbbnd.life
1wbbnq.life
1wbbrd.life
1wbbrz.top
1wbbst.life
1wbbtb.life
1wbbul.life
1wbbva.win
1wbbvg.life
1wbbwa.com
1wbbwc.life
1wbbwj.life
1wbbwk.life
1wbbwu.life
1wbbyw.life
1wbcci.life
1wbccp.life
1wbccw.com
1wbcee.com
1wbcem.life
1wbcer.life
1wbceu.life
1wbcfd.life
1wbcfl.life
1wbcha.com
1wbchj.life
1wbchq.life
1wbcju.life
1wbcmh.life
1wbcnw.life
1wbcot.life
1wbcpj.com
1wbcpr.life
1wbcqc.life
1wbcr.top
1wbctd.life
1wbctu.life
1wbcux.life
1wbcva.life
1wbcwd.life
1wbcwz.com
1wbdbt.life
1wbdbx.life
1wbdcd.life
1wbddq.life
1wbdfo.win
1wbdge.life
1wbdhi.com
1wbdil.life
1wbdjp.life
1wbdke.life
1wbdko.life
1wbdmf.life
1wbdms.life
1wbdnf.life
1wbdnu.life
1wbdpk.life
1wbdpq.life
1wbdpu.life
1wbdqp.life
1wbdqu.life
1wbdsm.life
1wbdtc.life
1wbdud.life
1wbduo.com
1wbdur.life
1wbdvg.life
1wbdvr.com
1wbdwo.life
1wbdyw.com
1wbeap.life
1wbebk.com
1wbebx.life
1wbeci.life
1wbede.life
1wbedn.life
1wbeeb.win
1wbego.life
1wbegp.life
1wbegp.live
1wbehq.com
1wbejo.life
1wbelj.life
1wbelt.life
1wbelw.life
1wbene.life
1wbenv.life
1wbeo.com
1wbeop.life
1wbesb.life
1wbeth.com
1wbevn.life
1wbewe.win
1wbfbf.life
1wbfbr.com
1wbfdg.life
1wbfdu.life
1wbfed.life
1wbfem.life
1wbffv.life
1wbfgb.life
1wbfgm.life
1wbfhj.life
1wbfhp.life
1wbfkc.life
1wbfkm.life
1wbfko.life
1wbflh.win
1wbfmi.life
1wbfmr.life
1wbfnr.com
1wbfnt.life
1wbfo.com
1wbfor.life
1wbfp.com
1wbfpf.life
1wbfqv.life
1wbfr.com
1wbfrb.life
1wbfsf.win
1wbfsp.life
1wbfsu.life
1wbfsy.life
1wbfvn.com
1wbfvz.life
1wbfwe.life
1wbfxt.life
1wbfxy.life
1wbfyp.life
1wbfzl.top
1wbgae.life
1wbgbk.com
1wbgby.life
1wbgep.com
1wbgfb.life
1wbgfg.life
1wbgfn.life
1wbgfx.life
1wbggq.life
1wbggr.life
1wbghs.life
1wbgir.win
1wbgjq.com
1wbgka.life
1wbgkr.life
1wbgkt.life
1wbgkv.life
1wbgkw.life
1wbgkz.life
1wbglz.life
1wbgmm.life
1wbgnh.life
1wbgoq.life
1wbgow.life
1wbgps.life
1wbgpt.life
1wbgqj.life
1wbgtb.life
1wbgtm.life
1wbguo.com
1wbgvm.life
1wbgvu.life
1wbgwl.life
1wbgxd.life
1wbgxv.life
1wbgys.life
1wbgzd.life
1wbhbk.life
1wbhcj.com
1wbhdb.life
1wbhfe.life
1wbhgp.life
1wbhgw.com
1wbhhn.life
1wbhic.life
1wbhif.life
1wbhit.life
1wbhjs.com
1wbhk.com
1wbhmf.com
1wbhmx.life
1wbhnc.life
1wbhpo.life
1wbhqv.life
1wbhrf.life
1wbhs.com
1wbhse.life
1wbhsl.life
1wbhss.life
1wbhtn.life
1wbhtq.life
1wbhtr.com
1wbhvb.life
1wbhvd.life
1wbhvp.top
1wbhwa.com
1wbhwa.life
1wbhyl.life
1wbhym.life
1wbhyq.life
1wbhyt.life
1wbibh.life
1wbibl.life
1wbibt.life
1wbicn.life
1wbico.com
1wbicr.life
1wbidi.com
1wbidw.life
1wbiff.life
1wbig.com
1wbiga.life
1wbigf.life
1wbigk.life
1wbigl.life
1wbihc.life
1wbihy.life
1wbiiw.life
1wbikd.life
1wbikr.life
1wbild.life
1wbilh.life
1wbils.life
1wbims.life
1wbinq.life
1wbinr.life
1wbinz.life
1wbio.com
1wbior.life
1wbioz.life
1wbiq.top
1wbiqh.life
1wbiqi.life
1wbirp.life
1wbisi.life
1wbisj.life
1wbisp.life
1wbiud.com
1wbivz.life
1wbiwc.life
1wbiwd.life
1wbiww.life
1wbixo.life
1wbizu.life
1wbjak.life
1wbjao.com
1wbjax.life
1wbjbi.com
1wbjbk.life
1wbjbq.life
1wbjbr.life
1wbjbw.life
1wbjci.life
1wbjco.life
1wbjcz.com
1wbjd.com
1wbjen.life
1wbjfm.com
1wbjfq.com
1wbjfv.life
1wbjgq.com
1wbjhg.life
1wbjhm.life
1wbjjk.life
1wbjle.life
1wbjlv.life
1wbjmk.top
1wbjnj.life
1wbjph.life
1wbjpm.life
1wbjpn.com
1wbjqp.com
1wbjuj.com
1wbjuk.life
1wbjum.life
1wbjv.com
1wbjvg.life
1wbjvh.com
1wbjwm.life
1wbjxo.life
1wbjxv.life
1wbjyz.life
1wbk.top
1wbkal.com
1wbkao.life
1wbkbr.life
1wbkbs.life
1wbkbt.life
1wbkce.life
1wbkio.com
1wbkiv.life
1wbkji.life
1wbkjm.life
1wbkjs.life
1wbkjv.life
1wbkkg.life
1wbklw.life
1wbkmk.com
1wbkn.com
1wbknn.com
1wbkos.life
1wbkou.life
1wbkoz.life
1wbkpc.life
1wbkpk.com
1wbkpnt.com
1wbkqr.life
1wbkqt.life
1wbkrd.life
1wbkrg.life
1wbkrj.life
1wbkry.life
1wbksk.life
1wbksx.com
1wbkty.life
1wbkug.life
1wbkup.life
1wbkuz.life
1wbkwd.life
1wbkwi.life
1wbkxw.life
1wbkya.com
1wbkyf.life
1wbkyp.life
1wbkyq.life
1wbkyv.life
1wbkzh.com
1wbkzy.com
1wblcp.life
1wblda.com
1wbldq.life
1wblf.com
1wblgd.life
1wblhc.win
1wbliw.com
1wblj.com
1wbljv.life
1wbll.top
1wblml.life
1wblnd.life
1wblol.life
1wblpe.life
1wblr.com
1wblso.win
1wblsw.life
1wbltn.life
1wblu.top
1wbluq.top
1wblxv.life
1wblym.life
1wblzp.life
1wblzu.life
1wbmcd.life
1wbmcg.life
1wbmco.life
1wbmdp.com
1wbmep.life
1wbmer.life
1wbmhh.life
1wbmhp.com
1wbmkx.life
1wbmmg.life
1wbmms.com
1wbmnf.life
1wbmo.com
1wbmoj.life
1wbmom.life
1wbmov.life
1wbmpc.life
1wbmph.com
1wbmr.com
1wbmrl.life
1wbmrs.life
1wbms.com
1wbmsw.life
1wbmwp.life
1wbmyi.com
1wbmzj.life
1wbnae.life
1wbnao.com
1wbnbvo.life
1wbncf.life
1wbndd.com
1wbndd.life
1wbndy.life
1wbneg.life
1wbnen.life
1wbneq.com
1wbneu.com
1wbnfo.life
1wbnix.life
1wbnke.life
1wbnmr.life
1wbnn.com
1wbnnf.life
1wbnoh.life
1wbnqjr.life
1wbnql.life
1wbns.com
1wbnsh.life
1wbnsx.life
1wbnu.com
1wbnuu.life
1wbnvs.life
1wbnwd.com
1wbnwy.com
1wbnxn.life
1wbnxw.life
1wbnye.com
1wbnyl.life
1wbnzh.com
1wbnzi.life
1wbnzo.life
1wbobd.life
1wboc.pro
1wboch.life
1wbocj.life
1wbocl.life
1wbod.com
1wboda.com
1wboed.life
1wboeq.life
1wbofm.life
1wbogo.life
1wboh.pro
1wbohe.life
1wboho.life
1wboip.life
1wboiq.com
1wbojh.life
1wbokf.com
1wbolt.top
1wbomj.life
1wbomr.life
1wbona.com
1wboqc.com
1wboqh.life
1wboqt.life
1wboqu.life
1wbosu.win
1wbosv.life
1wbosx.life
1wbotv.life
1wbouy.life
1wbova.life
1wboxg.life
1wboyj.com
1wbozd.life
1wbozt.life
1wbpaa.life
1wbpag.life
1wbpar.life
1wbpbm.life
1wbpez.life
1wbpfn.life
1wbpfq.life
1wbpft.life
1wbphl.com
1wbpil.com
1wbpjc.com
1wbpkw.life
1wbpla.life
1wbplp.life
1wbplr.life
1wbplu.life
1wbpmb.life
1wbpng.life
1wbpnl.life
1wbpns.life
1wbpnu.life
1wbpnv.life
1wbpo.com
1wbpoh.life
1wbppf.life
1wbprq.life
1wbpsz.life
1wbptw.win
1wbpuw.life
1wbpux.top
1wbpvi.com
1wbpvt.life
1wbpvx.life
1wbpvz.win
1wbpwb.life
1wbpwe.life
1wbpxp.life
1wbpyl.life
1wbqb.top
1wbqgq.com
1wbqhx.life
1wbqlf.life
1wbqlh.life
1wbqln.com
1wbqmg.life
1wbqmq.life
1wbqmy.life
1wbqnx.com
1wbqoy.life
1wbqqi.life
1wbqqm.top
1wbqrl.life
1wbqrs.life
1wbqtd.life
1wbqtu.life
1wbqui.life
1wbqvs.life
1wbqwj.life
1wbqwso.life
1wbqxx.life
1wbqya.life
1wbqyb.life
1wbqzq.life
1wbqzw.life
1wbrak.com
1wbrak.life
1wbram.life
1wbrbk.life
1wbrcu.life
1wbre.com
1wbrec.life
1wbreg.life
1wbreh.life
1wbrez.life
1wbrfb.com
1wbrfx.life
1wbrg.com
1wbrgj.life
1wbrhp.life
1wbrhz.life
1wbrik.life
1wbril.life
1wbrit.life
1wbriy.life
1wbrkf.life
1wbrml.life
1wbro.com
1wbroe.life
1wbrof.life
1wbrp.com
1wbrpl.life
1wbrpy.life
1wbrq.com
1wbrqi.life
1wbrrs.life
1wbrsb.com
1wbrsl.life
1wbrsr.top
1wbrsz.life
1wbrtn.com
1wbrtv.life
1wbruu.life
1wbruw.life
1wbrwa.life
1wbrx.com
1wbryph.life
1wbryq.life
1wbsag.life
1wbsbd.life
1wbsbi.life
1wbsbj.life
1wbscc.life
1wbscp.top
1wbscw.life
1wbsfe.life
1wbsfv.com
1wbsgs.life
1wbsjn.life
1wbsjy.life
1wbskq.com
1wbsln.life
1wbsm.com
1wbsmr.life
1wbsn.top
1wbsnc.com
1wbsnj.life
1wbsnu.life
1wbsot.life
1wbspl.life
1wbsra.win
1wbsrj.life
1wbsrt.life
1wbssq.life
1wbsu.com
1wbsub.life
1wbsun.com
1wbsuq.life
1wbswt.com
1wbsxw.life
1wbsxy.com
1wbsyb.life
1wbsyb.top
1wbsyy.life
1wbszt.life
1wbta.com
1wbtah.life
1wbtan.life
1wbtcv.life
1wbtda.life
1wbtdm.life
1wbtfo.life
1wbtfv.life
1wbthx.life
1wbtir.life
1wbtjr.life
1wbtjt.life
1wbtkg.life
1wbtkm.life
1wbtld.com
1wbtlx.life
1wbtmo.win
1wbto.com
1wbtod.com
1wbtqn.life
1wbtqu.life
1wbtrd.life
1wbts.com
1wbtt.com
1wbttq.life
1wbtxs.life
1wbtxu.life
1wbtzu.life
1wbuar.life
1wbubd.life
1wbucs.life
1wbuct.life
1wbucu.com
1wbucw.com
1wbud.icu
1wbuee.life
1wbuep.com
1wbufy.life
1wbufz.life
1wbugs.life
1wbuj.com
1wbukd.top
1wbuli.life
1wbulo.life
1wbun.com
1wbuoq.win
1wbupj.life
1wbuqf.life
1wbuui.life
1wbuuj.life
1wbuwa.life
1wbuwh.life
1wbuxm.com
1wbuxo.life
1wbuxs.com
1wbuyf.life
1wbuzh.life
1wbuzw.win
1wbvaj.top
1wbvcp.life
1wbvcs.life
1wbvdd.life
1wbvee.top
1wbvej.win
1wbveu.life
1wbvgf.life
1wbvgq.com
1wbvgu.life
1wbvhd.life
1wbvit.life
1wbviu.life
1wbvjt.cc
1wbvkf.com
1wbvkh.life
1wbvme.com
1wbvmv.life
1wbvot.life
1wbvpf.life
1wbvqz.life
1wbvrf.life
1wbvtn.win
1wbvtw.top
1wbvvn.life
1wbvvp.com
1wbvwa.life
1wbvwe.life
1wbvwj.life
1wbvwk.com
1wbvws.top
1wbvy.com
1wbvzf.life
1wbvzr.top
1wbvzt.life
1wbvzx.life
1wbwa.com
1wbwar.life
1wbwbg.life
1wbwbo.life
1wbwcc.life
1wbwcp.com
1wbwdd.com
1wbwdp.life
1wbwe.com
1wbwfq.life
1wbwfr.life
1wbwgw.life
1wbwht.life
1wbwiu.life
1wbwjz.top
1wbwmi.life
1wbwmq.life
1wbwno.life
1wbwpe.life
1wbwug.life
1wbwuj.life
1wbwus.life
1wbwuy.life
1wbwvb.xyz
1wbwvq.life
1wbwwk.com
1wbwyc.top
1wbxaf.life
1wbxaj.life
1wbxax.life
1wbxdr.life
1wbxds.life
1wbxeb.win
1wbxfi.life
1wbxgk.life
1wbxhu.life
1wbxis.life
1wbxiz.life
1wbxjx.life
1wbxl.com
1wbxln.life
1wbxmn.life
1wbxmp.com
1wbxpo.life
1wbxqs.life
1wbxsf.life
1wbxtc.com
1wbxtd.win
1wbxtr.life
1wbxuu.com
1wbxvf.life
1wbxvw.com
1wbxwc.top
1wbxwe.life
1wbxwt.life
1wbxyq.life
1wbxyy.top
1wbxzf.com
1wbxzg.life
1wbyad.life
1wbyae.life
1wbyam.life
1wbybp.life
1wbybt.life
1wbybw.top
1wbycg.life
1wbyds.life
1wbyfw.life
1wbygn.life
1wbygy.life
1wbyhn.life
1wbyho.life
1wbyjv.com
1wbylf.life
1wbypw.life
1wbyqk.life
1wbysh.life
1wbyte.com
1wbyvr.life
1wbyvu.life
1wbyvw.life
1wbywi.life
1wbyy.com
1wbyyl.com
1wbyza.com
1wbyzd.life
1wbzb.com
1wbzba.life
1wbzbi.life
1wbzbp.life
1wbzbz.life
1wbzcx.life
1wbzdi.life
1wbzdw.life
1wbzfee.life
1wbzfv.life
1wbzm.com
1wbzno.com
1wbzoj.life
1wbzpa.com
1wbzpr.life
1wbzra.life
1wbzro.life
1wbzsm.life
1wbzt.xyz
1wbzuh.com
1wbzuk.life
1wbzvh.com
1wbzwl.life
1wbzyl.life
1wcabs.life
1wcacn.life
1wcadz.life
1wcaeh.com
1wcaek.life
1wcaer.life
1wcaes.life
1wcafj.life
1wcagh.com
1wcagx.life
1wcahb.top
1wcahn.life
1wcai.com
1wcaip.life
1wcair.life
1wcaiw.life
1wcaj.com
1wcak.com
1wcalh.life
1wcamf.life
1wcamu.life
1wcand.life
1wcaoy.life
1wcapb.life
1wcapo.life
1wcapw.life
1wcaqm.top
1wcar.com
1wcards.com
1wcasino.ru
1wcats.life
1wcaui.life
1wcaur.life
1wcaut.com
1wcav.xyz
1wcaw.com
1wcawq.life
1wcayh.life
1wcazj.life
1wcban.life
1wcbch.life
1wcbei.life
1wcbfj.life
1wcbgj.life
1wcbhn.com
1wcbiu.life
1wcbjz.life
1wcblz.life
1wcbmx.life
1wcbny.top
1wcbpw.life
1wcbqe.life
1wcbqn.com
1wcbv.com
1wcbwg.life
1wcbwt.win
1wcbww.life
1wcbxd.life
1wcbzt.com
1wccb.com
1wccbn.life
1wccbq.life
1wccbu.life
1wccdm.life
1wccdn.life
1wccdz.life
1wccea.life
1wccex.life
1wccfv.life
1wccgt.life
1wccgw.life
1wcchc.com
1wcche.life
1wccjr.life
1wcclv.top
1wccnm.life
1wccnp.life
1wccnu.life
1wccoy.com
1wccpm.life
1wccps.life
1wccps.win
1wccpy.life
1wccqdm.life
1wccrc.life
1wccrf.life
1wccsj.life
1wccsl.life
1wccso.com
1wccsq.life
1wcct.top
1wccuo.life
1wccuq.life
1wccvz.life
1wccxa.life
1wccxt.top
1wcczs.life
1wcdb.com
1wcdbc.com
1wcdbw.life
1wcdcl.com
1wcdcm.life
1wcddo.life
1wcddz.life
1wcdek.com
1wcdet.life
1wcdgb.com
1wcdgw.win
1wcdha.life
1wcdhz.life
1wcdks.life
1wcdkt.com
1wcdkv.life
1wcdlg.com
1wcdnk.com
1wcdno.life
1wcdnz.life
1wcdok.life
1wcdoz.life
1wcdpb.life
1wcdr.com
1wcdrj.com
1wcdrt.life
1wcdsg.com
1wcdsk.life
1wcdsx.top
1wcdsz.top
1wcdtn.life
1wcdts.life
1wcduc.life
1wcduf.life
1wcduq.life
1wcdvu.life
1wcdwk.life
1wcdwl.life
1wcdxh.life
1wcdxo.life
1wcdxr.life
1wcdyl.life
1wcdze.life
1wceav.life
1wcebk.com
1wcecp.life
1wceew.com
1wcefb.life
1wceg.com
1wcegc.win
1wcegk.life
1wcegt.life
1wcegy.life
1wceha.com
1wcehu.life
1wcein.com
1wceix.com
1wcekn.life
1wcekv.life
1wcekw.life
1wcenj.life
1wcens.life
1wceof.life
1wceoo.win
1wceoy.life
1wceph.life
1wcepv.life
1wcevi.life
1wcevs.life
1wcewe.com
1wcewn.life
1wcewq.life
1wcexv.life
1wceyk.life
1wcfad.life
1wcfe.com
1wcfek.win
1wcffm.life
1wcfgp.xyz
1wcfhj.life
1wcfhr.life
1wcfjm.life
1wcfnx.life
1wcfoj.life
1wcfou.life
1wcfox.life
1wcfpt.life
1wcfpu.life
1wcfqc.life
1wcfqe.life
1wcfqf.life
1wcfsf.life
1wcfty.life
1wcfu.com
1wcfue.com
1wcfwo.life
1wcfxr.life
1wcfyg.life
1wcfyk.life
1wcfyw.com
1wcfyw.life
1wcga.com
1wcgar.com
1wcgax.com
1wcgbp.life
1wcgcq.com
1wcgcu.life
1wcgeh.life
1wcgei.life
1wcgfr.life
1wcggl.life
1wcggq.life
1wcggv.com
1wcght.life
1wcgir.life
1wcgis.life
1wcgjx.life
1wcgkd.life
1wcgnk.life
1wcgnp.life
1wcgob.life
1wcgoh.life
1wcgoo.com
1wcgpb.life
1wcgpt.life
1wcgpw.top
1wcgqg.top
1wcgqo.life
1wcgqy.com
1wcgrw.life
1wcgsh.life
1wcgtd.life
1wcgty.life
1wcgu.com
1wcguu.life
1wcgvj.life
1wcgwt.life
1wcgxd.life
1wcgxj.life
1wcgyb.life
1wchbw.life
1wchc.com
1wchct.life
1wchdb.com
1wchdn.life
1wcheb.life
1wchfa.life
1wchhh.life
1wchht.life
1wchhy.life
1wchii.life
1wchjj.life
1wchjk.life
1wchjy.com
1wchkn.com
1wchkw.life
1wchlh.life
1wchmd.life
1wchoc.life
1wchqm.life
1wchsu.life
1wchsxs.life
1wchsy.life
1wchte.com
1wchuk.life
1wchwf.life
1wchyo.life
1wciak.life
1wcian.life
1wciar.life
1wcias.life
1wciba.life
1wcibi.top
1wcief.com
1wcif.top
1wcifq.life
1wcigr.life
1wcigs.life
1wcih.com
1wciha.life
1wciiw.life
1wcijq.life
1wcijy.life
1wcika.life
1wcily.life
1wcimu.life
1wcinh.com
1wcint.life
1wciob.life
1wciox.life
1wcipj.win
1wciqa.life
1wciqg.life
1wciqi.com
1wciqr.com
1wcirh.com
1wciu.com
1wciwi.life
1wcixe.life
1wcjah.life
1wcjaj.life
1wcjal.life
1wcjaz.life
1wcjbn.life
1wcjcb.com
1wcjcf.life
1wcjcvj.life
1wcjd.top
1wcjhg.life
1wcjhq.com
1wcjii.life
1wcjix.com
1wcjjz.life
1wcjko.life
1wcjkx.com
1wcjlm.life
1wcjlr.com
1wcjmf.life
1wcjmg.top
1wcjp.com
1wcjq.com
1wcjqv.life
1wcjrc.com
1wcjrw.life
1wcjsy.life
1wcjt.com
1wcjtx.life
1wcjua.com
1wcjwk.life
1wcjwm.life
1wcjwv.life
1wcjwx.life
1wcjwz.life
1wcjxq.life
1wcjxt.life
1wcjyn.life
1wcjyt.life
1wcjzc.life
1wckah.life
1wckaj.life
1wckce.life
1wckcm.life
1wckel.life
1wckfo.life
1wckfrh.life
1wckgn.life
1wckhn.life
1wckir.life
1wckj.com
1wckjc.life
1wckjo.life
1wckjs.life
1wckks.life
1wckln.life
1wcklp.life
1wcklu.life
1wckly.top
1wckne.life
1wcknu.life
1wckov.life
1wckoz.life
1wcktd.life
1wckur.life
1wckv.com
1wckw.com
1wckwx.com
1wckxb.com
1wckxd.life
1wckyp.com
1wckzc.life
1wclaa.life
1wclak.com
1wclau.com
1wclbf.com
1wclcc.life
1wclcf.com
1wclcq.life
1wclfi.life
1wclft.life
1wclho.life
1wcll.com
1wclld.life
1wcllt.life
1wclmb.top
1wclmt.life
1wclna.life
1wclpc.life
1wclpi.com
1wclqe.life
1wclsj.life
1wclstr.com
1wcltc.life
1wcltf.win
1wcltm.com
1wcltt.life
1wcltu.life
1wclvf.life
1wclvm.life
1wclvn.life
1wclwb.life
1wclxp.com
1wclyj.life
1wclzd.life
1wclzg.life
1wclzs.com
1wcmca.life
1wcmcu.com
1wcmcy.com
1wcmdw.life
1wcmee.life
1wcmet.life
1wcmfn.life
1wcmft.top
1wcmgg.com
1wcmgo.life
1wcmhj.com
1wcmi.com
1wcmkc.life
1wcmmd.life
1wcmml.life
1wcmmo.life
1wcmmo.win
1wcmnw.life
1wcmpp.life
1wcmpu.life
1wcmri.com
1wcmrn.life
1wcmsa.com
1wcmsw.win
1wcmtr.life
1wcmtx.top
1wcmvk.com
1wcmvn.life
1wcmvv.life
1wcmx.com
1wcmxo.life
1wcmyb.life
1wcmzk.life
1wcnad.life
1wcnai.top
1wcncb.life
1wcncg.life
1wcncj.life
1wcncx.life
1wcnda.life
1wcneb.top
1wcneg.com
1wcnfkd.life
1wcngb.life
1wcngt.life
1wcni.com
1wcnjc.com
1wcnjk.life
1wcnm.com
1wcnnj.com
1wcnnk.life
1wcnnw.life
1wcnov.com
1wcnpg.com
1wcnqv.top
1wcnqx.life
1wcnrr.life
1wcnrx.life
1wcnte.life
1wcnvy.life
1wcnwe.life
1wcnwg.life
1wcnww.life
1wcnxe.life
1wcnxu.life
1wcnyr.life
1wcnzd.life
1wcnzl.life
1wcnzw.life
1wcoae.life
1wcob.top
1wcoch.top
1wcoco.life
1wcocv.life
1wcodh.com
1wcoej.life
1wcoer.life
1wcoet.life
1wcoez.top
1wcofe.life
1wcoff.life
1wcogf.life
1wcogh.com
1wcohi.life
1wcoid.life
1wcoix.life
1wcoji.life
1wcojr.life
1wcojx.life
1wcokz.com
1wcolj.win
1wcolombia.com
1wcolp.com
1wcoof.life
1wcope.life
1wcorc.life
1wcore.com
1wcort.com
1wcort.life
1wcorx.life
1wcos.com
1wcose.life
1wcosy.top
1wcot.com
1wcou.com
1wcous.life
1wcovu.com
1wcowa.life
1wcowb.com
1wcowr.com
1wcoww.com
1wcozg.life
1wcozq.life
1wcpaa.life
1wcpbl.life
1wcpda.com
1wcpdo.life
1wcpdx.life
1wcpfg.life
1wcpgh.life
1wcpgu.life
1wcpii.life
1wcpio.life
1wcpji.life
1wcpkp.life
1wcpkz.life
1wcplf.com
1wcpll.life
1wcpmn.life
1wcpmv.life
1wcpmy.win
1wcpo.com
1wcpon.life
1wcpqt.life
1wcprc.life
1wcprx.com
1wcpsm.life
1wcptt.life
1wcpub.life
1wcpui.life
1wcpv.com
1wcpvd.life
1wcpx.com
1wcpxl.top
1wcpyf.life
1wcpyj.life
1wcpyr.life
1wcpyu.life
1wcpyx.life
1wcqab.com
1wcqad.life
1wcqatd.life
1wcqdf.com
1wcqdz.life
1wcqfd.life
1wcqgk.life
1wcqhy.life
1wcqiu.life
1wcqjgt.life
1wcqju.life
1wcqkq.life
1wcqku.life
1wcqkv.life
1wcqlj.life
1wcqmk.life
1wcqmu.life
1wcqmy.life
1wcqqh.com
1wcqqw.life
1wcqrb.life
1wcqsg.life
1wcqtk.life
1wcqtq.life
1wcqty.top
1wcqup.com
1wcquw.life
1wcqv.com
1wcqvs.life
1wcqwj.life
1wcqza.life
1wcrav.life
1wcrcg.life
1wcrdn.life
1wcrdz.life
1wcreg.life
1wcrfh.com
1wcrfi.life
1wcrfj.win
1wcrhp.win
1wcria.life
1wcric.life
1wcriu.life
1wcrjd.top
1wcrjk.life
1wcrmb.com
1wcrnr.life
1wcroc.life
1wcrom.life
1wcrop.life
1wcrot.com
1wcrot.life
1wcrow.com
1wcrpm.com
1wcrrp.com
1wcrsl.life
1wcrso.life
1wcrtg.life
1wcrto.life
1wcrtr.com
1wcrug.com
1wcrv.com
1wcrvd.win
1wcrvg.life
1wcrvr.life
1wcrvu.com
1wcry.com
1wcryu.life
1wcrzj.life
1wcrzl.com
1wcrzu.com
1wcsaf.xyz
1wcsaw.com
1wcscf.top
1wcscq.com
1wcscu.life
1wcshe.life
1wcshv.life
1wcsig.com
1wcskc.com
1wcslh.life
1wcsmo.life
1wcspc.life
1wcswa.life
1wcswt.life
1wcsxy.life
1wcsyi.life
1wctam.life
1wctao.com
1wctbb.life
1wctbc.life
1wctbp.life
1wctdd.com
1wctdv.life
1wctef.com
1wctet.life
1wctf.com
1wctfm.life
1wctgs.life
1wctgx.life
1wctie.life
1wctjv.life
1wctlk.life
1wctlp.win
1wctlr.life
1wctm.com
1wctmo.life
1wctmr.life
1wctnn.life
1wctoa.life
1wctot.life
1wctpr.com
1wctqk.life
1wctql.com
1wctsz.life
1wctuh.com
1wctun.life
1wctus.life
1wctvj.life
1wctvl.life
1wctvr.life
1wctwze.life
1wctxf.com
1wctxl.life
1wctxq.life
1wctxv.life
1wctyb.life
1wctyr.life
1wctzc.com
1wctze.life
1wcuao.com
1wcubh.com
1wcubm.life
1wcubu.life
1wcuef.life
1wcueh.life
1wcufe.life
1wcugb.com
1wcugi.com
1wculj.life
1wculp.life
1wculr.life
1wcumt.life
1wcunq.life
1wcunw.life
1wcupi.com
1wcupq.life
1wcupt.life
1wcuqv.life
1wcusq.life
1wcuss.life
1wcuta.life
1wcuz.com
1wcuzz.life
1wcvax.win
1wcvbm.life
1wcvbx.life
1wcvc.top
1wcvdj.com
1wcvei.life
1wcveo.life
1wcvhj.life
1wcvka.life
1wcvnb.com
1wcvng.com
1wcvnr.life
1wcvnz.life
1wcvqy.life
1wcvra.life
1wcvse.life
1wcvud.life
1wcvun.com
1wcvuo.top
1wcvzg.com
1wcvzy.com
1wcwaf.life
1wcwal.life
1wcwbo.life
1wcwbs.life
1wcwbv.life
1wcwbx.com
1wcwcs.life
1wcwdc.life
1wcwel.life
1wcwes.life
1wcwfd.life
1wcwfi.life
1wcwfj.life
1wcwgj.life
1wcwhs.life
1wcwhsjcnc.life
1wcwisosdj.life
1wcwjb.top
1wcwjj.com
1wcwll.life
1wcwlsiosk.top
1wcwm.com
1wcwmxcm.life
1wcwnb.life
1wcwno.win
1wcwof.com
1wcwpl.life
1wcwpt.life
1wcwpz.life
1wcwrr.life
1wcwrx.com
1wcwsv.life
1wcwvg.xyz
1wcwvi.life
1wcwvs.life
1wcwxe.life
1wcwxs.life
1wcwzd.life
1wcwzk.life
1wcxay.life
1wcxbe.life
1wcxbx.top
1wcxdh.life
1wcxee.com
1wcxfj.com
1wcxgf.com
1wcxgz.life
1wcxid.life
1wcxif.com
1wcxim.com
1wcxjg.win
1wcxn.com
1wcxo.com
1wcxod.life
1wcxoe.life
1wcxp.xyz
1wcxpn.life
1wcxpt.life
1wcxrt.life
1wcxsg.com
1wcxtw.life
1wcxuk.life
1wcxum.life
1wcxut.life
1wcxv.top
1wcxva.com
1wcxwka.life
1wcxxm.life
1wcxxt.life
1wcxyb.life
1wcxyv.life
1wcxyw.life
1wcxz.com
1wcxzc.life
1wcyas.life
1wcybo.win
1wcycd.life
1wcydn.top
1wcyfj.life
1wcyfz.life
1wcyhd.life
1wcyht.life
1wcyhx.com
1wcyid.life
1wcyjf.life
1wcyla.life
1wcylp.life
1wcymm.life
1wcyog.life
1wcyp.xyz
1wcypg.life
1wcyqc.life
1wcyryd.life
1wcytd.life
1wcyti.life
1wcyua.life
1wcyvs.life
1wcywf.life
1wcywh.life
1wcywl.life
1wcyww.life
1wcyx.com
1wcyxc.com
1wcyxj.com
1wcyyd.life
1wcyzn.life
1wcyzq.life
1wcyzy.life
1wczbd.win
1wczbf.life
1wczbh.life
1wczck.life
1wczdk.life
1wczep.top
1wczet.life
1wczfi.life
1wczgi.life
1wczgk.life
1wczgq.com
1wczha.life
1wczhg.life
1wczic.com
1wcziv.life
1wczjk.life
1wczli.life
1wczme.life
1wczn.com
1wcznt.life
1wcznv.win
1wczox.life
1wczpt.life
1wczqc.com
1wczqu.com
1wczrf.life
1wczrk.life
1wczrr.com
1wczsu.life
1wczta.life
1wczth.life
1wczua.life
1wczup.life
1wczuw.life
1wczuz.com
1wczvz.life
1wczwd.life
1wczxm.win
1wczxv.win
1wczxw.life
1wczy.com
1wczyw.life
1wczyx.life
1wdaa.com
1wdaaf.top
1wdaaj.life
1wdaak.life
1wdabt.life
1wdaco.com
1wdacq.life
1wdacu.life
1wdada.life
1wdadw.life
1wdaez.win
1wdafg.life
1wdaji.life
1wdall.life
1wdalt.life
1wdanc.life
1wdanp.life
1wdanw.top
1wdaog.life
1wdaos.life
1wdaqg.life
1wdaqi.life
1wdaqr.com
1wdatn.life
1wdatz.life
1wdau.com
1wdawt.win
1wdaxt.life
1wdaye.life
1wdazk.life
1wdazu.com
1wdazw.com
1wdbaa.com
1wdbbt.life
1wdbbz.life
1wdbcb.life
1wdbcg.life
1wdbdd.life
1wdbdh.life
1wdbdq.win
1wdbfq.life
1wdbhb.life
1wdbhg.life
1wdbhr.top
1wdbik.life
1wdbjo.life
1wdbk.com
1wdblv.com
1wdbng.life
1wdbnm.top
1wdboh.life
1wdboy.com
1wdbpf.life
1wdbps.life
1wdbqv.life
1wdbrj.life
1wdbrx.com
1wdbsm.life
1wdbux.life
1wdbvh.life
1wdbvn.life
1wdbwn.com
1wdbwo.life
1wdbwq.win
1wdbxk.life
1wdby.com
1wdbyc.life
1wdbyg.icu
1wdbyj.life
1wdbze.life
1wdcal.life
1wdcax.life
1wdcbk.life
1wdccm.life
1wdccu.life
1wdcdg.com
1wdcdk.com
1wdcfx.life
1wdcgl.life
1wdcku.com
1wdcku.top
1wdcl.com
1wdcle.life
1wdcm.com
1wdcmb.com
1wdcmm.top
1wdcmw.life
1wdcnh.life
1wdcnw.life
1wdcop.life
1wdcor.life
1wdcot.life
1wdcqt.life
1wdcrs.life
1wdcru.life
1wdctp.life
1wdctx.life
1wdcud.life
1wdcue.life
1wdcwq.life
1wdcyg.com
1wdcyt.life
1wdcyw.life
1wddbm.com
1wddbq.life
1wddbu.life
1wddcc.com
1wddcd.top
1wddce.com
1wddfs.life
1wddgp.com
1wddgz.win
1wddhh.life
1wddhx.life
1wddjc.com
1wddjc.life
1wddkk.life
1wddku.com
1wddlj.com
1wddly.com
1wddmw.life
1wddnp.com
1wddq.com
1wddqm.life
1wddrm.com
1wddtv.life
1wdduk.life
1wddvh.life
1wddw.top
1wddwm.life
1wddwo.win
1wddzh.life
1wddzw.life
1wdeac.life
1wdebe.life
1wdecf.life
1wdecj.life
1wdecv.life
1wdedz.life
1wdeed.com
1wdeeu.life
1wdeff.life
1wdefn.life
1wdegh.life
1wdegx.life
1wdeia.life
1wdeis.top
1wdejv.life
1wdekr.life
1wdemw.life
1wdene.life
1wdep.com
1wdesr.life
1wdetj.life
1wdetl.life
1wdets.com
1wdeu.com
1wdevf.com
1wdevf.life
1wdexf.life
1wdexj.life
1wdeyb.life
1wdeyc.win
1wdezq.life
1wdfa.com
1wdfbi.com
1wdfdn.life
1wdfei.win
1wdffj.life
1wdfgc.com
1wdfgc.life
1wdfgs.life
1wdfjb.com
1wdfjm.com
1wdfmc.life
1wdfmv.life
1wdfnl.com
1wdfnn.com
1wdfog.life
1wdfoi.life
1wdfoz.com
1wdfsc.life
1wdfse.life
1wdfsp.life
1wdfsx.life
1wdfv.com
1wdfva.life
1wdfwm.life
1wdfxh.life
1wdfxm.life
1wdfyp.life
1wdfzt.life
1wdga.com
1wdgcm.life
1wdgcp.life
1wdgeaw.life
1wdgfb.com
1wdgfq.life
1wdgfx.life
1wdggb.life
1wdggn.life
1wdggp.life
1wdgh.com
1wdghb.life
1wdghw.life
1wdgir.life
1wdgiv.life
1wdgje.life
1wdgjn.life
1wdgjq.life
1wdgoc.top
1wdgok.live
1wdgpy.life
1wdgqh.com
1wdgqk.life
1wdgqw.life
1wdgsm.com
1wdgss.life
1wdgvb.life
1wdgvd.win
1wdgvi.life
1wdgvv.life
1wdgvy.life
1wdgx.com
1wdgxp.com
1wdgyi.com
1wdhba.life
1wdhbm.life
1wdhby.com
1wdhd.com
1wdhds.win
1wdhdz.com
1wdheb.life
1wdhef.life
1wdhfc.life
1wdhgu.com
1wdhhi.life
1wdhhv.life
1wdhjn.life
1wdhjw.life
1wdhld.life
1wdhmo.life
1wdhmt.life
1wdhnv.life
1wdhot.life
1wdhpr.life
1wdhq.com
1wdhqb.life
1wdhsp.life
1wdhtz.life
1wdhvi.life
1wdhvm.com
1wdhwk.life
1wdhxf.life
1wdhyb.life
1wdhzr.com
1wdiax.com
1wdiba.com
1wdibf.life
1wdidg.com
1wdidh.com
1wdiee.com
1wdieg.life
1wdies.life
1wdigk.top
1wdiin.life
1wdiis.life
1wdij.com
1wdikz.life
1wdilt.life
1wdimw.com
1wdip.com
1wdipg.win
1wdiqd.life
1wdiqf.life
1wdiqq.life
1wdirs.life
1wdirt.life
1wdiso.life
1wdiud.life
1wdiut.com
1wdiv.com
1wdivd.life
1wdivd.top
1wdixl.life
1wdize.com
1wdizp.life
1wdjam.life
1wdjax.life
1wdjbu.com
1wdjbw.life
1wdjdf.life
1wdjdq.life
1wdjei.life
1wdjep.com
1wdjep.win
1wdjew.life
1wdjf.com
1wdjfv.life
1wdjhd.life
1wdjhn.life
1wdji.com
1wdjib.life
1wdjij.life
1wdjit.life
1wdjjc.life
1wdjju.life
1wdjmg.life
1wdjnh.life
1wdjpg.life
1wdjqg.top
1wdjqx.life
1wdjrq.com
1wdjsd.life
1wdjsh.life
1wdjsk.win
1wdjti.com
1wdjti.life
1wdjug.life
1wdjup.life
1wdjvk.com
1wdjwj.life
1wdjwl.life
1wdjxl.life
1wdjye.life
1wdjym.win
1wdjzv.life
1wdkch.com
1wdkdw.life
1wdkf.com
1wdkfa.life
1wdkfn.com
1wdkgk.life
1wdkgl.life
1wdkgv.life
1wdkhh.life
1wdkit.life
1wdkjs.life
1wdkkv.life
1wdklf.life
1wdkll.life
1wdkma.life
1wdkmb.life
1wdkmo.life
1wdknb.life
1wdkng.life
1wdknz.life
1wdkqbr.life
1wdkqr.com
1wdkqs.life
1wdkqu.life
1wdksr.top
1wdktq.life
1wdkts.life
1wdkup.com
1wdkup.life
1wdkv.com
1wdkva.life
1wdkwh.life
1wdkxy.life
1wdkz.com
1wdkze.life
1wdkzg.life
1wdlal.life
1wdlez.life
1wdlfh.life
1wdlgt.com
1wdlhi.life
1wdlja.life
1wdljq.life
1wdljv.life
1wdlkb.life
1wdlli.life
1wdlmt.life
1wdln.me
1wdlop.com
1wdlpd.life
1wdlpi.life
1wdlrk.life
1wdlsu.life
1wdltl.life
1wdlu.com
1wdluf.life
1wdlus.life
1wdlvf.life
1wdlxt.win
1wdmak.life
1wdmaq.life
1wdmbi.com
1wdmbj.life
1wdmbl.life
1wdmck.life
1wdmcl.life
1wdmdd.life
1wdme.com
1wdmed.life
1wdmeq.life
1wdmfd.life
1wdmgp.life
1wdmgw.life
1wdmgy.life
1wdmhn.life
1wdmih.life
1wdmit.com
1wdmix.life
1wdmlb.life
1wdmli.com
1wdmmj.life
1wdmpi.life
1wdmuv.life
1wdmvl.life
1wdmwg.life
1wdmwv.life
1wdmx.com
1wdmxn.life
1wdmyi.com
1wdmyk.com
1wdmyms.life
1wdnac.life
1wdnbh.life
1wdncp.life
1wdncr.life
1wdnen.life
1wdnfl.life
1wdnfp.life
1wdnft.life
1wdngc.com
1wdngl.com
1wdngs.life
1wdngu.life
1wdnhk.life
1wdnia.life
1wdniy.life
1wdnkz.life
1wdnlf.top
1wdnlx.life
1wdnnv.life
1wdnoo.life
1wdnov.life
1wdnpp.life
1wdnpq.life
1wdnqd.life
1wdnth.life
1wdntm.com
1wdnu.com
1wdnuk.life
1wdnwp.com
1wdnwx.life
1wdnxw.life
1wdnzd.top
1wdnzz.life
1wdoba.top
1wdobt.life
1wdobw.com
1wdocm.life
1wdoej.life
1wdoen.com
1wdofj.life
1wdoft.life
1wdogx.life
1wdohb.life
1wdoiuw.life
1wdoix.life
1wdoiy.life
1wdojg.life
1wdokk.com
1wdoko.life
1wdokq.life
1wdoob.life
1wdosy.top
1wdosz.life
1wdote.life
1wdotr.life
1wdotv.life
1wdotz.life
1wdoui.life
1wdour.com
1wdovr.life
1wdowr.life
1wdowx.life
1wdoxa.life
1wdoyg.life
1wdoz.com
1wdoz.xyz
1wdozn.com
1wdozs.com
1wdpax.life
1wdpba.life
1wdpbp.life
1wdpch.life
1wdpdg.com
1wdpeo.win
1wdpey.life
1wdpfe.life
1wdpgc.life
1wdphq.life
1wdphw.life
1wdpig.life
1wdpjd.life
1wdpjy.life
1wdpkj.life
1wdplm.life
1wdpmf.life
1wdpnk.life
1wdpo.com
1wdpob.com
1wdpof.life
1wdpoxv.life
1wdppa.life
1wdppd.life
1wdpps.life
1wdpqg.life
1wdpqy.life
1wdpre.top
1wdprr.life
1wdpsg.com
1wdpsu.life
1wdpsv.life
1wdptk.life
1wdpur.life
1wdpus.life
1wdpv.com
1wdpvt.life
1wdpw.top
1wdpxk.life
1wdpzk.life
1wdpzx.life
1wdqc.com
1wdqdx.life
1wdqfn.life
1wdqht.life
1wdqin.com
1wdqjf.life
1wdqjs.com
1wdqka.life
1wdqmd.com
1wdqog.life
1wdqpf.life
1wdqpz.life
1wdqqq.com
1wdqxm.com
1wdqxr.life
1wdqxw.life
1wdqyg.com
1wdqzg.life
1wdqzz.com
1wdrao.life
1wdrbz.top
1wdrcc.top
1wdrcr.life
1wdrcx.life
1wdrdk.life
1wdrdo.life
1wdrep.life
1wdrgh.life
1wdrih.top
1wdrkb.life
1wdrlu.life
1wdrmr.life
1wdrol.life
1wdrox.life
1wdrph.com
1wdrpx.life
1wdrqq.life
1wdrqr.life
1wdrrl.com
1wdru.com
1wdruc.life
1wdrug.life
1wdrvj.life
1wdrwn.life
1wdryi.win
1wdryw.life
1wdrzb.win
1wdrzn.life
1wdsbd.top
1wdscd.life
1wdsdn.life
1wdsfe.com
1wdsfy.com
1wdsiu.life
1wdsjf.life
1wdslm.life
1wdslx.life
1wdsmd.life
1wdsml.life
1wdsmo.com
1wdso.com
1wdsoh.life
1wdsp.com
1wdspd.life
1wdsru.life
1wdsso.life
1wdssy.life
1wdstb.win
1wdstt.com
1wdsyn.life
1wdsze.life
1wdszq.life
1wdtam.top
1wdtbq.life
1wdtbx.life
1wdtco.life
1wdtef.life
1wdtem.life
1wdteo.life
1wdtfq.com
1wdtge.life
1wdtji.top
1wdtjx.life
1wdtkm.life
1wdtkp.life
1wdtl.com
1wdtna.life
1wdtoc.life
1wdtqd.life
1wdtqq.life
1wdtsi.life
1wdtuf.win
1wdtuh.com
1wdtut.life
1wdtvl.top
1wdtvu.com
1wdtwm.life
1wdtxt.com
1wdtyd.life
1wdtyo.life
1wdtyr.life
1wduas.life
1wdubd.life
1wdube.life
1wduck.life
1wducr.com
1wdudn.life
1wduds.life
1wduel.com
1wduex.com
1wdufz.life
1wduhm.life
1wduhx.com
1wdujc.life
1wdulg.life
1wdumc.life
1wdune.life
1wduod.life
1wdupj.life
1wdupu.win
1wduqs.life
1wdurt.life
1wdus.com
1wdusy.life
1wdutd.com
1wdutd.win
1wduuj.life
1wduvh.life
1wduvn.life
1wduwf.life
1wduwi.life
1wduwn.com
1wduws.life
1wduwt.life
1wduwv.life
1wduyy.life
1wduzi.life
1wduzw.life
1wduzy.life
1wdvcf.life
1wdvcu.com
1wdvdb.life
1wdvdz.life
1wdveb.life
1wdvfu.com
1wdvgz.life
1wdvhw.life
1wdvhy.life
1wdvks.life
1wdvkv.life
1wdvll.life
1wdvmc.life
1wdvpu.life
1wdvqd.life
1wdvsv.life
1wdvt.com
1wdvtl.life
1wdvwq.life
1wdvxe.life
1wdvyp.life
1wdvzk.com
1wdw.top
1wdwb.com
1wdwbg.life
1wdwcg.life
1wdwcu.life
1wdwel.com
1wdwf.com
1wdwfu.com
1wdwhr.cc
1wdwhs.top
1wdwih.life
1wdwim.com
1wdwkg.life
1wdwkt.life
1wdwod.life
1wdwoo.life
1wdwpg.com
1wdwps.life
1wdwqw.win
1wdwt.com
1wdwtx.life
1wdwu.com
1wdwwe.life
1wdwwh.life
1wdwwi.life
1wdwxf.com
1wdwyc.life
1wdwzp.life
1wdxbr.life
1wdxbs.com
1wdxbt.life
1wdxc.com
1wdxg.com
1wdxhm.com
1wdxiw.life
1wdxjo.life
1wdxke.com
1wdxlr.life
1wdxmk.life
1wdxmu.life
1wdxnr.life
1wdxoa.life
1wdxpp.top
1wdxqq.life
1wdxqt.life
1wdxrt.life
1wdxsb.life
1wdxsg.life
1wdxsp.life
1wdxsr.com
1wdxu.com
1wdxul.life
1wdxvb.life
1wdxvc.life
1wdxvj.life
1wdxwc.life
1wdxwe.life
1wdxwp.com
1wdxyp.life
1wdya.com
1wdycb.life
1wdyci.life
1wdyco.life
1wdyel.life
1wdyfj.life
1wdyfu.life
1wdyg.top
1wdygd.life
1wdygu.life
1wdyha.life
1wdyiz.com
1wdyjh.life
1wdyjw.life
1wdykx.life
1wdyo.com
1wdyos.com
1wdypf.life
1wdypl.life
1wdypu.life
1wdypy.life
1wdyqa.life
1wdyqt.life
1wdyrc.life
1wdyul.life
1wdyv.com
1wdyvm.life
1wdywa.life
1wdyyf.life
1wdyyq.com
1wdyze.life
1wdzaa.life
1wdzan.com
1wdzau.life
1wdzaw.life
1wdzbb.life
1wdzbx.life
1wdzep.life
1wdzhf.top
1wdzhj.life
1wdzhm.life
1wdzhn.win
1wdzi.com
1wdzin.life
1wdzjb.life
1wdzk.com
1wdzkw.life
1wdzla.com
1wdzll.life
1wdzlq.life
1wdzma.life
1wdzmn.life
1wdzn.com
1wdznn.com
1wdzoh.com
1wdzpla.life
1wdzqb.life
1wdzqc.life
1wdzqd.life
1wdzqj.life
1wdzqy.life
1wdzr.com
1wdzrd.life
1wdzt.com
1wdzwj.life
1wdzwk.life
1wdzxk.life
1wdzyx.com
1weaba.life
1weabd.com
1weabf.life
1weack.life
1weadr.life
1weaeb.com
1weaei.life
1weaft.com
1weakd.life
1wealg.life
1weamj.life
1wean.top
1weana.com
1weana.top
1weanl.life
1weaoq.life
1weaos.life
1weaou.life
1weaph.life
1weapu.life
1weasc.com
1weasw.top
1weatu.life
1weaur.life
1weauz.life
1weawv.life
1weawx.com
1weaxh.life
1weaxj.life
1weaxr.com
1weays.win
1weayx.life
1weaz.com
1weazr.life
1weazx.life
1webaa.life
1webaq.life
1webbf.life
1webbs.life
1webbv.com
1webdz.top
1webeo.life
1webfn.life
1webgw.life
1webh.com
1webhk.life
1webht.life
1webhy.life
1webim.life
1webis.life
1webjb.life
1webjl.com
1webjx.life
1webky.life
1webly.com
1webmg.life
1webnd.life
1webod.life
1webpn.life
1webtx.life
1webuf.life
1webvg.life
1webwl.life
1webx.com
1webxd.xyz
1webxp.top
1webxz.com
1weca.com
1wecal.life
1wecas.life
1weccl.top
1weccx.com
1wecer.life
1wecez.life
1wecf.com
1wecf.top
1wecfl.life
1wecfs.com
1wecgl.life
1wecgz.life
1wechd.com
1wechf.com
1weckw.life
1wecmw.life
1weco.com
1wecog.life
1wecpf.life
1wecpy.life
1wecqj.com
1wecrw.life
1wecsl.life
1wecsu.life
1wectu.life
1wectv.win
1wecum.life
1wecut.com
1wecvl.life
1wecw.com
1wecxr.life
1wecya.win
1wecyj.com
1weczl.life
1wedaa.win
1wedai.life
1wedb.top
1wedbq.life
1wedcf.life
1wedea.com
1wedfi.life
1wedie.life
1wedj.com
1wedki.life
1wedmc.com
1wedmk.com
1wedms.life
1wedmy.life
1wedna.win
1wednx.life
1wedor.com
1wedpn.life
1wedrt.com
1wedsp.com
1wedup.life
1wedvp.life
1wedxg.life
1wedyk.life
1wedyn.life
1wedys.life
1weeae.win
1weeav.com
1weecf.com
1weecn.life
1weede.life
1weedy.top
1weee.com
1weeee.life
1weefh.life
1weefy.life
1weegi.life
1weehp.life
1weeic.life
1weeif.life
1weeji.life
1weeka.life
1weeln.life
1weelr.life
1weemr.life
1weenr.life
1weenw.life
1weeqs.life
1weequ.life
1weerh.life
1weevy.life
1weew.com
1weewv.life
1weexp.life
1weezp.life
1wefde.life
1wefde.top
1wefe.top
1wefeu.life
1wefge.life
1wefgv.life
1wefhb.life
1wefhk.life
1wefim.life
1wefiu.life
1wefjm.com
1wefkt.life
1wefmy.com
1wefnq.com
1wefnu.com
1wefpo.com
1wefpu.life
1wefqj.life
1wefqv.life
1wefrh.life
1wefrs.com
1wefsw.life
1wefvi.life
1wefwa.life
1wefxw.life
1wefym.life
1wefyt.life
1wefzw.life
1wegae.life
1wegbtw.life
1wegfg.life
1weggo.life
1wegjj.life
1wegku.life
1wegkw.life
1wegly.life
1wegmr.life
1wegmt.life
1wegmw.life
1wegnp.life
1wegod.life
1wegol.life
1wegph.com
1wegpi.life
1wegpl.life
1wegrm.life
1wegru.life
1wegsp.life
1weguc.life
1weguf.top
1wegvk.life
1wegwf.com
1wegwg.life
1wegws.life
1wegxs.life
1wegxz.life
1wegzx.life
1wehah.life
1wehdd.life
1wehdk.life
1wehdnj.life
1wehfe.life
1wehiz.life
1wehkp.life
1wehl.com
1wehle.life
1wehlz.life
1wehm.com
1wehmx.life
1wehnd.life
1wehpu.com
1wehqt.life
1wehqz.life
1wehri.life
1wehrw.com
1weht.com
1wehtq.life
1wehvc.life
1wehvj.life
1wehxa.com
1wehxe.life
1wehyb.com
1wehyr.life
1weibl.life
1weibx.life
1weic.com
1weich.life
1weicn.com
1weidp.life
1weidr.life
1weiey.life
1weifv.life
1weigl.life
1weihf.life
1weihx.com
1weihx.life
1weikm.life
1weilx.life
1weilz.life
1weima.life
1weinp.life
1weioe.life
1weiqo.life
1weiqw.top
1weira.top
1weirb.life
1weisb.top
1weish.life
1weito.com
1weity.life
1weiuf.top
1weiux.life
1weiw.top
1weiwn.life
1weiyg.life
1weizo.win
1wejc.com
1wejcw.top
1wejda.life
1weje.com
1wejfe.life
1wejgn.top
1wejjp.win
1wejkp.life
1wejlk.com
1wejll.life
1wejme.com
1wejnn.win
1wejos.life
1wejqg.com
1wejtb.life
1wejux.com
1wejvb.life
1wejvc.life
1wejvp.com
1wejwex.life
1wejxh.life
1wejxk.life
1wejyx.life
1wejz.com
1wejzo.com
1wekawa.life
1wekc.top
1wekct.com
1wekfo.life
1wekfs.win
1wekg.com
1wekhc.life
1wekhv.life
1wekih.life
1wekis.com
1wekiv.life
1wekix.life
1wekju.life
1wekjw.com
1wekkm.com
1weklq.life
1weklw.life
1wekm.com
1wekov.life
1wekox.life
1wekpn.com
1wekpw.life
1wekqy.life
1weksr.life
1wektc.life
1wektr.life
1wekv.com
1wekvx.life
1wekwf.life
1wekxw.life
1weky.com
1wekyw.top
1wekzu.life
1welbr.win
1welbz.com
1welds.com
1weldz.life
1weley.life
1welf.top
1welfh.life
1welgt.life
1welh.com
1welj.com
1weljf.life
1weljtr.life
1welkn.life
1welle72.casino
1welno.life
1welpn.top
1welpx.com
1welsb.life
1welsl.life
1welta.com
1weltv.com
1weluk.life
1weluq.life
1welux.com
1welux.life
1welv.top
1welvc.life
1welwa.com
1welwa.life
1welwj.life
1welxc.life
1wemaa.life
1wemcd.life
1wemck.life
1wemdd.com
1wemel.life
1wemfau.life
1wemfb.life
1wemgc.com
1wemgv.life
1wemmf.life
1wemnl.life
1wemnz.life
1wemoi.life
1wemqj.life
1wemtg.life
1wemtj.com
1wemty.life
1wemvi.top
1wemwl.life
1wemwp.life
1wemxy.life
1wemyd.com
1wemze.life
1wenab.life
1wenav.life
1wenbd.life
1wenbs.life
1wencc.life
1wencw.com
1wendc.life
1wenez.life
1wenf.com
1wenfx.life
1wenjp.life
1wenlz.win
1wennt.life
1wenop.life
1wenpe.com
1wenqd.life
1wenqx.com
1wensw.life
1wentf.life
1wentm.com
1wenuc.life
1wenuz.life
1wenwe.life
1weoad.com
1weocc.life
1weocx.life
1weoe.com
1weoed.life
1weoej.com
1weojr.top
1weokx.life
1weom.com
1weon.com
1weonc.life
1weorn.life
1weotm.life
1weoua.com
1weovi.life
1weovu.life
1weowr.life
1wepbh.life
1wepcq.life
1wepeu.life
1wepfw.life
1wepgj.life
1wepif.life
1wepjb.life
1wepkp.life
1wepob.life
1weptca.life
1weptn.life
1weptv.life
1wepun.com
1wepvv.life
1wepy.com
1wepyt.com
1wepze.life
1wepzu.life
1weqcb.life
1weqdo.com
1weqfd.life
1weqgk.com
1weqhc.life
1weqi.com
1weqis.life
1weqke.com
1weqkt.com
1weqnb.com
1weqnd.life
1weqqo.life
1weqt.com
1weqt.top
1weqtn.life
1weqwe.life
1weqwf.life
1weqxq.life
1weqzr.life
1werc.com
1werev.life
1weria.life
1werkcc.life
1werlm.life
1werlv.life
1werom.life
1werox.com
1werpo.life
1werre.life
1wersi.com
1wervm.life
1werwg.life
1werxx.life
1werzu.com
1wesb.xyz
1wesdg.life
1wesdz.life
1wesfe.life
1wesgv.life
1wesid.com
1wesio.com
1wesja.life
1wesjd.life
1weskn.life
1wesm.com
1wesmc.com
1wesmv.com
1wesmz.life
1wesn.xyz
1wesoo.life
1wespv.life
1wesse.life
1wesv.com
1weswb.life
1wesxr.life
1wesyb.life
1wesyq.life
1wesyx.com
1weszi.life
1weszi.win
1weszt.life
1wetaz.life
1wetdn.life
1wetdw.life
1weter.life
1wetfu.com
1wetht.life
1wetlg.com
1wetmq.life
1wetoh.life
1wetow.com
1wetp.com
1wetpr.life
1wetqr.life
1wets.com
1wetsd.life
1wettn.life
1wetwi.com
1wetxg.life
1wetxt.life
1wetyg.life
1wetyj.life
1wetzu.life
1wetzw.life
1weua.com
1weuaa.life
1weuaf.life
1weubz.life
1weud.com
1weudk.life
1weuga.life
1weugb.life
1weugf.life
1weuhb.com
1weuhw.com
1weuje.life
1weuji.life
1weujk.life
1weujq.life
1weulh.life
1weuli.life
1weum.top
1weumg.life
1weumm.life
1weums.life
1weumt.life
1weumy.life
1weuny.life
1weuon.life
1weupe.life
1weuq.com
1weus.com
1weusi.life
1weusp.life
1weusub.life
1weutd.com
1weuu.top
1weuuh.life
1weuuu.life
1weuuy.life
1weuv.com
1weuyg.life
1weuzq.life
1weuzx.com
1wevaep.life
1wevap.life
1wevbo.life
1wevbs.life
1wevbu.life
1wevc.top
1wevcg.life
1wevch.life
1wevdm.life
1wevhw.life
1wevif.life
1wevih.life
1wevin.com
1wevip.life
1weviu.life
1wevkk.life
1wevme.life
1wevmf.life
1wevmm.life
1wevoq.life
1wevov.life
1wevpk.win
1wevqu.life
1wevrs.life
1wevtd.com
1wevtj.life
1wevtw.life
1wevun.life
1wevuu.life
1wevuv.life
1wevx.com
1wewbm.life
1wewca.life
1wewcg.life
1wewcz.life
1wewdo.life
1wewdx.life
1wewdy.life
1wewe.top
1wewec.life
1wewfk.life
1wewfz.com
1wewgw.life
1wewht.life
1wewmb.life
1wewnf.life
1wewnp.life
1wewnw.life
1wewoc.life
1wewon.life
1wewopq.life
1wewpg.life
1wewpy.life
1wewrj.life
1wews.top
1wewsn.life
1wewta.life
1wewvb.com
1wewvh.com
1wewwp.life
1wewww.life
1wewxj.life
1wewxs.com
1wewyi.life
1wewzz.life
1wex.top
1wexbe.life
1wexbk.life
1wexcg.life
1wexeh.com
1wexfr.life
1wexfz.life
1wexhr.com
1wexhz.top
1wexja.top
1wexke.top
1wexkq.com
1wexks.life
1wexmy.life
1wexmz.life
1wexnd.life
1wexoj.com
1wexom.life
1wexou.life
1wexpf.life
1wexpg.life
1wexpz.com
1wexqk.life
1wexqu.life
1wexqz.life
1wexrq.com
1wexrv.life
1wexs.com
1wextu.life
1wexub.life
1wexvs.life
1wexwm.life
1wexye.life
1wexyn.life
1wexys.top
1wexyy.com
1weyb.com
1weycb.top
1weyd.com
1weydw.life
1weyea.life
1weyf.com
1weyff.win
1weyfk.com
1weygr.life
1weygw.life
1weyh.com
1weyhd.com
1weyhe.life
1weyhw.life
1weyif.com
1weyig.life
1weyjb.com
1weyjc.life
1weyjm.top
1weyjs.com
1weykl.life
1weyky.life
1weylt.life
1weylz.com
1weymv.life
1weynf.life
1weynj.com
1weyoo.life
1weyoz.life
1weyq.com
1weyrc.life
1weyrr.win
1weyse.life
1weysu.life
1weytl.life
1weyvq.life
1weywq.life
1weyy.com
1weyyo.life
1wezab.life
1wezao.top
1wezdn.life
1weze.com
1wezeo.life
1wezet.life
1wezet.top
1wezfa.com
1wezfh.com
1wezg.top
1wezgc.com
1wezgm.life
1wezgq.life
1wezh.com
1wezhl.life
1wezir.life
1wezjv.life
1wezkh.life
1wezko.life
1wezl.com
1wezlu.life
1wezml.life
1wezna.com
1wezpa.life
1wezph.com
1wezpz.life
1weztd.life
1wezud.life
1wezvj.life
1wezvm.life
1wezvs.life
1wezwg.life
1wezwm.life
1wezwz.com
1wezxd.com
1wezxi.life
1wezy.com
1wezzq.com
1wfaah.life
1wfaai.life
1wfab.com
1wfaba.life
1wfabs.life
1wfacc.life
1wfaci.win
1wfadt.life
1wfaeb.com
1wfael.top
1wfafa.life
1wfafq.life
1wfafz.life
1wfagb.com
1wfagc.life
1wfail.life
1wfajq.life
1wfajw.life
1wfajy.life
1wfakv.life
1wfalh.life
1wfalt.life
1wfamg.win
1wfann.life
1wfano.com
1wfanr.life
1wfaoi.life
1wfapqv.life
1wfaq.com
1wfaqi.life
1wfart.life
1wfaut.life
1wfawt.life
1wfawz.com
1wfayh.com
1wfazn.life
1wfbam.com
1wfbbg.life
1wfbcc.life
1wfbcf.com
1wfbco.life
1wfbct.life
1wfbdj.life
1wfbev.life
1wfbew.life
1wfbfc.life
1wfbfh.life
1wfbfy.life
1wfbia.life
1wfbim.life
1wfbju.life
1wfbkb.life
1wfbks.life
1wfbmd.life
1wfbnk.life
1wfbop.life
1wfbpf.life
1wfbpo.life
1wfbqe.life
1wfbqh.life
1wfbqr.life
1wfbri.life
1wfbru.life
1wfbsd.life
1wfbse.win
1wfbsw.life
1wfbtf.life
1wfbtt.life
1wfbtv.life
1wfbu.com
1wfbuh.life
1wfbvf.life
1wfbwc.life
1wfbxi.cc
1wfbyg.com
1wfbza.life
1wfbzh.life
1wfbzo.win
1wfcad.life
1wfcat.top
1wfcay.life
1wfcbt.com
1wfcef.life
1wfcet.com
1wfcgb.life
1wfchq.com
1wfci.com
1wfcjd.com
1wfcje.life
1wfcjr.life
1wfcjs.life
1wfckg.com
1wfckg.life
1wfclk.life
1wfclv.life
1wfco.com
1wfcpa.life
1wfcsd.life
1wfcsn.life
1wfct.com
1wfcud.life
1wfcut.life
1wfcvi.life
1wfcwy.win
1wfcyt.life
1wfcyw.life
1wfcyz.life
1wfczl.life
1wfdaw.com
1wfdbl.life
1wfdcb.com
1wfden.top
1wfdfp.life
1wfdfr.com
1wfdgc.life
1wfdhk.life
1wfdhr.life
1wfdil.life
1wfdip.com
1wfdje.life
1wfdjn.life
1wfdlo.com
1wfdlp.life
1wfdmg.life
1wfdnf.life
1wfdnk.com
1wfdnu.life
1wfdny.life
1wfdqc.life
1wfdqr.com
1wfdqr.life
1wfdqs.life
1wfdr.top
1wfdrd.life
1wfdrk.life
1wfdrr.life
1wfdrx.com
1wfdsn.life
1wfdtj.com
1wfdtl.life
1wfdtp.win
1wfduv.life
1wfdw.com
1wfdxk.com
1wfdz.com
1wfdzd.com
1wfdzs.life
1wfeak.life
1wfebf.com
1wfebm.com
1wfeda.life
1wfeev.life
1wfefo.com
1wfegd.life
1wfeha.life
1wfeig.life
1wfeii.life
1wfein.life
1wfeiq.life
1wfejr.life
1wfek.com
1wfekt.com
1wfemr.life
1wfenj.life
1wfenq.life
1wfeoa.com
1wfeoj.life
1wfepv.com
1wfera.life
1wferr.life
1wferw.life
1wfesa.life
1wfetd.life
1wfeuq.life
1wfeuw.life
1wfevl.life
1wfewy.life
1wfexf.top
1wfexo.life
1wfext.life
1wfey.com
1wfeyl.life
1wfezg.life
1wfezp.life
1wfezx.top
1wffaw.life
1wffbj.life
1wffbu.life
1wffc.com
1wffcq.life
1wffcx.life
1wffda.life
1wffee.com
1wffeg.life
1wffeh.life
1wffep.life
1wffeu.life
1wfffc.com
1wfffn.com
1wffh.com
1wffhp.life
1wffhq.life
1wffia.life
1wffle.life
1wfflu.com
1wffly.life
1wffmh.life
1wffml.life
1wffmq.life
1wffop.com
1wffox.life
1wffpb.life
1wffpf.life
1wffqr.life
1wffqw.life
1wffsz.life
1wffuq.life
1wffvo.life
1wffyn.life
1wffyv.life
1wffzd.life
1wffzl.life
1wfgae.life
1wfgbd.life
1wfgcj.life
1wfgek.life
1wfgem.life
1wfgeq.life
1wfgge.life
1wfght.life
1wfgif.life
1wfgir.life
1wfgjs.life
1wfgka.life
1wfgkt.life
1wfgln.life
1wfgmy.com
1wfgnq.com
1wfgp.com
1wfgpy.life
1wfgqz.life
1wfgsf.life
1wfgt.com
1wfgtz.win
1wfgvc.life
1wfgvl.life
1wfgw.com
1wfgyh.life
1wfgzv.com
1wfhax.life
1wfhay.life
1wfhbu.life
1wfhcs.life
1wfhda.life
1wfhdk.life
1wfhe.com
1wfhgf.life
1wfhgr.life
1wfhgu.life
1wfhix.life
1wfhjb.life
1wfhje.life
1wfhje.top
1wfhjt.life
1wfhk.com
1wfhko.life
1wfhld.com
1wfhli.life
1wfhmc.life
1wfhpj.life
1wfhqr.com
1wfhrl.com
1wfhuc.life
1wfhug.life
1wfhup.life
1wfhuw.life
1wfhvj.life
1wfhvk.com
1wfhvo.life
1wfhwe.life
1wfhwf.life
1wfhwk.life
1wfhxs.life
1wfhyc.life
1wfhyo.life
1wfhyt.life
1wfhyw.life
1wficf.life
1wfid.top
1wfifh.life
1wfigb.life
1wfihc.com
1wfihl.life
1wfijq.life
1wfikm.life
1wfikr.life
1wfill.life
1wfimw.com
1wfink.life
1wfinp.life
1wfiou.life
1wfirg.life
1wfirv.life
1wfist.life
1wfisz.life
1wfit.com
1wfiug.com
1wfivz.life
1wfixh.win
1wfiyo.life
1wfiyq.life
1wfizm.com
1wfizo.life
1wfizv.life
1wfjbq.life
1wfjca.life
1wfjct.life
1wfjdg.life
1wfjeb.com
1wfjgo.life
1wfjgq.life
1wfjhf.life
1wfjhw.com
1wfjhz.life
1wfjin.top
1wfjkg.life
1wfjkj.life
1wfjlp.life
1wfjmx.life
1wfjna.life
1wfjov.com
1wfjpq.com
1wfjpv.life
1wfjqf.life
1wfjup.life
1wfjuu.life
1wfjuw.life
1wfjxo.life
1wfjxq.life
1wfjxx.life
1wfjz.com
1wfjzf.life
1wfka.com
1wfkcd.life
1wfkdl.life
1wfkeh.life
1wfkes.life
1wfkft.life
1wfkgc.life
1wfkgh.life
1wfkha.life
1wfkhs.life
1wfkic.com
1wfkii.life
1wfkix.life
1wfkkr.com
1wfkl.com
1wfknd.com
1wfkns.life
1wfkp.com
1wfkrf.life
1wfkru.life
1wfksf.life
1wfksz.life
1wfktl.com
1wfkub.life
1wfkuc.life
1wfkvr.life
1wfkwc.com
1wfkwz.life
1wfkyw.top
1wfkzc.life
1wfkzv.life
1wflae.life
1wflag.life
1wflb.com
1wflce.life
1wfldr.life
1wflet.com
1wflft.com
1wflgu.life
1wflh.com
1wflhd.life
1wflhq.life
1wflis.life
1wflki.life
1wflkm.win
1wflpb.win
1wflqa.life
1wflqg.life
1wflrn.life
1wflsz.top
1wfltk.top
1wflve.life
1wflvn.life
1wflwa.life
1wflwq.life
1wflws.life
1wflxd.com
1wflxi.com
1wflxj.life
1wflyu.life
1wflzp.life
1wflzw.life
1wfm.top
1wfmaf.life
1wfmag.life
1wfmbd.life
1wfmcs.com
1wfmdz.life
1wfme.com
1wfmea.life
1wfmfm.life
1wfmfp.life
1wfmgr.life
1wfmhy.life
1wfmi.com
1wfmik.life
1wfmkl.life
1wfmkr.life
1wfmlx.life
1wfmmj.life
1wfmml.life
1wfmms.life
1wfmmx.life
1wfmnx.com
1wfmo.com
1wfmol.life
1wfmpk.life
1wfmqe.life
1wfmrd.com
1wfmsr.win
1wfmsy.life
1wfmsz.life
1wfmuc.life
1wfmug.life
1wfmvp.com
1wfmwb.life
1wfmwf.life
1wfmyi.com
1wfmzj.life
1wfmzk.life
1wfmzu.com
1wfmzx.life
1wfnal.life
1wfnapk.life
1wfnaw.com
1wfnbd.life
1wfnbf.com
1wfnbw.top
1wfnby.life
1wfnci.life
1wfnco.life
1wfnef.life
1wfneh.life
1wfnen.life
1wfnep.life
1wfnes.life
1wfneu.life
1wfnez.life
1wfnhw.life
1wfnhz.life
1wfnib.life
1wfnif.life
1wfnjw.life
1wfnjy.life
1wfnjz.com
1wfnlf.life
1wfnmj.life
1wfnnc.life
1wfnon.life
1wfnpc.com
1wfnpl.life
1wfnpv.life
1wfnq.com
1wfnrs.life
1wfns.com
1wfnsx.life
1wfntf.life
1wfnto.life
1wfntt.life
1wfnuw.life
1wfnvf.life
1wfnx.com
1wfnxr.life
1wfnxv.top
1wfnxz.life
1wfny.com
1wfnyf.life
1wfnzh.life
1wfnzy.life
1wfoao.life
1wfocu.life
1wfocv.life
1wfodm.life
1wfofa.life
1wfoff.life
1wfofl.life
1wfofr.life
1wfofs.com
1wfogx.life
1wfoh.top
1wfohn.com
1wfojl.life
1wfojo.life
1wfoms.life
1wfongq.life
1wfoob.life
1wfoox.life
1wfopg.life
1wfopv.life
1wforp.life
1wfouu.life
1wfoux.life
1wfovb.life
1wfovl.com
1wfow.top
1wfox.com
1wfoxo.life
1wfoxp.life
1wfoyw.life
1wfoza.xyz
1wfpbl.life
1wfpcd.win
1wfpds.top
1wfpdx.com
1wfpek.life
1wfpew.life
1wfpfo.com
1wfpft.life
1wfpfx.life
1wfpgt.life
1wfpha.com
1wfphi.life
1wfpid.life
1wfpiw.life
1wfpjh.life
1wfpk.com
1wfpkn.com
1wfplw.life
1wfpmx.top
1wfpo.com
1wfpod.com
1wfpoj.com
1wfpqm.com
1wfprr.life
1wfprt.life
1wfpsau.life
1wfpsl.life
1wfptu.life
1wfpus.life
1wfpvx.com
1wfpwk.life
1wfpwn.life
1wfpxn.life
1wfpxo.life
1wfpzc.life
1wfpzq.life
1wfpzs.life
1wfqbf.life
1wfqdk.life
1wfqet.life
1wfqfi.life
1wfqgj.life
1wfqgo.com
1wfqhk.com
1wfqik.life
1wfqiq.life
1wfqlz.life
1wfqmt.life
1wfqoz.win
1wfqpc.life
1wfqpf.life
1wfqpj.life
1wfqtr.life
1wfqub.life
1wfqw.com
1wfqwc.life
1wfqxw.com
1wfqyb.com
1wfqzg.life
1wfqzi.life
1wfrab.life
1wfrbz.life
1wfrch.life
1wfrck.life
1wfrcs.life
1wfrdb.win
1wfrdd.com
1wfrdl.life
1wfrfs.life
1wfrfy.life
1wfrg.com
1wfrgp.life
1wfril.life
1wfrjp.life
1wfrkv.com
1wfrlg.life
1wfrma.life
1wfrnl.life
1wfrny.life
1wfrob.com
1wfrpk.life
1wfrqm.life
1wfrrs.com
1wfrrs.life
1wfrsb.com
1wfrsl.life
1wfrss.life
1wfrtd.com
1wfruz.life
1wfrw.com
1wfrwd.win
1wfrwn.top
1wfrxk.life
1wfryg.life
1wfryt.life
1wfrzq.life
1wfrzv.com
1wfsak.life
1wfsbw.life
1wfsbx.life
1wfsck.life
1wfsfl.life
1wfsfq.life
1wfsgd.com
1wfsgd.life
1wfsgn.com
1wfshs.life
1wfsi.com
1wfskf.com
1wfslk.life
1wfslo.com
1wfslq.life
1wfsmx.life
1wfsnh.com
1wfsnt.life
1wfsod.life
1wfsos.life
1wfspl.life
1wfspw.com
1wfsqa.life
1wfsqy.com
1wfsrh.life
1wfssk.life
1wfssq.life
1wfssx.life
1wfsts.life
1wfsug.com
1wfsvc.life
1wfsve.life
1wfsvp.life
1wfswg.life
1wfswh.life
1wfsyp.com
1wfsz.com
1wftas.com
1wftaz.life
1wftbj.life
1wftbs.com
1wftdk.top
1wftey.com
1wftf.com
1wftfa.life
1wftgl.com
1wftgv.life
1wftgy.life
1wfthj.com
1wfths.life
1wfthw.life
1wfthy.life
1wftid.com
1wftkd.com
1wftod.life
1wftpl.life
1wftqr.life
1wftrl.com
1wftrn.life
1wftrs.life
1wfttx.life
1wftup.life
1wftvd.life
1wftvx.com
1wftwo.life
1wftwr.com
1wftwx.life
1wftxt.life
1wftxx.life
1wftyq.life
1wftzb.com
1wftzr.life
1wftzs.life
1wfuaq.life
1wfubl.life
1wfucl.life
1wfudv.life
1wfufz.com
1wfugc.life
1wfugq.com
1wfuij.top
1wfujm.life
1wfuk.com
1wfukd.win
1wfukg.life
1wfulb.win
1wfulwb.life
1wfunn.life
1wfuoa.life
1wfuog.life
1wfuos.life
1wfuqe.life
1wfurw.life
1wfusc.life
1wfuud.life
1wfuux.life
1wfuvv.life
1wfuw.top
1wfuzn.life
1wfvaw.life
1wfvb.com
1wfvbd.life
1wfver.life
1wfvey.life
1wfvg.com
1wfvhp.life
1wfvhq.life
1wfvjm.life
1wfvjy.life
1wfvkv.life
1wfvlo.life
1wfvlt.life
1wfvm.com
1wfvmu.life
1wfvng.life
1wfvor.life
1wfvpj.life
1wfvpq.life
1wfvpv.life
1wfvqq.life
1wfvrs.com
1wfvtw.life
1wfvub.life
1wfvuc.life
1wfvvr.life
1wfvvx.life
1wfvwj.com
1wfvwu.life
1wfvww.life
1wfvyg.com
1wfvyj.com
1wfvyl.life
1wfvyw.life
1wfvyx.life
1wfvzh.life
1wfvzt.life
1wfwah.com
1wfwbx.life
1wfwcx.life
1wfweb.top
1wfwej.life
1wfweu.life
1wfwex.cc
1wfwfb.com
1wfwgq.life
1wfwjp.life
1wfwjz.com
1wfwkp.top
1wfwkx.life
1wfwky.top
1wfwlx.life
1wfwmf.life
1wfwmq.life
1wfwna.life
1wfwno.life
1wfwot.life
1wfwoz.life
1wfwpb.life
1wfwqf.life
1wfwri.com
1wfwsm.life
1wfwso.com
1wfwti.com
1wfwtn.life
1wfwtx.com
1wfwtz.life
1wfwun.life
1wfwvn.com
1wfwvt.life
1wfwwg.life
1wfwxc.life
1wfwye.life
1wfxah.life
1wfxbg.life
1wfxd.com
1wfxdz.win
1wfxfx.life
1wfxfy.life
1wfxgr.life
1wfxhg.life
1wfxhq.life
1wfxio.top
1wfxjf.life
1wfxkm.life
1wfxkw.xyz
1wfxlk.life
1wfxlw.life
1wfxmg.life
1wfxmn.life
1wfxpe.life
1wfxs.com
1wfxuk.life
1wfxux.life
1wfxvj.top
1wfxvs.com
1wfxx.com
1wfxxs.life
1wfxyq.life
1wfxza.life
1wfxzs.life
1wfybk.life
1wfyef.life
1wfyel.life
1wfyex.life
1wfyff.life
1wfyfi.life
1wfygd.life
1wfygf.win
1wfyhs.life
1wfyin.life
1wfyio.life
1wfykc.life
1wfyla.life
1wfym.com
1wfynu.life
1wfyo.com
1wfyok.com
1wfypl.life
1wfypm.life
1wfypx.life
1wfyqp.life
1wfyti.life
1wfyty.com
1wfyuj.life
1wfywh.life
1wfywo.life
1wfyww.life
1wfyxa.life
1wfyxv.life
1wfyxy.life
1wfzab.life
1wfzbg.life
1wfzbl.life
1wfzc.com
1wfzed.life
1wfzfxt.life
1wfzgg.life
1wfzgn.life
1wfzgp.life
1wfzhd.com
1wfzhz.life
1wfzj.com
1wfzjo.com
1wfzjr.life
1wfzju.life
1wfzjy.com
1wfzkg.com
1wfzkh.life
1wfzls.life
1wfzoo.life
1wfzox.life
1wfzoz.life
1wfzpj.life
1wfzpy.life
1wfzq.com
1wfzr.com
1wfzro.life
1wfzrt.com
1wfzsm.life
1wfzsn.life
1wfzss.life
1wfztr.life
1wfzuc.life
1wfzue.life
1wfzuz.life
1wfzv.com
1wfzvk.life
1wfzvz.life
1wfzws.life
1wfzxe.life
1wfzzf.com
1wfzzu.com
1wgaae.life
1wgab.com
1wgabf.life
1wgabs.life
1wgabt.life
1wgabx.life
1wgacu.life
1wgad.com
1wgadt.life
1wgaer.life
1wgaga.life
1wgagp.top
1wgaho.life
1wgahx.life
1wgaif.life
1wgajd.life
1wgamn.com
1wgamw.com
1wgana.life
1wganz.com
1wgar.com
1wgarg.com
1wgasa.life
1wgatn.life
1wgatq.com
1wgatq.life
1wgatx.life
1wgaxp.com
1wgay.com
1wgayj.life
1wgbaj.life
1wgbbb.com
1wgbbe.win
1wgbbq.life
1wgbcd.life
1wgbcq.life
1wgbea.life
1wgbf.com
1wgbfr.life
1wgbik.com
1wgblt.top
1wgbmp.com
1wgbmt.life
1wgbob.life
1wgbod.life
1wgbp.top
1wgbqi.life
1wgbs.com
1wgbt.com
1wgbtm.life
1wgbtq.life
1wgbtr.com
1wgbtw.top
1wgbtz.com
1wgbus.life
1wgbwm.life
1wgbxd.life
1wgbxt.com
1wgbyk.life
1wgcak.life
1wgcbo.life
1wgccn.life
1wgceb.life
1wgcek.life
1wgcen.life
1wgcfc.life
1wgcfh.life
1wgcfo.life
1wgcft.life
1wgcgd.life
1wgcgv.life
1wgchb.life
1wgchv.com
1wgchy.life
1wgchy.xyz
1wgci.com
1wgcjz.com
1wgclm.life
1wgcmo.life
1wgcof.life
1wgcor.life
1wgcoz.life
1wgcpo.com
1wgcps.com
1wgcq.com
1wgcqv.com
1wgcqy.life
1wgcqz.life
1wgcsd.life
1wgcto.life
1wgctt.life
1wgcui.life
1wgcuq.life
1wgcvx.life
1wgcwi.life
1wgcwj.life
1wgcxn.life
1wgczk.life
1wgczn.life
1wgda.com
1wgdar.life
1wgdbh.life
1wgdcc.life
1wgdcp.life
1wgddu.life
1wgde.com
1wgdej.life
1wgdgg.life
1wgdgj.life
1wgdgz.life
1wgdit.life
1wgdjy.life
1wgdk.com
1wgdmm.life
1wgdmy.life
1wgdnm.com
1wgdoa.life
1wgdqw.com
1wgdra.life
1wgdtm.life
1wgduh.life
1wgdvj.life
1wgdw.top
1wgdwh.life
1wgdwk.life
1wgdwp.life
1wgdzm.life
1wgeaa.life
1wgeap.life
1wgeck.com
1wgeck.life
1wgecm.life
1wgedg.life
1wgedh.com
1wgedq.com
1wgedx.life
1wgeee.com
1wgefr.life
1wgeft.life
1wgefu.life
1wgefw.life
1wgefz.com
1wgegw.life
1wgehn.com
1wgeho.life
1wgei.com
1wgeis.com
1wgejj.life
1wgemf.life
1wgemi.life
1wgemm.com
1wgenty.life
1wgenv.life
1wgeow.life
1wgeow.top
1wgepq.life
1wgepy.life
1wgeqa.com
1wgerd.life
1wgerw.life
1wgesf.life
1wgesk.life
1wgeug.life
1wgevv.life
1wgewc.life
1wgewd.com
1wgews.life
1wgexk.life
1wgey.top
1wgeye.top
1wgeyg.life
1wgeyw.life
1wgfah.com
1wgfav.com
1wgfbf.life
1wgfbo.life
1wgfbp.life
1wgfdu.life
1wgfdv.life
1wgfek.life
1wgfey.life
1wgfgk.life
1wgfgl.top
1wgfh.com
1wgfhb.life
1wgfht.com
1wgfif.life
1wgfiu.life
1wgfjf.com
1wgfjs.com
1wgflo.life
1wgfmd.life
1wgfo.com
1wgfor.com
1wgfps.life
1wgfsc.life
1wgfsj.life
1wgfss.life
1wgfsv.life
1wgfts.life
1wgfvm.life
1wgfw.com
1wgfwc.win
1wgfx.com
1wgfxx.life
1wgfz.com
1wgfzz.life
1wggbx.top
1wggcj.com
1wggdf.com
1wggdl.life
1wggdu.com
1wggg.pro
1wggh.com
1wgghk.com
1wggjp.life
1wggkb.life
1wggkh.com
1wggkv.life
1wggl.com
1wgglf.life
1wgglt.life
1wggnd.life
1wggng.life
1wggnl.life
1wggnw.life
1wggoo.life
1wggpj.life
1wggpn.life
1wggps.life
1wggr.com
1wggru.life
1wggrz.com
1wggrz.life
1wggtg.life
1wggtx.com
1wgguj.life
1wggwd.xyz
1wggwo.life
1wggxn.life
1wggyn.life
1wggzk.life
1wghat.life
1wghaw.com
1wghct.life
1wghcx.top
1wghdy.life
1wghe.com
1wghiq.life
1wghjw.com
1wghknb.life
1wghkr.life
1wghlk.com
1wghlr.life
1wghms.life
1wghph.life
1wghqi.life
1wghqj.life
1wghqo.life
1wghrq.life
1wghto.com
1wghtu.life
1wghtw.life
1wghwd.life
1wghwe.life
1wghxk.life
1wghzw.com
1wgiaf.com
1wgibw.com
1wgicm.life
1wgif.com
1wgifu.life
1wgigl.com
1wgihc.com
1wgihg.com
1wgiib.com
1wgikh.life
1wgiku.life
1wgimk.life
1wgipm.life
1wgipo.life
1wgir.com
1wgiue.top
1wgiug.life
1wgivu.com
1wgivu.life
1wgiyg.life
1wgizp.life
1wgjam.com
1wgjca.com
1wgjcn.life
1wgjdb.life
1wgjdq.life
1wgjds.life
1wgjdz.life
1wgjec.life
1wgjeg.life
1wgjez.life
1wgjhy.life
1wgjis.life
1wgjjd.life
1wgjkk.com
1wgjkk.life
1wgjl.com
1wgjlc.life
1wgjlx.life
1wgjo.com
1wgjob.life
1wgjof.life
1wgjol.life
1wgjon.life
1wgjqj.com
1wgjqn.life
1wgjrc.life
1wgjrn.life
1wgjuko.life
1wgjvi.life
1wgjww.life
1wgjxd.life
1wgjxl.life
1wgjxu.life
1wgjyv.life
1wgkaw.life
1wgkc.com
1wgkdy.com
1wgkez.life
1wgkgz.life
1wgkjd.life
1wgkjj.top
1wgkkz.life
1wgkli.life
1wgklk.life
1wgkmc.life
1wgkmh.life
1wgkmx.life
1wgkok.life
1wgkpo.life
1wgkpt.com
1wgkqj.win
1wgks.me
1wgksv.com
1wgksw.com
1wgktp.com
1wgkuo.life
1wgkvg.life
1wgkwk.life
1wgkwr.life
1wgkyp.life
1wgkzs.life
1wglbd.life
1wglbq.life
1wglce.life
1wglci.top
1wglcj.top
1wglcw.life
1wgleia.life
1wglfo.life
1wglgn.com
1wglgo.life
1wglhi.life
1wglhm.life
1wglkr.life
1wglm.com
1wglml.com
1wglmx.life
1wglnd.life
1wglni.life
1wglnp.life
1wglnr.life
1wglor.life
1wglqs.life
1wglrl.life
1wglsf.life
1wgltbl.life
1wgltj.top
1wgltw.life
1wglup.life
1wglvk.top
1wglvz.win
1wglws.life
1wglww.life
1wglxb.top
1wglxm.life
1wglyh.life
1wglyy.com
1wglzd.life
1wglze.life
1wgmac.com
1wgmbb.life
1wgmbh.life
1wgmcf.life
1wgmcv.life
1wgmdh.life
1wgmer.life
1wgmez.life
1wgmfb.com
1wgmgi.com
1wgmhn.life
1wgmih.life
1wgmii.life
1wgmiv.life
1wgmjy.life
1wgmkr.life
1wgmks.life
1wgmkw.life
1wgmmk.life
1wgmmn.life
1wgmnn.life
1wgmob.life
1wgmop.life
1wgmpn.life
1wgmpw.life
1wgmqs.life
1wgmrh.com
1wgmrn.cc
1wgmsb.com
1wgmsm.life
1wgmso.life
1wgmsp.life
1wgmsx.life
1wgmxm.life
1wgmxx.life
1wgmxz.life
1wgmy.com
1wgmzv.life
1wgmzz.life
1wgnar.life
1wgnca.life
1wgnce.life
1wgnct.life
1wgncx.life
1wgncz.life
1wgngt.life
1wgngy.life
1wgnh.com
1wgnhu.life
1wgnhy.life
1wgniz.life
1wgnjp.life
1wgnjw.life
1wgnkk.life
1wgnkq.life
1wgnld.life
1wgnlg.life
1wgnlx.life
1wgnm.com
1wgnob.life
1wgnoz.life
1wgnqe.life
1wgnsd.life
1wgntd.life
1wgntj.life
1wgntx.life
1wgnuq.life
1wgnuw.life
1wgnvl.com
1wgnwr.com
1wgnxh.life
1wgnxn.life
1wgoan.life
1wgoaw.life
1wgoaz.life
1wgobv.life
1wgoc.com
1wgocy.life
1wgodu.life
1wgoee.life
1wgoeq.life
1wgofe.com
1wgofn.com
1wgogv.life
1wgoha.life
1wgoir.life
1wgoje.com
1wgojm.life
1wgojw.com
1wgok.com
1wgokn.com
1wgoktb.life
1wgolr.life
1wgoly.life
1wgom.com
1wgonk.com
1wgoo.com
1wgopl.com
1wgork.com
1wgorm.com
1wgorz.life
1wgos.pro
1wgote.life
1wgotp.life
1wgouk.life
1wgouv.life
1wgovg.life
1wgowd.life
1wgowp.top
1wgowr.life
1wgowx.win
1wgoxz.life
1wgoy.com
1wgoyb.life
1wgoyo.life
1wgoyp.life
1wgoyz.life
1wgozu.com
1wgozw.life
1wgozz.life
1wgpao.life
1wgpap.com
1wgpaq.life
1wgpct.com
1wgpcv.life
1wgpdo.life
1wgped.com
1wgper.life
1wgpf.com
1wgpgg.life
1wgphi.life
1wgpig.life
1wgpjk.life
1wgpmy.life
1wgpnj.life
1wgpnx.com
1wgpoz.life
1wgpsc.life
1wgpui.life
1wgpur.life
1wgpux.life
1wgpwik.life
1wgpx.com
1wgpxw.life
1wgpyo.life
1wgpz.com
1wgpzr.life
1wgqaf.life
1wgqbc.life
1wgqbg.life
1wgqbh.life
1wgqbi.life
1wgqcg.life
1wgqdi.com
1wgqdp.life
1wgqgk.com
1wgqhk.com
1wgqhv.life
1wgqiq.life
1wgqnz.life
1wgqok.life
1wgqph.com
1wgqpv.life
1wgqqp.com
1wgqrf.life
1wgqrv.life
1wgqtg.life
1wgqts.life
1wgqtw.life
1wgqty.life
1wgqwb.life
1wgqxq.life
1wgqyg.life
1wgqyj.life
1wgqyv.top
1wgqzr.com
1wgrao.com
1wgrau.life
1wgrbg.life
1wgrcv.life
1wgrdr.life
1wgrds.life
1wgred.com
1wgrff.life
1wgrfw.life
1wgrfy.life
1wgrhs.life
1wgris.com
1wgrjt.life
1wgrkc.life
1wgrlp.life
1wgrlq.life
1wgrmm.life
1wgrmo.life
1wgrmp.life
1wgrpv.life
1wgrrf.live
1wgrrs.life
1wgrtk.top
1wgrtn.top
1wgruf.life
1wgrws.life
1wgrxd.life
1wgrxq.life
1wgryq.life
1wgsad.win
1wgsal.life
1wgsbr.life
1wgsccx.life
1wgsdx.win
1wgsfn.win
1wgsfw.life
1wgsgb.life
1wgsgh.life
1wgsiw.life
1wgsjr.life
1wgske.life
1wgsko.win
1wgsl.com
1wgsnf.life
1wgsnn.life
1wgsnw.com
1wgsob.life
1wgsqq.com
1wgsrc.life
1wgsrj.win
1wgsrw.life
1wgssj.life
1wgssl.life
1wgssx.life
1wgste.com
1wgsuj.life
1wgsva.life
1wgsvc.com
1wgswi.life
1wgswm.com
1wgswp.life
1wgsxe.life
1wgsxk.life
1wgsxw.life
1wgta.com
1wgtbc.life
1wgtbp.life
1wgtbr.life
1wgtce.com
1wgtcy.life
1wgted.life
1wgtev.life
1wgtfi.com
1wgtic.life
1wgtjf.life
1wgtla.life
1wgtlk.life
1wgtn.com
1wgtnh.life
1wgtnk.life
1wgtpm.life
1wgtqa.life
1wgtqn.life
1wgtrt.life
1wgtrz.life
1wgtsh.life
1wgtsi.com
1wgtun.life
1wgtvd.life
1wgtwm.life
1wgtws.top
1wgtym.life
1wgtyy.life
1wguaf.life
1wguaz.life
1wgubi.life
1wgubq.life
1wguce.com
1wgucs.life
1wgued.life
1wgufn.win
1wgugv.life
1wguhr.life
1wgujd.life
1wgulr.life
1wgupa.life
1wgupf.life
1wgupn.life
1wgupq.life
1wguqc.life
1wgurf.life
1wgusz.life
1wgutb.life
1wgutr.life
1wguum.life
1wguvs.life
1wguwr.life
1wguxi.com
1wguxq.win
1wgvcz.com
1wgvdf.com
1wgvdp.com
1wgvdq.life
1wgvdr.life
1wgvfg.life
1wgvka.life
1wgvkg.life
1wgvnp.life
1wgvom.life
1wgvsk.life
1wgvsu.life
1wgvti.life
1wgvtm.life
1wgvty.life
1wgvui.life
1wgvuj.life
1wgvux.life
1wgvvr.life
1wgvwa.life
1wgvyq.com
1wgvzj.life
1wgvzn.life
1wgvzx.life
1wgwab.life
1wgwaf.life
1wgwar.life
1wgwb.com
1wgwde.top
1wgwg.com
1wgwh.com
1wgwig.top
1wgwj.com
1wgwjt.life
1wgwkl.life
1wgwlm.com
1wgwqa.life
1wgwql.com
1wgwr.com
1wgwsb.top
1wgwt.com
1wgwut.life
1wgwv.com
1wgwwc.win
1wgwyw.life
1wgwzl.life
1wgxal.life
1wgxbe.life
1wgxfc.life
1wgxfn.win
1wgxg.com
1wgxgz.life
1wgxhi.life
1wgxhq.life
1wgxkj.life
1wgxkt.top
1wgxlu.com
1wgxmh.com
1wgxnf.life
1wgxoi.com
1wgxqh.life
1wgxql.com
1wgxqw.top
1wgxqx.com
1wgxrq.life
1wgxss.life
1wgxwv.life
1wgxyo.life
1wgxzk.life
1wgyap.life
1wgybb.life
1wgych.com
1wgydn.life
1wgyem.life
1wgygb.life
1wgygh.life
1wgyhm.com
1wgyhn.life
1wgylo.life
1wgymf.life
1wgynb.life
1wgypq.top
1wgypy.life
1wgyqg.com
1wgyqh.life
1wgyqo.life
1wgyrj.life
1wgyrk.life
1wgyrs.com
1wgyrt.com
1wgysk.life
1wgytd.life
1wgyup.life
1wgyvt.life
1wgyyn.life
1wgyys.top
1wgyyu.life
1wgyzg.life
1wgzau.life
1wgzdb.top
1wgzdo.life
1wgzdx.life
1wgzfc.life
1wgzfd.life
1wgzff.life
1wgzgg.com
1wgzgn.life
1wgzia.life
1wgzic.com
1wgzkx.life
1wgzly.com
1wgzly.life
1wgzmb.com
1wgzmg.life
1wgzmq.life
1wgzmw.life
1wgznh.life
1wgzoi.com
1wgzor.life
1wgzp.com
1wgzqu.life
1wgzrf.life
1wgzrl.com
1wgzrz.life
1wgzuc.life
1wgzuw.life
1wgzwt.life
1wgzyv.com
1whaaa.life
1whaal.life
1whaap.com
1whaau.life
1whaav.com
1whaaw.life
1whabe.life
1whabx.life
1whac.com
1whaceg.life
1whack.life
1whacs.life
1whadt.life
1whaeh.com
1whafw.life
1whagb.life
1whagf.life
1whagp.life
1whahq.life
1whaia.life
1whaiv.life
1whak.com
1whakc.life
1whakv.life
1whant.win
1whasb.life
1whasj.life
1whatq.life
1whaul.life
1whavn.life
1whavs.life
1whawo.life
1whawp.win
1whayp.life
1whazb.com
1whazf.life
1whazz.com
1whbaj.life
1whbbr.com
1whbcf.life
1whbcj.life
1whbcy.life
1whbdb.life
1whbdm.life
1whbek.top
1whben.life
1whbfl.com
1whbgp.life
1whbha.life
1whbhq.com
1whbhw.life
1whbjv.com
1whbkq.life
1whbl.com
1whblq.com
1whblz.life
1whbno.life
1whbpa.life
1whbpb.life
1whbpj.life
1whbr.com
1whbrvc.life
1whbsk.life
1whbsu.life
1whbsx.com
1whbtz.life
1whbvn.life
1whbvv.life
1whbwa.life
1whbwf.life
1whby.com
1whbzr.life
1whcab.life
1whcao.life
1whcap.life
1whcat.com
1whcbn.top
1whcbu.life
1whccd.life
1whcci.life
1whced.life
1whcek.win
1whcfa.life
1whchk.com
1whcia.life
1whcii.life
1whciu.life
1whcjy.life
1whcke.life
1whckl.life
1whcld.life
1whclv.life
1whcmz.com
1whcnn.life
1whcoq.life
1whcor.life
1whcox.life
1whcpm.life
1whcrj.life
1whcsd.life
1whcto.life
1whcuc.life
1whcuj.life
1whcvr.com
1whcvt.life
1whcwo.com
1whcxb.life
1whcyf.com
1whcyg.com
1whdaz.com
1whdb.com
1whdc.com
1whdem.life
1whdes.life
1whdfj.life
1whdhq.life
1whdig.life
1whdiz.life
1whdnb.life
1whdoq.life
1whdpn.life
1whdrf.life
1whdrx.life
1whds.com
1whdsd.life
1whdst.life
1whdsx.life
1whdtt.com
1whdtz.life
1whdv.com
1whdvn.life
1whdwl.com
1whdwr.com
1whdwt.life
1whdxl.life
1whdxo.life
1whdyf.life
1whdyv.life
1whdyzq.life
1whdzi.life
1whdzl.life
1whdzs.life
1wheaj.life
1whecs.life
1whect.life
1whecx.life
1wheea.life
1whef.com
1whegt.life
1wheha.life
1wheip.life
1whekr.com
1whelc.life
1whele.life
1whelf.com
1whelx.life
1whenf.com
1whepe.life
1whepj.life
1wheqx.com
1wherl.life
1wherr.life
1whesb.life
1whesm.life
1whesq.life
1wheta.com
1whetk.life
1wheup.life
1wheux.life
1whev.com
1whevw.life
1whevx.life
1whew.com
1whewc.life
1whewg.life
1whewm.life
1whexj.life
1wheyy.life
1whezo.life
1whfai.life
1whfbb.life
1whfbp.life
1whfbq.life
1whfcd.life
1whfch.life
1whfdi.life
1whfel.life
1whfer.life
1whffe.life
1whffu.life
1whfhc.life
1whfhr.life
1whfil.com
1whfix.life
1whfja.life
1whfjg.life
1whfmp.life
1whfoy.com
1whfqd.com
1whfqk.life
1whfqr.top
1whfra.life
1whfrd.com
1whfsn.life
1whfsq.life
1whftp.com
1whfur.life
1whfus.life
1whfvz.life
1whfwa.life
1whfwl.life
1whfxh.life
1whfxl.life
1whfxy.life
1whfz.top
1whfzc.life
1whgbh.com
1whgbi.com
1whgcp.com
1whgdj.life
1whggb.life
1whggg.life
1whghg.top
1whgip.life
1whgjj.life
1whgmd.life
1whgob.life
1whgog.life
1whgom.com
1whgpk.life
1whgrf.life
1whgsj.life
1whgtt.life
1whgtu.com
1whguz.life
1whgvr.life
1whgw.com
1whgx.com
1whgyc.life
1whgym.com
1whgyw.life
1whgzq.top
1whhbr.life
1whhdm.life
1whhdv.life
1whhgr.life
1whhhr.life
1whhid.com
1whhih.life
1whhja.life
1whhjd.life
1whhjp.life
1whhmx.top
1whhnq.life
1whhnz.life
1whhpl.com
1whhqb.life
1whhra.life
1whhsk.life
1whhti.life
1whhto.life
1whhu.com
1whhur.life
1whhwh.life
1whhzn.life
1whhzv.life
1whial.life
1whibx.life
1whiee.life
1whifc.life
1whigh.com
1whihw.life
1whiij.win
1whikh.com
1whilp.life
1whimt.com
1whina.life
1whinh.win
1whioe.top
1whior.life
1whiqj.com
1whir.com
1whirc.top
1whirh.com
1whirp.top
1whirtw.life
1whis.pro
1whisc.life
1whisi.life
1whivk.life
1whiwc.life
1whiwi.life
1whixd.com
1whixf.life
1whiys.life
1whizj.life
1whjac.top
1whjap.win
1whjau.top
1whjbg.life
1whjbv.life
1whjck.com
1whjck.life
1whjcl.life
1whjd.com
1whjdf.com
1whjev.life
1whjfc.life
1whjfn.life
1whjg.com
1whjid.top
1whjjq.life
1whjjx.win
1whjkr.life
1whjof.life
1whjpd.com
1whjpd.life
1whjpp.life
1whjqk.life
1whjrk.win
1whjro.life
1whjt.com
1whjtt.life
1whjuy.life
1whjwa.life
1whjxj.life
1whjxt.com
1whjyb.top
1whjyh.life
1whjzn.life
1whkcl.life
1whkdj.win
1whkdk.life
1whkdq.top
1whkdx.life
1whkel.com
1whkfkt.life
1whkfx.life
1whkgo.top
1whkgq.life
1whkgx.life
1whkih.com
1whkio.com
1whkjl.life
1whkjm.com
1whkki.life
1whkkl.com
1whkkr.win
1whkmo.life
1whkni.life
1whknt.life
1whknx.life
1whkog.life
1whkq.com
1whkqm.life
1whkqo.com
1whkti.life
1whktm.life
1whktp.com
1whkwf.life
1whkwz.life
1whkxk.life
1whkxs.win
1whkyl.life
1whkzq.com
1whlag.life
1whlbj.life
1whlbz.life
1whld.com
1whldb.com
1whleq.win
1whlfn.life
1whlfz.life
1whlga.life
1whlge.life
1whlhs.life
1whlii.life
1whljr.life
1whlku.top
1whlls.top
1whlox.life
1whlpu.life
1whlqb.life
1whlrl.life
1whlrz.top
1whlsi.life
1whlso.life
1whlsp.life
1whlss.life
1whltq.life
1whlu.com
1whluc.com
1whlwg.life
1whlyd.life
1whmag.life
1whmaj.life
1whmbg.win
1whmdn.life
1whmdt.life
1whmel.top
1whmgl.life
1whmhe.top
1whmju.life
1whmjx.life
1whmkl.life
1whmla.life
1whmld.life
1whmle.life
1whmlr.life
1whmly.life
1whmna.life
1whmnb.life
1whmoc.life
1whmon.life
1whmpd.life
1whmph.life
1whmpr.win
1whmpy.com
1whmqr.life
1whmrh.life
1whmrl.life
1whmrp.com
1whmsk.top
1whmte.com
1whmuc.life
1whmux.life
1whmvi.com
1whmwr.life
1whmwu.top
1whmxw.life
1whmyu.life
1whmzy.life
1whnb.com
1whnc.com
1whnci.com
1whndc.life
1whnep.life
1whngd.life
1whniv.com
1whnk.com
1whnlp.life
1whnol.life
1whnoz.life
1whnpx.life
1whnqm.life
1whnrk.top
1whnrx.win
1whnsd.com
1whnsg.top
1whnst.life
1whntk.life
1whntu.life
1whnva.com
1whnwa.life
1whnwck.life
1whnwk.life
1whnwy.life
1whnxe.top
1whnxq.life
1whny.top
1whnyi.life
1whnyr.life
1whnzb.life
1whoahk.life
1whoas.life
1whoaz.win
1whobh.life
1whobi.life
1whobo.com
1whoca.life
1whocq.life
1whodn.life
1whodp.life
1whodq.life
1whoew.life
1whojg.life
1whojn.com
1whojp.com
1whojs.life
1whoju.life
1whok.com
1whokq.life
1wholl.life
1wholz.life
1whomm.life
1whonk.life
1whonr.life
1whony.com
1whoqi.life
1whoqr.com
1whosy.life
1whotf.life
1whotl.life
1whotu.life
1whoup.life
1whovv.com
1whovw.life
1whovx.com
1whowj.life
1whoyd.life
1whoyq.life
1whoyw.life
1whpao.life
1whpc.com
1whpcy.life
1whpdi.life
1whpdo.top
1whped.com
1whper.com
1whpgb.com
1whpgj.life
1whpgp.life
1whphl.com
1whpie.com
1whpkv.com
1whpmd.life
1whpmg.life
1whppc.life
1whppn.life
1whppw.com
1whpqp.com
1whpqt.life
1whpqw.life
1whprb.life
1whprx.life
1whpsk.life
1whpta.life
1whpum.life
1whpvj.life
1whpvp.life
1whpvw.com
1whpwo.life
1whpxo.life
1whpxx.com
1whpxz.life
1whpxzjp.life
1whpyo.com
1whpyz.life
1whqaa.life
1whqbp.com
1whqcv.com
1whqcx.com
1whqdi.life
1whqgg.com
1whqgn.life
1whqib.life
1whqju.life
1whqlf.life
1whqmv.life
1whqnf.life
1whqnk.life
1whqpb.life
1whqpo.com
1whqql.life
1whqru.win
1whqrw.life
1whqry.life
1whqsc.life
1whqtd.life
1whqto.life
1whqud.life
1whquh.life
1whqv.com
1whqwt.win
1whqyx.life
1whraf.life
1whrbi.life
1whrbz.life
1whrct.life
1whrdj.life
1whref.life
1whrgv.top
1whrhj.life
1whrjf.life
1whrjh.life
1whrjl.life
1whrk.com
1whrkd.life
1whrle.top
1whrlh.life
1whrmy.life
1whrnl.life
1whros.life
1whrpf.life
1whrpz.life
1whrqt.life
1whrrd.life
1whrrh.com
1whrrn.win
1whrry.life
1whrs.com
1whrsz.life
1whrvc.life
1whrwh.life
1whrwj.life
1whrwq.life
1whrx.com
1whryik.life
1whrzf.com
1whrzw.life
1whsbj.life
1whsce.life
1whscm.life
1whsct.life
1whsdd.life
1whseu.life
1whsex.life
1whsfs.life
1whsgl.life
1whsgw.life
1whshg.life
1whsih.win
1whsiw.top
1whsjr.life
1whsjx.top
1whski.life
1whsle.life
1whslm.com
1whslp.life
1whsmj.com
1whsmo.life
1whsos.life
1whsoz.life
1whsqc.top
1whsqw.com
1whsqz.life
1whssu.life
1whstz.life
1whsun.life
1whsvn.life
1whswv.life
1whsxx.com
1whsz.com
1whtaj.life
1whtaw.life
1whtdf.life
1whtdr.life
1whtdw.life
1whte.com
1whtev.com
1whtey.com
1whtfp.life
1whthu.life
1whti.com
1whtif.life
1whtil.com
1whtiq.life
1whtky.com
1whtmh.com
1whtmm.life
1whtnj.life
1whtnm.life
1whtpd.life
1whtqa.life
1whtqs.win
1whtre.life
1whtrg.life
1whtrj.life
1whtrn.life
1whtrr.life
1whtsq.com
1whtvf.life
1whtyr.life
1whtyv.life
1whtzg.life
1whuap.top
1whuaq.life
1whubi.life
1whucd.life
1whudd.life
1whudn.com
1whugk.life
1whujj.life
1whumt.life
1whuoj.life
1whuou.life
1whupt.life
1whuqz.life
1whusg.life
1whusm.life
1whutm.life
1whuv.com
1whuvf.life
1whuvp.com
1whuxs.life
1whuyt.life
1whuz.com
1whva.com
1whvac.life
1whvag.life
1whvau.life
1whvbv.top
1whvcj.life
1whvd.com
1whvei.com
1whvff.com
1whvgy.life
1whvhw.life
1whvkr.life
1whvmx.life
1whvnp.top
1whvqh.life
1whvrt.com
1whvrv.life
1whvsi.life
1whvsm.life
1whvte.life
1whvu.com
1whvuh.life
1whvw.com
1whvwo.life
1whvxi.life
1whvyr.life
1whwaz.life
1whwbe.life
1whwbq.life
1whwco.life
1whwct.life
1whwcw.life
1whwdo.com
1whwgy.life
1whwhz.life
1whwi.com
1whwic.com
1whwja.life
1whwjp.life
1whwjv.com
1whwkj.top
1whwkr.life
1whwlo.life
1whwmt.com
1whwnh.life
1whwoa.com
1whwop.life
1whwpg.life
1whwqr.com
1whwqv.life
1whwrq.life
1whwrr.life
1whwsh.life
1whwsn.life
1whwst.life
1whwta.top
1whwvv.life
1whwvz.life
1whwwc.life
1whwwj.win
1whwzf.life
1whxaw.life
1whxay.com
1whxbk.life
1whxcl.life
1whxdx.life
1whxee.top
1whxeu.life
1whxfl.life
1whxfy.life
1whxgj.life
1whxhc.life
1whxhy.life
1whxi.com
1whxip.life
1whxjk.life
1whxk.com
1whxko.life
1whxlr.com
1whxob.com
1whxpd.life
1whxpo.com
1whxpo.life
1whxr.com
1whxrf.com
1whxsm.life
1whxud.life
1whxuo.com
1whxv.com
1whxwh.life
1whxwj.life
1whxww.life
1whxxi.life
1whxyc.life
1whxyf.life
1whxyn.life
1whxze.life
1whycm.life
1whydx.com
1whydy.life
1whyet.life
1whyg.com
1whyga.life
1whygj.life
1whyhm.life
1whyig.com
1whyij.life
1whyjf.life
1whyjr.life
1whyjt.life
1whykb.life
1whyki.life
1whyko.com
1whymd.life
1whyol.life
1whyoy.life
1whypm.com
1whyqa.life
1whyqo.com
1whyr.com
1whyrb.com
1whytp.com
1whyur.life
1whyvt.top
1whywk.life
1whyxa.life
1whyxt.life
1whyyo.life
1whyz.com
1whzb.com
1whzbi.life
1whzcc.life
1whzda.life
1whzem.com
1whzev.life
1whzia.life
1whzjh.life
1whzko.com
1whzld.life
1whzlz.life
1whzmp.life
1whznb.life
1whznq.com
1whzoe.life
1whzog.win
1whzou.life
1whzowd.life
1whzp.com
1whzqb.life
1whzrk.life
1whzsh.life
1whzsr.life
1whzta.life
1whzto.life
1whzucx.life
1whzud.life
1whzwa.life
1whzwn.life
1whzwq.life
1whzws.com
1whzya.life
1whzyb.com
1whzzi.com
1whzzy.life
1wiaag.top
1wiaah.life
1wiab.top
1wiaed.com
1wiafj.life
1wiafo.top
1wiafz.life
1wiaga.life
1wiagm.life
1wiahv.life
1wiakp.top
1wialt.life
1wiame.top
1wiamy.life
1wiao.com
1wiaob.life
1wiapc.win
1wiapj.com
1wiapq.life
1wiapu.life
1wiarf.top
1wiarn.life
1wiarw.life
1wiavo.life
1wiaw.top
1wiawb.com
1wiaxy.xyz
1wiay.top
1wiayo.win
1wiayt.life
1wiazk.life
1wiazv.com
1wibaw.life
1wibcq.life
1wibdo.win
1wibdt.life
1wibeg.life
1wiber.life
1wibf.xyz
1wibfb.life
1wibgd.life
1wibgh.life
1wibhx.life
1wibi.com
1wibis.life
1wibiz.life
1wibjp.life
1wiblp.life
1wibmb.life
1wibmh.top
1wibml.com
1wibmo.top
1wibmv.life
1wibn.com
1wibnc.life
1wibns.life
1wibog.com
1wiboq.life
1wiboy.life
1wibps.life
1wibqh.life
1wibqm.life
1wibqo.life
1wibso.life
1wibsp.life
1wibss.life
1wibtl.life
1wibtz.life
1wibuw.life
1wibvb.life
1wibwa.com
1wibwf.top
1wibwg.com
1wibwg.life
1wibxq.life
1wibyb.com
1wibye.life
1wibyq.life
1wibyw.life
1wibzg.com
1wibzg.life
1wibzp.life
1wibzw.life
1wicau.life
1wicaw.life
1wicd.com
1wicdk.life
1wicen.life
1wicepy.life
1wiceq.life
1wicf.com
1wicgh.life
1wich.com
1wichd.life
1wichv.life
1wicjc.top
1wicjm.life
1wicjv.life
1wicjz.life
1wickb.life
1wicll.life
1wicml.life
1wicmo.life
1wicnc.life
1wicns.life
1wicpm.life
1wicpy.life
1wicqd.life
1wicqp.cc
1wicrf.life
1wicrp.life
1wicsq.com
1wicst.life
1wicth.life
1wicts.life
1wicug.life
1wicv.com
1wicvh.life
1wicwf.life
1wicwh.life
1wicwl.life
1wicws.life
1wicxe.life
1wiczl.life
1widbc.life
1widbm.com
1widbw.life
1widea.com
1widhf.life
1widhm.life
1widjq.life
1widmr.life
1widnl.com
1widnn.life
1widnp.life
1widnw.com
1widoh.top
1widot.life
1widov.life
1widpf.win
1widpl.life
1widqt.com
1widro.com
1widt.com
1widuj.life
1widum.life
1widvx.life
1widw.top
1widwa.top
1widxo.life
1widxr.com
1widyy.com
1widzc.life
1widzz.com
1wiear.com
1wieat.life
1wiebm.life
1wiecd.win
1wiecf.com
1wieec.top
1wiefv.life
1wiegp.life
1wiei.com
1wieia.life
1wieicv.life
1wieip.life
1wiejj.life
1wielj.life
1wieml.life
1wieqr.com
1wierk.life
1wiert.life
1wiesj.life
1wiess.life
1wietf.top
1wieuh.life
1wieuv.top
1wievz.com
1wiexb.life
1wieyf.life
1wieza.com
1wiezn.life
1wif.top
1wifag.life
1wifat.life
1wifcb.life
1wifdj.life
1wiffi.life
1wiffk.com
1wifhq.life
1wifhs.life
1wifj.com
1wifjn.life
1wifkh.life
1wifla.life
1wiflc.life
1wiflt.life
1wifmn.top
1wifmr.life
1wifnf.life
1wifro.life
1wifsj.life
1wifsp.life
1wifsq.life
1wifts.life
1wifur.life
1wifvh.top
1wifvn.life
1wifwx.life
1wifxf.life
1wifyc.life
1wifyz.life
1wifzq.life
1wifzy.life
1wigae.life
1wigam.life
1wigat.life
1wigbm.life
1wigbq.life
1wigcc.com
1wigcu.life
1wigde.life
1wigdt.life
1wigdu.com
1wigek.life
1wigeq.life
1wigev.life
1wiggl.com
1wighz.life
1wigic.win
1wigkf.life
1wiglk.life
1wiglp.com
1wigmc.life
1wigoy.com
1wigpa.win
1wigpy.top
1wigrl.life
1wigsa.life
1wigsk.top
1wigwt.life
1wigyn.life
1wigza.life
1wihal.life
1wihat.life
1wihbj.life
1wihcs.life
1wihda.life
1wihew.win
1wihga.life
1wihgx.com
1wihhg.life
1wihhp.life
1wihit.life
1wihjd.life
1wihjp.com
1wihkn.life
1wihlg.life
1wihmh.top
1wihmn.life
1wihmv.life
1wihmz.life
1wihna.life
1wihpn.life
1wihpv.life
1wihrm.com
1wihrq.life
1wihsi.win
1wihsj.life
1wihsr.life
1wihyn.life
1wihzc.life
1wiics.com
1wiid.com
1wiidf.life
1wiifr.life
1wiigj.win
1wiiha.life
1wiiiv.com
1wiij.com
1wiija.life
1wiinbonus.site
1wiink.life
1wiinl.com
1wiiqt.life
1wiirf.life
1wiirz.life
1wiisv.top
1wiitl.top
1wiixa.com
1wiiy.com
1wiiyl.life
1wijav.life
1wijcd.life
1wijcl.life
1wijdm.life
1wijfm.life
1wijhc.com
1wijhl.life
1wijir.com
1wijj.com
1wijkd.life
1wijnd.life
1wijpz.life
1wijqc.life
1wijql.life
1wijrr.life
1wijtm.life
1wijtp.life
1wijtt.life
1wijva.life
1wijvy.com
1wijws.life
1wijx.com
1wijxy.life
1wijzc.life
1wikbl.com
1wikcr.life
1wikdv.life
1wike.top
1wikef.com
1wikge.life
1wikhh.life
1wikhz.top
1wiki.top
1wikls.life
1wiklw.life
1wikmc.com
1wiknf.life
1wikno.life
1wikny.life
1wikp.top
1wikpgdl.life
1wikpi.life
1wikpu.life
1wikqo.life
1wikqq.life
1wikrh.life
1wiksm.life
1wikt.com
1wikta.life
1wiktx.life
1wikvs.com
1wikvy.life
1wikxr.life
1wila.top
1wilcm.com
1wild.top
1wildb.life
1wilep.com
1wilfh.life
1wilgt.life
1wilib.com
1wilib.life
1wilo.top
1wilog.com
1wilpm.life
1wilqf.life
1wilqx.com
1wilrh.com
1wilrz.top
1wiluj.top
1wilxs.life
1wilyi.life
1wilzq.life
1wimfo.com
1wimha.life
1wimkf.com
1wimks.life
1wimle.life
1wimlq.life
1wimlw.life
1wimnw.life
1wimo.com
1wimpi.com
1wimpz.life
1wimuj.life
1wimxb.com
1wimxo.top
1wimyo.life
1wimzh.life
1wimzt.life
1wimzy.life
1win-0b6kt.top
1win-0fficials-6.top
1win-0fficials-20.xyz
1win-0fficials-717.top
1win-0j34b.buzz
1win-0jayc.buzz
1win-0me6r.top
1win-00p9l.top
1win-0q5yp.buzz
1win-0rgtj.buzz
1win-0sxii.buzz
1win-0t7y.buzz
1win-0vexg.buzz
1win-0wf0z.top
1win-0wl1fe.top
1win-0wv8.buzz
1win-1.top
1win-1activar.cyou
1win-1activar.sbs
1win-1activar.xyz
1win-1agsi.buzz
1win-1android.sbs
1win-1apk.cfd
1win-1apk.sbs
1win-1apk.xyz
1win-1app.cfd
1win-1app.sbs
1win-1app.xyz
1win-1auf.top
1win-1aviator.cfd
1win-1aviator.sbs
1win-1aviator.xyz
1win-1bet.cfd
1win-1bet.sbs
1win-1bet.xyz
1win-1bonos.cfd
1win-1bonus.xyz
1win-1cash.cfd
1win-1cash.sbs
1win-1casino.cfd
1win-1casino.sbs
1win-1casino.xyz
1win-1chw5.top
1win-1code.click
1win-1cricket.cfd
1win-1deposit.click
1win-1deposit.sbs
1win-1eab.buzz
1win-1ew7v.top
1win-1f8uv.buzz
1win-1g5j4.top
1win-1ggc7.top
1win-1hc7l.buzz
1win-1hypy.buzz
1win-1in.top
1win-1ist.top
1win-1jrc.buzz
1win-1mxd7.buzz
1win-1nbq7.top
1win-1one1.top
1win-1qww9.buzz
1win-1t363.top
1win-1ttop.top
1win-1uzir.top
1win-1v5z3.buzz
1win-1vav5.buzz
1win-1vin.ru
1win-1vin.top
1win-1vin1.top
1win-1vin1.win
1win-1vin2.top
1win-1vinrus.ru
1win-1w1.top
1win-1w2.top
1win-1wii.top
1win-1win-1win.com
1win-1wn4.top
1win-1wn6.top
1win-1wnai.top
1win-1wni.top
1win-1wt.top
1win-1wt5.top
1win-1ww1.top
1win-1zxin.buzz
1win-1-win.com
1win-2.club
1win-2.net
1win-2.ru
1win-2.top
1win-2ajas.top
1win-2bnd4.buzz
1win-2bpm.top
1win-2cjyb.top
1win-2dth.buzz
1win-2e2ju.buzz
1win-2g7if.top
1win-2go.ru
1win-2go.top
1win-2gvw7.top
1win-2h270.top
1win-2hmw.buzz
1win-2lfa.top
1win-2ljy.buzz
1win-2mme.top
1win-2nduw.buzz
1win-2o6fb.top
1win-2o25.top
1win-2plrh.top
1win-2pne.buzz
1win-2rj2m.buzz
1win-2sol3.top
1win-2svp9.top
1win-2win.top
1win-2wy2.top
1win-3.ru
1win-3a7r.buzz
1win-3albr.buzz
1win-3e933.buzz
1win-3f084.buzz
1win-3jb3m.buzz
1win-3jsc8.buzz
1win-3llf9.top
1win-03sep.buzz
1win-03sep.online
1win-3sqjy.buzz
1win-3vhw.buzz
1win-3whdg.top
1win-4a3d2.buzz
1win-4av2g.top
1win-4czdd.buzz
1win-4edl.buzz
1win-4g80z.top
1win-4hz80.top
1win-4jwtk.buzz
1win-4pjqb.buzz
1win-4qcqc.buzz
1win-4urgf.buzz
1win-04vk.top
1win-5ab8.buzz
1win-5bm3.buzz
1win-5bsae.top
1win-5d9g.lol
1win-5g6yu.buzz
1win-5i49v.top
1win-5jag.lol
1win-5kdo6.buzz
1win-5l4sb.buzz
1win-5n0zg.buzz
1win-5oj8d.top
1win-5r9kd.buzz
1win-5ri6.buzz
1win-5um1g.buzz
1win-5vgcj.top
1win-5vlp.buzz
1win-5xrk0.top
1win-6b1c.buzz
1win-6b29.buzz
1win-6b93.buzz
1win-6bbs4.top
1win-6bhcz.top
1win-6bk9y.buzz
1win-6br5y.top
1win-6d9uo.buzz
1win-6dw94.buzz
1win-6dzy6.top
1win-6gg2u.top
1win-6hkqm.top
1win-6hlnh.top
1win-6ii4l.buzz
1win-6ioyf.buzz
1win-06k1.buzz
1win-6mc.top
1win-6ms0.top
1win-6oa94.buzz
1win-6p0ga.buzz
1win-6ym5q.buzz
1win-7.top
1win-7bjc.buzz
1win-7cxpo.buzz
1win-7d3eb.top
1win-7dmnh.top
1win-7dmpk.buzz
1win-7dodh.buzz
1win-7ea4.top
1win-7gbp.buzz
1win-7i8v4.buzz
1win-7ivv2.buzz
1win-7my86.buzz
1win-7nelk.buzz
1win-7r9k2.top
1win-7riz.buzz
1win-7rtoy.buzz
1win-7tvo.top
1win-7v10.top
1win-7wbju.top
1win-7x99y.top
1win-8d3uk.top
1win-8dwj4.top
1win-8elpz.buzz
1win-8erjd.top
1win-8g8s9.buzz
1win-8g9v2.top
1win-8hyvs.buzz
1win-8i.top
1win-8ipzc.top
1win-8j8vg.top
1win-8k7f.click
1win-8l3de.top
1win-8mt5.buzz
1win-8mv.top
1win-8o8kt.buzz
1win-8oao5.top
1win-8r7h.lol
1win-8rjby.buzz
1win-8rk4.top
1win-8s.top
1win-8s6v2.buzz
1win-8smep.top
1win-8tybi.top
1win-8w2a.xyz
1win-8w731.top
1win-8wmi3.buzz
1win-8zrxy.buzz
1win-8zv2.top
1win-9ab08.buzz
1win-9acpg.top
1win-9ad46.top
1win-9bc3g.top
1win-9bmx3.buzz
1win-9cze6.top
1win-9dsje.buzz
1win-9f6nx.top
1win-9h6t.buzz
1win-9hmj9.buzz
1win-9hrax.buzz
1win-9hsrr.buzz
1win-9ia7x.buzz
1win-9ix0.buzz
1win-9iyo.top
1win-9kdx.buzz
1win-9kzc6.buzz
1win-9may.buzz
1win-9nbca.buzz
1win-9nm3d.buzz
1win-9nznq.top
1win-9shi8.buzz
1win-9sygj.top
1win-9ugvg.buzz
1win-9v9uk.top
1win-9vmff.top
1win-9w86x.top
1win-9wg9j.top
1win-9x7l7.top
1win-9yn1h.top
1win-9yvfi.buzz
1win-9z69s.buzz
1win-11i.top
1win-11one.win
1win-11s.top
1win-11wi2.top
1win-11win.win
1win-12i.top
1win-12psx.buzz
1win-12s.top
1win-14ah.buzz
1win-015mc.top
1win-16n9.buzz
1win-16sr.xyz
1win-18i9f.top
1win-20wq.top
1win-21.ru
1win-21.win
1win-21az.buzz
1win-23.ru
1win-24u9v.buzz
1win-24-vanvin.top
1win-25k9.top
1win-25wp.buzz
1win-26.ru
1win-30.ru
1win-31.win
1win-32.ru
1win-36fi7.buzz
1win-36tlj.top
1win-37a0e.top
1win-38k7.xyz
1win-41k7u.top
1win-41uct.buzz
1win-41ust.top
1win-43l.top
1win-44fa.buzz
1win-44kpr.buzz
1win-48.ru
1win-48wea.top
1win-52o23.buzz
1win-053fv.buzz
1win-55qb.top
1win-56kto.buzz
1win-59bt.buzz
1win-65syl.buzz
1win-69fs.top
1win-71.win
1win-72pw4.top
1win-74z69.top
1win-77.top
1win-77abb.buzz
1win-78vw0.buzz
1win-79eft.buzz
1win-80xwd.top
1win-81.top
1win-81w.casino
1win-87.top
1win-88.top
1win-88zh5.top
1win-89.top
1win-90.top
1win-91.top
1win-91dn4.buzz
1win-92.top
1win-93.top
1win-95.top
1win-95pd.buzz
1win-97.top
1win-98aua.buzz
1win-99.casino
1win-99.top
1win-101.win
1win-111.ru
1win-111.top
1win-111.win
1win-112.top
1win-121.win
1win-141.top
1win-141.win
1win-142.top
1win-150sv.buzz
1win-152s2.buzz
1win-153.ru
1win-195hg.top
1win-201.win
1win-221.win
1win-301.win
1win-328.top
1win-330.top
1win-333sf.buzz
1win-382l7.top
1win-394.top
1win-405iy.buzz
1win-492w.buzz
1win-555.fun
1win-555y.top
1win-574.ru
1win-591.top
1win-602rj.buzz
1win-00694.com
1win-766rl.buzz
1win-777.site
1win-800o.buzz
1win-0821.top
1win-872t.buzz
1win-889tb.top
1win-0903.buzz
1win-911.win
1win-936pk.top
1win-987.buzz
1win-990.casino
1win-993.casino
1win-1114.top
1win-1287.online
1win-1304.buzz
1win-1310.top
1win-01527.com
1win-1745.buzz
1win-2024-akh.buzz
1win-2024-aku.buzz
1win-2024-akw.buzz
1win-2024-akx.buzz
1win-2024-jkl.buzz
1win-2024-stj.buzz
1win-2025.kz
1win-2025-das.buzz
1win-2025-dsb.buzz
1win-2025-dss.buzz
1win-2025-dsv.buzz
1win-2025-dsx.buzz
1win-2025-dsz.buzz
1win-2025-xts.buzz
1win-2026.online
1win-2026-dse.buzz
1win-2026-xty.buzz
1win-2391.top
1win-2394.top
1win-2421.top
1win-2608xa.online
1win-02789.com
1win-3003.casino
1win-3333.top
1win-3335.top
1win-3687.buzz
1win-4079.ru
1win-4395.top
1win-4488.top
1win-4489.top
1win-6296.ru
1win-7777.top
1win-8091.top
1win-08187.buzz
1win-08586.buzz
1win-08629.com
1win-09018.com
1win-9999.top
1win-11688.com
1win-11812.com
1win-11886.com
1win-12692.com
1win-13252.com
1win-17033.com
1win-18352.com
1win-21319.com
1win-27714.com
1win-33041.com
1win-33542.com
1win-36854.com
1win-41162.com
1win-46024.com
1win-47408.com
1win-50795.com
1win-52026.com
1win-54534.com
1win-56206.com
1win-58935.com
1win-63450.com
1win-63544.com
1win-68738.com
1win-69270.com
1win-69753.com
1win-73663.com
1win-77128.com
1win-77408.com
1win-78956.com
1win-79490.com
1win-79670.com
1win-82718.com
1win-83501.com
1win-85537.com
1win-86207.com
1win-87977.com
1win-88157.com
1win-88672.com
1win-88914.com
1win-91039.com
1win-92009.com
1win-94843.com
1win-96068.com
1win-97456.com
1win-98684.com
1win-99048.com
1win-99100.com
1win-99372.com
1win-99772.com
1win-a0oq8.biz
1win-a1.win
1win-a1wi4.top
1win-a2xpr.buzz
1win-a4ks2.buzz
1win-a7.top
1win-a77.top
1win-a702j.buzz
1win-a877m.top
1win-aaa-official23.buzz
1win-aaa-official24.buzz
1win-aaa-official25.buzz
1win-aaa-official29.buzz
1win-ab31.top
1win-abc82.com
1win-acef.buzz
1win-activar.xyz
1win-acweyo.top
1win-aewuj.buzz
1win-affilate.com
1win-affiliate-online.com
1win-ahuf9.buzz
1win-aigmf.top
1win-aksx.top
1win-al13.top
1win-al15.top
1win-al17.top
1win-al18.top
1win-al23.top
1win-alr2.top
1win-am.am
1win-amj.site
1win-amp24.ru
1win-amp777.ru
1win-amp-1vin.xyz
1win-amp-1vin1.xyz
1win-amp-1vin2.xyz
1win-amp-9ut4.site
1win-amp-22p6.site
1win-amp-33rp.site
1win-amp-82gw.site
1win-amp-83q5.buzz
1win-amp-cashout-10.ru
1win-amp-h3xm.site
1win-amp-jony.site
1win-amp-kira.site
1win-amp-kqq2.site
1win-amp-sites-2.top
1win-amp-sites-3.top
1win-amp-spin-21.ru
1win-amp-t8nq.site
1win-amp-w3x4.site
1win-amp-w5zj.site
1win-android.com
1win-android.cyou
1win-android.info
1win-android.mobi
1win-android.org
1win-android.sbs
1win-android9.top
1win-androidplays.ru
1win-android-app.info
1win-any.top
1win-ao2.top
1win-ao3.top
1win-aoh.buzz
1win-aol1.cam
1win-ap12.top
1win-ap13.top
1win-ap14.top
1win-ap15.top
1win-apf.top
1win-apk.click
1win-apk.com
1win-apk.cyou
1win-apk.net
1win-apk.pro
1win-apk.top
1win-apk.website
1win-apk.xyz
1win-apkk.com
1win-apk-african.com
1win-apk-az.com
1win-apk-azerbaycan-yukle.com
1win-apk-ci.com
1win-apk-paris.com
1win-app.click
1win-app.cyou
1win-app.org
1win-app.sbs
1win-app.top
1win-app.xyz
1win-application.biz
1win-application.cfd
1win-application.fun
1win-application.sbs
1win-apps.com
1win-apps.in
1win-apps.ru
1win-appx.com
1win-app-bf.com
1win-aq4qy.top
1win-argentina.net
1win-argentina-ar.com
1win-argentine.com
1win-art1.top
1win-arxhc.top
1win-ar-casino.com
1win-as2a.top
1win-as2b.top
1win-as11.top
1win-asd10.xyz
1win-asd11.xyz
1win-asd18.top
1win-asd20.top
1win-asd21.buzz
1win-asd22.buzz
1win-asd23.buzz
1win-asd24.buzz
1win-asd26.top
1win-asf1.fun
1win-asf18.buzz
1win-asf19.buzz
1win-asf21.buzz
1win-asf23.buzz
1win-asf24.buzz
1win-at1a.top
1win-au1a.top
1win-au2d.top
1win-auq.cam
1win-austria.com
1win-aut3.top
1win-aut5.top
1win-aut6.top
1win-aut8.top
1win-aut9.top
1win-aut16.top
1win-autobet.top
1win-autobet1.com
1win-autobet1.ru
1win-autobet1.top
1win-autobet5.top
1win-autobet6.top
1win-autobet12.top
1win-autobet16.top
1win-autobet20.top
1win-autobet24.top
1win-autobet25.top
1win-autobet26.top
1win-autobets.top
1win-autobets30.top
1win-av1.top
1win-aviator.com
1win-aviator2.top
1win-aviatorpro.com
1win-aviator-games.com
1win-avtomatyonline.cyou
1win-avtomatyonline.my
1win-avtomatyonline.sbs
1win-awc.xyz
1win-aweru.pw
1win-az.com
1win-azerba.com
1win-azerbaijan.com
1win-azerbaycan-24.com
1win-azeri.com
1win-azn.lol
1win-azrb.com
1win-azs.buzz
1win-azuv6.top
1win-b1.win
1win-b1win.top
1win-b6iwf.buzz
1win-b48ei.top
1win-b71vj.buzz
1win-ba4ng.top
1win-ba8.top
1win-bae.top
1win-bag9.top
1win-baj1.top
1win-ban7.cfd
1win-basn.buzz
1win-bav9.top
1win-baw3.casino
1win-bax1.cfd
1win-bay.top
1win-bay7.top
1win-baz4.top
1win-baz5.top
1win-baz9.cam
1win-baz9.top
1win-bb1.win
1win-bb2.top
1win-bb7.xyz
1win-bb8.top
1win-bba3.cfd
1win-bba7.cfd
1win-bbb2.top
1win-bbc8.top
1win-bbe3.top
1win-bbg2.cfd
1win-bbh7.cfd
1win-bbi5.cfd
1win-bbm1.top
1win-bbo1.cfd
1win-bbo8.cfd
1win-bbp1.top
1win-bbq4.top
1win-bbr1.top
1win-bbs2.top
1win-bbu9.top
1win-bbw8.cfd
1win-bcc8.top
1win-bce4.cfd
1win-bcf.top
1win-bcf9.top
1win-bcj.top
1win-bcj6.top
1win-bck7.top
1win-bcl.cam
1win-bcl5.top
1win-bco.top
1win-bco9.top
1win-bcp1.top
1win-bcq.top
1win-bcu4.top
1win-bcw4.top
1win-bcy.top
1win-bd3.xyz
1win-bd4.xyz
1win-bd10.top
1win-bdb5.cfd
1win-bdg8.top
1win-bdh2.top
1win-bdl4.top
1win-bdm5.cfd
1win-bdq.top
1win-bdq5.top
1win-bdr5.cfd
1win-bds9.cfd
1win-bdx6.cfd
1win-bdy.top
1win-bdy3.top
1win-bdy7.cfd
1win-be8.top
1win-bed.cam
1win-bed.top
1win-bee2.cfd
1win-bef2.top
1win-bef4.cfd
1win-bef7.cfd
1win-belarus1.com
1win-bep.top
1win-ber4.top
1win-best.ru
1win-bestbk.com
1win-bestplays.ru
1win-best-site2.top
1win-best-site6.top
1win-best-site7.top
1win-best-site8.top
1win-bet.click
1win-bet.es
1win-bet.id
1win-bet.kg
1win-bet.kz
1win-bet.ng
1win-bet.website
1win-bet.xyz
1win-bet3.com
1win-bet9.cfd
1win-bet88.ru
1win-bet365.click
1win-bethht.ru
1win-betmd.com
1win-betsport.space
1win-betss.ru
1win-betssport.com
1win-betsyr.ru
1win-betsztt.ru
1win-bets-sn.com
1win-bett.ru
1win-betting.org
1win-bett-tr.com
1win-betuzb.com
1win-betwin-7y7x.buzz
1win-betwin-ayv3.buzz
1win-bet-armenia.com
1win-bet-bd.com
1win-bet-cambodia.com
1win-bet-casino.ru
1win-bet-casino-oficial.com
1win-bet-it.com
1win-bet-kazino.ru
1win-bet-sn.com
1win-beu3.top
1win-beu4.cfd
1win-bev9.casino
1win-bex1.cfd
1win-bex2.cfd
1win-bex6.casino
1win-bey1.cfd
1win-bey8.cfd
1win-bf2.top
1win-bf8.top
1win-bfa4.casino
1win-bfb4.top
1win-bfc5.cfd
1win-bfd3.casino
1win-bfe9m.top
1win-bfh3.top
1win-bfi.top
1win-bfk5.cfd
1win-bfl5.cfd
1win-bfn1.top
1win-bfn6.top
1win-bfp3.cfd
1win-bfp9.cfd
1win-bfr6.top
1win-bfs7.top
1win-bfs8.casino
1win-bfsv.buzz
1win-bg6.xyz
1win-bg9.top
1win-bga1.cfd
1win-bga8.top
1win-bgb3.cfd
1win-bgb9.casino
1win-bgc7.cfd
1win-bgd.top
1win-bgf7.cfd
1win-bgg8.top
1win-bgi1.top
1win-bgi3.top
1win-bgj4.top
1win-bgj6.top
1win-bgk9.top
1win-bgl7.top
1win-bglmx.buzz
1win-bgn4.top
1win-bgo5.top
1win-bgo8.top
1win-bgp7.top
1win-bgr5.cfd
1win-bgu.top
1win-bgu3.cfd
1win-bgw2.top
1win-bgw8.cfd
1win-bgx7.top
1win-bgy3.cfd
1win-bgy5.cfd
1win-bgz7.cfd
1win-bha.top
1win-bha7.top
1win-bhc1.top
1win-bhd.top
1win-bhf7.top
1win-bhl7.top
1win-bhm5.cfd
1win-bhm6.top
1win-bhn3.top
1win-bhn6.cfd
1win-bhp4.top
1win-bhq1.cfd
1win-bhq8.cfd
1win-bhr4.casino
1win-bhv.top
1win-bhw3.cfd
1win-bhy5.casino
1win-bi4.xyz
1win-bia.top
1win-bib1.top
1win-bid4.top
1win-bih.top
1win-bih6.top
1win-bii7.cfd
1win-bik5.top
1win-bin.top
1win-bio2.top
1win-bio8.top
1win-bioq.top
1win-bip.top
1win-bip2.cfd
1win-bip5.top
1win-bir.top
1win-biu7.casino
1win-biv.top
1win-biv4.cfd
1win-biz.top
1win-bja4.top
1win-bja8.cfd
1win-bjdwv.top
1win-bje.top
1win-bje1.casino
1win-bjg.top
1win-bjg5.cfd
1win-bjj6.top
1win-bjj7.top
1win-bjk.top
1win-bjk4.cfd
1win-bjk6.top
1win-bjk7.top
1win-bjl8.top
1win-bjm5.top
1win-bjo.top
1win-bjo8.cfd
1win-bjt7.cfd
1win-bjy9.cfd
1win-bk.cfd
1win-bk.club
1win-bk.fun
1win-bk.sbs
1win-bkb2.top
1win-bkb6.top
1win-bkb7.cfd
1win-bkd2.top
1win-bke6.casino
1win-bkf1.top
1win-bkf2.top
1win-bkf9.top
1win-bkg5.top
1win-bki3.cfd
1win-bkk2.top
1win-bkl.lol
1win-bkn3.cfd
1win-bko5.cfd
1win-bkq5.cfd
1win-bkq8.cfd
1win-bks9.cfd
1win-bksu5.top
1win-bkt.top
1win-bktop.ru
1win-bku.top
1win-bkw.top
1win-bk-oifg.top
1win-bk-onlajn.ru
1win-bk-qx79.buzz
1win-bk-site2.top
1win-bk-site8.top
1win-bl1.top
1win-bl4.xyz
1win-bl9.top
1win-bla.top
1win-bla4.top
1win-blb3.top
1win-blb7.cfd
1win-blc2.casino
1win-blc3.top
1win-blc9.top
1win-bld8.cfd
1win-ble.top
1win-blf9.top
1win-blg.top
1win-blh4.top
1win-blh8.cfd
1win-blj.top
1win-blk1.top
1win-blk2.top
1win-blk3.top
1win-blk4.top
1win-bll4.casino
1win-blm.top
1win-blm6.cfd
1win-blm8.casino
1win-bln4.top
1win-bln6.top
1win-blo5.casino
1win-blo7.cfd
1win-blo9.top
1win-blonde.buzz
1win-blp1.cfd
1win-blq6.top
1win-blr1.top
1win-bls.top
1win-bls3.top
1win-blt.top
1win-blu9.top
1win-blv7.top
1win-blx4.cfd
1win-blx6.cfd
1win-blx8.top
1win-blz.top
1win-blz8.cfd
1win-bm.top
1win-bm1.top
1win-bm3a.top
1win-bm5.cfd
1win-bma1.top
1win-bma5.cfd
1win-bmb1.cfd
1win-bmc7.top
1win-bmc9.casino
1win-bmd2.cfd
1win-bme4.top
1win-bme9.cfd
1win-bmf3.top
1win-bmf8.casino
1win-bmg8.cfd
1win-bmg237.top
1win-bmi.top
1win-bmn6.top
1win-bmo5.cfd
1win-bmo7.top
1win-bmq6.cfd
1win-bmr6.top
1win-bmtov.buzz
1win-bmv6.top
1win-bmy8.top
1win-bn9.top
1win-bnc2.top
1win-bnf1.cfd
1win-bnf6.cfd
1win-bng8.cfd
1win-bnl3.top
1win-bnm1.top
1win-bnm12.buzz
1win-bnm14.buzz
1win-bnm21.top
1win-bnn.top
1win-bnn3.top
1win-bno7.top
1win-bnq4.top
1win-bns.top
1win-bns8.cfd
1win-bnt3.top
1win-bnv9.top
1win-bnx2.top
1win-bny5.cfd
1win-bnz3.top
1win-bnz4.top
1win-bnz8.top
1win-bo0kj.buzz
1win-bo1.xyz
1win-bo4.top
1win-boa6.top
1win-bob1.cfd
1win-bob6.top
1win-bobgj.buzz
1win-boc5.top
1win-boc6.cfd
1win-bod.top
1win-boe2.top
1win-boe4.top
1win-bof.top
1win-bof5.top
1win-boh1.top
1win-boh4.top
1win-boi2.top
1win-boi4.cfd
1win-boia8.top
1win-bois.top
1win-boj3.cfd
1win-bok8.casino
1win-bom3.cfd
1win-bom4.top
1win-bomuk.top
1win-bonos.click
1win-bonus.click
1win-bonus.com
1win-bonus.cyou
1win-bonus.ru
1win-bonus.sbs
1win-bonus.su
1win-bonus-code.ru
1win-bonus-win.online
1win-bonus-win.ru
1win-boom.com
1win-bop3.cfd
1win-bop5.cfd
1win-boq3.cfd
1win-bos4.top
1win-bos6.cfd
1win-bos9.top
1win-bot6.top
1win-bou4.top
1win-bou9.cfd
1win-boy5.cfd
1win-bp2.top
1win-bp7.top
1win-bp9.xyz
1win-bpa6.top
1win-bpb.top
1win-bpb2.top
1win-bpb5.top
1win-bpb9.top
1win-bpc.top
1win-bpc4.casino
1win-bpd6.cfd
1win-bpi3.cfd
1win-bpj5.top
1win-bpj6.top
1win-bpj7.cfd
1win-bpk.top
1win-bpk6.top
1win-bpl7.top
1win-bpl8.top
1win-bpo2.buzz
1win-bpx8.top
1win-bpy.top
1win-bpy2.top
1win-bpy5.top
1win-bpz5i.buzz
1win-bq2.top
1win-bq7.xyz
1win-bq8.xyz
1win-bqc.top
1win-bqc4.cfd
1win-bqf.top
1win-bqf8.top
1win-bqh2.cfd
1win-bqi.top
1win-bqj1.cfd
1win-bqk1.cfd
1win-bqk4.top
1win-bqk7.casino
1win-bqr8.top
1win-bqs1.top
1win-bqt2.top
1win-bqu5.top
1win-bqv5.top
1win-bqw.top
1win-bqw5.top
1win-bqy9.top
1win-br.net
1win-brd.top
1win-brd1.top
1win-brf7.top
1win-brill.top
1win-brj7.top
1win-brm.top
1win-brn8.cfd
1win-bro8.top
1win-brr4.cfd
1win-brr5.casino
1win-brt.top
1win-brv1.casino
1win-brv4.cfd
1win-brv5.cfd
1win-brx3.cfd
1win-brx6.top
1win-bry6.top
1win-brz4.casino
1win-brz8.cfd
1win-bs4.top
1win-bs6.top
1win-bs8.top
1win-bse.top
1win-bse6.cfd
1win-bse8.casino
1win-bsf2.cfd
1win-bsf9.top
1win-bsi3.buzz
1win-bsk4.casino
1win-bso.top
1win-bspin.casino
1win-bsq8.casino
1win-bsr3.top
1win-bsr5.top
1win-bsu1.top
1win-bsx6.top
1win-bsy.top
1win-bt2.xyz
1win-bt7.xyz
1win-bti2.cfd
1win-btk5.top
1win-bto5.top
1win-btq.top
1win-btta.buzz
1win-btu2.casino
1win-btv2.top
1win-btv9.cfd
1win-btx4.cfd
1win-bu3.top
1win-bu98n.buzz
1win-bua3.cfd
1win-buc4.top
1win-bud2.casino
1win-buf.top
1win-buf3.cfd
1win-bug5.top
1win-bui3.cfd
1win-bukmeker.org
1win-bukmeker1.ru
1win-bukmeker1.top
1win-bukmeker10.top
1win-bukmekerr.top
1win-bukmekers1.top
1win-bukmeker-3.top
1win-bukmeker-5fy8m.top
1win-bukmeker-14.top
1win-bukmeker-23.top
1win-bukmeker-24.top
1win-bukmeker-28.top
1win-bukmeker-30.top
1win-bukmeker-36.top
1win-bukmeker-77.top
1win-bukmeker-k4e3z.top
1win-bukmeker-uunuh.top
1win-bukmeker--0zh3.buzz
1win-bukmeker--5wu0.buzz
1win-bukmeker--8idt.buzz
1win-bulgaria.com
1win-bup.top
1win-buq1.casino
1win-buq9.top
1win-bur4.top
1win-burkinafaso.com
1win-bus.top
1win-bus4.top
1win-bus5.top
1win-but.top
1win-buw6.top
1win-buw8.cfd
1win-bv27q.top
1win-bvb8.cfd
1win-bve5.top
1win-bvf1.top
1win-bvj4.casino
1win-bvk.top
1win-bvo2.cfd
1win-bvo6.top
1win-bvp3.cfd
1win-bvr9.top
1win-bvs3.top
1win-bvu.top
1win-bvv2.top
1win-bvw.top
1win-bvx5.top
1win-bw8.xyz
1win-bwa9.top
1win-bwc5.cfd
1win-bwe3.top
1win-bwe5.cfd
1win-bwf7.cfd
1win-bwh3.top
1win-bwj.top
1win-bwk6.top
1win-bwn7.cfd
1win-bwnzl.top
1win-bwo3.top
1win-bwp1.top
1win-bwq.top
1win-bws3.cfd
1win-bws7.top
1win-bwt2.top
1win-bwt6.cfd
1win-bwu5.top
1win-bwv2.top
1win-bwy9.casino
1win-bwz.top
1win-bwz3.top
1win-bxe1.cfd
1win-bxe2.cfd
1win-bxf5.top
1win-bxg2.top
1win-bxg8.top
1win-bxh.top
1win-bxh8.cfd
1win-bxj5.top
1win-bxj8.top
1win-bxj9.top
1win-bxk5.casino
1win-bxl1.top
1win-bxm1.casino
1win-bxn2.cfd
1win-bxn3.casino
1win-bxn6.top
1win-bxo1.top
1win-bxr3.cfd
1win-bxt.top
1win-bxt5.top
1win-bxv2.top
1win-bxv3.top
1win-bxv4.top
1win-bxv9.cfd
1win-bxx.top
1win-bxx3.top
1win-bxy3.top
1win-bxy6.cfd
1win-by.com
1win-bya8.top
1win-byc8.cfd
1win-byc9.top
1win-bye4.cfd
1win-byf.lol
1win-byf.top
1win-byf4.cfd
1win-byf7.top
1win-byg1.casino
1win-byh.top
1win-byi.site
1win-byi4.top
1win-byj1.top
1win-byj9.top
1win-byk2.top
1win-byl.top
1win-byl6.cfd
1win-byl8.cfd
1win-byn.top
1win-byn1.top
1win-byn2.cfd
1win-byq.top
1win-byqz0.top
1win-byr2.cfd
1win-byt6.top
1win-byu9.top
1win-byw4.top
1win-byw9.top
1win-byz.top
1win-bz3.top
1win-bzd5.top
1win-bzf7.top
1win-bzh9.cfd
1win-bzi3.top
1win-bzi4.top
1win-bzi5.cfd
1win-bzl4.casino
1win-bzm3.top
1win-bzo1.top
1win-bzp7.top
1win-bzq.top
1win-bzq3.casino
1win-bzr6.top
1win-bzt1.cfd
1win-bzt6.cfd
1win-bzu.top
1win-bzv.top
1win-c0r1g.buzz
1win-c0zkr.buzz
1win-c1.win
1win-c1w.top
1win-c1win.top
1win-c4h.top
1win-c4jy.buzz
1win-c8t58.buzz
1win-c21.top
1win-c21w.top
1win-c22.top
1win-c23.top
1win-c28.top
1win-c32.top
1win-c34.top
1win-c60q8.buzz
1win-ca.net
1win-ca5.top
1win-cag.top
1win-cameroon.com
1win-can.top
1win-can2.top
1win-can3.top
1win-canada-ca.com
1win-cas.com
1win-cas.ru
1win-cas1.top
1win-cas1no99.top
1win-cas06.bet
1win-cas6.buzz
1win-cash.click
1win-cash.top
1win-cashback24.ru
1win-cashdaet.ru
1win-casi.com
1win-casik.com
1win-casino0.online
1win-casino0.ru
1win-casino.am
1win-casino.beauty
1win-casino.best
1win-casino.buzz
1win-casino.casino
1win-casino.cyou
1win-casino.email
1win-casino.fun
1win-casino.games
1win-casino.global
1win-casino.life
1win-casino.net
1win-casino.pro
1win-casino.rest
1win-casino.run
1win-casino.sbs
1win-casino.site
1win-casino.skin
1win-casino.vip
1win-casino.world
1win-casino0rq.xyz
1win-casino1.games
1win-casino1.ru
1win-casino01.top
1win-casino2.ru
1win-casino2.top
1win-casino3.ru
1win-casino3ez.xyz
1win-casino4.ru
1win-casino4ly.buzz
1win-casino7.ru
1win-casino007.top
1win-casino8.ru
1win-casino9.ru
1win-casino10.buzz
1win-casino10.top
1win-casino11.buzz
1win-casino11.casino
1win-casino11.ru
1win-casino12.buzz
1win-casino12.ru
1win-casino13.buzz
1win-casino14.buzz
1win-casino15.buzz
1win-casino16.buzz
1win-casino16.ru
1win-casino17.buzz
1win-casino17.ru
1win-casino18.buzz
1win-casino18.ru
1win-casino19.buzz
1win-casino19.ru
1win-casino20.buzz
1win-casino21.ru
1win-casino22.buzz
1win-casino22.casino
1win-casino23.buzz
1win-casino23.ru
1win-casino023.top
1win-casino24.buzz
1win-casino24.com
1win-casino24.sbs
1win-casino25.buzz
1win-casino25.top
1win-casino26.buzz
1win-casino27.buzz
1win-casino28.buzz
1win-casino28.top
1win-casino28.xyz
1win-casino29.buzz
1win-casino29.top
1win-casino30.buzz
1win-casino30.top
1win-casino31.buzz
1win-casino32.buzz
1win-casino33.buzz
1win-casino33.casino
1win-casino33.store
1win-casino34.buzz
1win-casino35.buzz
1win-casino36.buzz
1win-casino37.buzz
1win-casino37.top
1win-casino38.buzz
1win-casino40.buzz
1win-casino41.buzz
1win-casino42.buzz
1win-casino43.buzz
1win-casino44.buzz
1win-casino45.buzz
1win-casino46.buzz
1win-casino47.buzz
1win-casino48.buzz
1win-casino49.buzz
1win-casino50.buzz
1win-casino052.top
1win-casino55.store
1win-casino57.store
1win-casino60.buzz
1win-casino61.buzz
1win-casino62.buzz
1win-casino63.buzz
1win-casino64.buzz
1win-casino65.buzz
1win-casino66.buzz
1win-casino67.buzz
1win-casino68.buzz
1win-casino69.buzz
1win-casino71.buzz
1win-casino72.buzz
1win-casino73.buzz
1win-casino74.buzz
1win-casino75.buzz
1win-casino76.buzz
1win-casino77.buzz
1win-casino77.top
1win-casino78.buzz
1win-casino79.buzz
1win-casino80.buzz
1win-casino81.buzz
1win-casino82.buzz
1win-casino83.buzz
1win-casino84.buzz
1win-casino85.buzz
1win-casino87.buzz
1win-casino89.buzz
1win-casino90.buzz
1win-casino91.buzz
1win-casino91.ru
1win-casino92.buzz
1win-casino93.buzz
1win-casino94.buzz
1win-casino95.buzz
1win-casino96.buzz
1win-casino96.top
1win-casino97.buzz
1win-casino98.buzz
1win-casino99.buzz
1win-casino100.buzz
1win-casino101.buzz
1win-casino102.buzz
1win-casino103.buzz
1win-casino104.buzz
1win-casino105.buzz
1win-casino106.buzz
1win-casino107.buzz
1win-casino107.ru
1win-casino108.buzz
1win-casino109.buzz
1win-casino110.buzz
1win-casino111.buzz
1win-casino111.ru
1win-casino112.buzz
1win-casino115.buzz
1win-casino118.buzz
1win-casino124.buzz
1win-casino127.buzz
1win-casino128.buzz
1win-casino129.buzz
1win-casino129.top
1win-casino169.ru
1win-casino291.top
1win-casino322.top
1win-casino429.top
1win-casino0506.fun
1win-casino0507.fun
1win-casino0508.fun
1win-casino0512.fun
1win-casino636.top
1win-casino767.top
1win-casino0773.cyou
1win-casino777.buzz
1win-casino969.top
1win-casino2026.top
1win-casino4389.online
1win-casinoandroid.ru
1win-casinoapp.com
1win-casinom.ru
1win-casinomnb1.buzz
1win-casinon.ru
1win-casinoo.kz
1win-casinoo.top
1win-casinoo1.top
1win-casinoo2.top
1win-casinoo3.top
1win-casinoofficial.ru
1win-casinoplay.com
1win-casinoplay.pro
1win-casinoplayonline.ru
1win-casinos.cfd
1win-casinos.com
1win-casinos.cyou
1win-casinos.sbs
1win-casinos.shop
1win-casinos.site
1win-casinos.top
1win-casinos3.ru
1win-casinos5.top
1win-casinos6.ru
1win-casinos7.top
1win-casinos9.top
1win-casinos10.top
1win-casinoslots.net
1win-casinos-5gwu.buzz
1win-casinos-6w5k.buzz
1win-casinos-aetl.buzz
1win-casinos-bonus.xyz
1win-casinos-bonuses.ru
1win-casinos-cash.ru
1win-casinos-fun.ru
1win-casinos-game.ru
1win-casinos-games.ru
1win-casinos-ie2y.buzz
1win-casinos-live.ru
1win-casinos-mirror.cfd
1win-casinos-mirror.icu
1win-casinos-mirror-0384.buzz
1win-casinos-official.cfd
1win-casinos-official.cyou
1win-casinos-official.sbs
1win-casinos-online.buzz
1win-casinos-online.ru
1win-casinos-online.xyz
1win-casinos-play.ru
1win-casinos-play1.ru
1win-casinos-r9oh.buzz
1win-casinos-site.ru
1win-casinos-slot.ru
1win-casinos-sloti.ru
1win-casinos-slots.ru
1win-casinos-top.ru
1win-casinos-top1.ru
1win-casinos-tops.ru
1win-casinos-winner.ru
1win-casinox.fun
1win-casinox.space
1win-casinoz.icu
1win-casinoz.pw
1win-casinoz.top
1win-casinozonline.shop
1win-casinoz-7rjp.buzz
1win-casinoz-club.buzz
1win-casinoz-club.sbs
1win-casinoz-games.top
1win-casinoz-official.cfd
1win-casinoz-official.sbs
1win-casinoz-zxi3.buzz
1win-casino-8g6a.buzz
1win-casino-889v.buzz
1win-casino-app.ru
1win-casino-app.sbs
1win-casino-apps.sbs
1win-casino-argentina.com
1win-casino-az.com
1win-casino-bd.com
1win-casino-bet.ru
1win-casino-bonus.store
1win-casino-br.com
1win-casino-brn.buzz
1win-casino-bxa1.online
1win-casino-canada.com
1win-casino-cas.top
1win-casino-cash.ru
1win-casino-ccc.buzz
1win-casino-chile.com
1win-casino-co9.ru
1win-casino-cq2.ru
1win-casino-cs2.ru
1win-casino-cv6.ru
1win-casino-download.ru
1win-casino-elite.buzz
1win-casino-en-ligne.com
1win-casino-ff2.ru
1win-casino-fun.com
1win-casino-ga1.ru
1win-casino-game.ru
1win-casino-games.xyz
1win-casino-kjs1.online
1win-casino-kjs1.ru
1win-casino-li8.ru
1win-casino-lvs1.ru
1win-casino-max777.com
1win-casino-mbqj.ru
1win-casino-mbs1.ru
1win-casino-mirror.space
1win-casino-mirror.top
1win-casino-mirror1.top
1win-casino-mirror2.top
1win-casino-mirror6.top
1win-casino-ng.com
1win-casino-nn1.ru
1win-casino-ns.top
1win-casino-ns7.ru
1win-casino-official.click
1win-casino-official.pics
1win-casino-official.shop
1win-casino-official2.ru
1win-casino-official2.top
1win-casino-official3.ru
1win-casino-officialsite.cfd
1win-casino-officialsite.sbs
1win-casino-officialsite.top
1win-casino-officialsite.xyz
1win-casino-official-site.cfd
1win-casino-oficial6.top
1win-casino-oficial8.top
1win-casino-ogn1.ru
1win-casino-okl1.ru
1win-casino-okm1.online
1win-casino-online.website
1win-casino-oqd1.online
1win-casino-oqd1.ru
1win-casino-play.buzz
1win-casino-prp1.ru
1win-casino-prpj.ru
1win-casino-pz3.ru
1win-casino-qc9.ru
1win-casino-qt8.ru
1win-casino-rc4.ru
1win-casino-realmoney.cyou
1win-casino-realmoney.icu
1win-casino-registration.space
1win-casino-registration.xyz
1win-casino-registration-jm0n.buzz
1win-casino-rx.top
1win-casino-sc6.ru
1win-casino-site.space
1win-casino-site.top
1win-casino-site3.top
1win-casino-skachat.ru
1win-casino-skm1.ru
1win-casino-skm2.ru
1win-casino-skm3.ru
1win-casino-skm5.ru
1win-casino-slots.ru
1win-casino-slots-777.ru
1win-casino-sn.com
1win-casino-tops.ru
1win-casino-ub3.ru
1win-casino-ug.com
1win-casino-ve08.buzz
1win-casino-vh2.ru
1win-casino-vof1.ru
1win-casino-win1.ru
1win-casino-xk9.ru
1win-casino-xu5.ru
1win-casino-yc6p.buzz
1win-casino-yqq1.ru
1win-casino-zehl.buzz
1win-casino-zerkalo.site
1win-casino-zs5.ru
1win-casin-zerkal.xyz
1win-cass.buzz
1win-cassin.xyz
1win-cassino.com
1win-cas-reg1.ru
1win-cavemines.ru
1win-cazino.biz
1win-cazino.cfd
1win-cazino.cyou
1win-cazino.icu
1win-cazino.life
1win-cazino.party
1win-cazino.run
1win-cazino.sbs
1win-cazino.shop
1win-cazino.site
1win-cazino.store
1win-cazino.today
1win-cazino.wiki
1win-cazino.world
1win-cazino3.top
1win-cazino6.top
1win-cazino9.top
1win-cazinoandroid.ru
1win-cazinologin.ru
1win-cazinos.sbs
1win-cazinos.shop
1win-cazinos-best.ru
1win-cazinos-best1.ru
1win-cazinos-bonus.ru
1win-cazinos-bonuses.ru
1win-cazinos-cash.ru
1win-cazinos-fun.ru
1win-cazinos-fun1.ru
1win-cazinos-new.ru
1win-cazinos-official.cfd
1win-cazinos-online1.ru
1win-cazinos-play1.ru
1win-cazinos-site.ru
1win-cazinos-site1.ru
1win-cazinos-slots.ru
1win-cazinos-spin.ru
1win-cazinos-top1.ru
1win-cazinos-tops.ru
1win-cazinos-website.ru
1win-cazinos-winner.ru
1win-cazinovhod.ru
1win-cazinox.xyz
1win-cazinoz.click
1win-cazino-app.fun
1win-cazino-bonuses.ru
1win-cazino-fun.ru
1win-cazino-games.com
1win-cazino-live.ru
1win-cazino-official-site.sbs
1win-cazino-online.cfd
1win-cazino-online.ru
1win-cazino-play1.ru
1win-cazino-pro1.ru
1win-cazino-tops.ru
1win-cazino-winner.ru
1win-cb56.top
1win-cc1.top
1win-cc1.win
1win-cc1w.top
1win-ccc1.win
1win-ccc-offi31.buzz
1win-ccc-offi33.top
1win-ccc-offi37.top
1win-ccc-offi38.top
1win-ccc-official13.xyz
1win-ccc-official14.xyz
1win-ccc-official18.xyz
1win-ccc-official22.buzz
1win-ccc-official24.buzz
1win-ccc-official25.buzz
1win-ccc-official26.buzz
1win-ccc-official27.buzz
1win-ccc-official28.buzz
1win-ccc-official29.buzz
1win-ccs.xyz
1win-ccv.xyz
1win-ccx.top
1win-cd3.top
1win-cef.xyz
1win-celu.click
1win-ceu.top
1win-cf51.top
1win-cg.top
1win-cgnvf.buzz
1win-cg-3enw.buzz
1win-chile.cl
1win-chile.net
1win-chili.com
1win-chwrb.top
1win-ci.com
1win-cigsb.top
1win-cih.buzz
1win-civ9.top
1win-cj.top
1win-cjky2.top
1win-cjy.xyz
1win-ckbb.click
1win-cki.top
1win-ckj.cam
1win-ckj.top
1win-ckl.top
1win-ckq.top
1win-ckx.top
1win-ckz.top
1win-click.xyz
1win-club.cfd
1win-club.com
1win-club.fun
1win-club24.sbs
1win-clubwin.com
1win-club-uz.com
1win-club-win.com
1win-cly1.top
1win-clzbb.buzz
1win-cm3.top
1win-cm9jm.buzz
1win-cmq.top
1win-cn9g.buzz
1win-cnuzb.top
1win-cnz.top
1win-cod.top
1win-coda.top
1win-code.click
1win-code.cyou
1win-code.sbs
1win-code.xyz
1win-code1.top
1win-code2.top
1win-code3.top
1win-codes-promo.com
1win-code-promo.com
1win-cods.top
1win-coj.buzz
1win-col4.buzz
1win-col5.buzz
1win-col6.buzz
1win-col7.buzz
1win-colombia-co.com
1win-com.ru
1win-com-poker.ru
1win-costarica.net
1win-costa-rica.net
1win-costa-rika.com
1win-cot.com
1win-cote-divoire.com
1win-coupons.com
1win-coye7.top
1win-cp5.top
1win-cpayn.buzz
1win-cpj.top
1win-cpu.top
1win-cqiqru1.top
1win-cql.cam
1win-cqr.buzz
1win-cqscp.buzz
1win-crekn.top
1win-cricket.click
1win-cricket.cyou
1win-cricket.sbs
1win-cricket.xyz
1win-cricket-bangladesh.com
1win-cricket-bet.com
1win-crowd.top
1win-crz.top
1win-csd.lol
1win-csk.top
1win-csp.top
1win-ct5.top
1win-ct9fv.buzz
1win-cthzek.top
1win-ctoa.pro
1win-ctx.lol
1win-cum.buzz
1win-cup.site
1win-cutbj.top
1win-cuyp.top
1win-cuyq.top
1win-cuyr.top
1win-cvb.xyz
1win-cvb6.xyz
1win-cvb7.xyz
1win-cw4x9.top
1win-cw5ko.buzz
1win-cw6tc.top
1win-cwns.lol
1win-cxas.top
1win-cxauk.top
1win-cy3oq.top
1win-cyecj.top
1win-czech.com
1win-cz-kasino.com
1win-d0s3o.buzz
1win-d0w4x.buzz
1win-d1wi.top
1win-d1win4.top
1win-d1xvb.top
1win-d02mm.buzz
1win-d3w.top
1win-d4wy6.buzz
1win-d5a87.buzz
1win-d5ynh.buzz
1win-d7snd.top
1win-d9d5c.buzz
1win-d12.top
1win-d24i2.top
1win-d55.casino
1win-da.top
1win-da5jp.top
1win-daetcash.ru
1win-dau.store
1win-daz.buzz
1win-db17.top
1win-db19.top
1win-db20.top
1win-db21.top
1win-db22.top
1win-db23.top
1win-db24.top
1win-db25.top
1win-dbf.cam
1win-dbh2i.buzz
1win-dbi.lol
1win-dc2.top
1win-dc3.top
1win-dcbk4.buzz
1win-dcg.xyz
1win-dcz.top
1win-dd1.win
1win-ddd-official15.xyz
1win-ddd-official16.top
1win-ddd-official17.top
1win-ddd-official18.top
1win-ddd-official19.top
1win-ddd-official20.top
1win-ddd-official22.buzz
1win-ddos.cam
1win-ddu5.buzz
1win-dee9.cam
1win-dep.top
1win-dep1.top
1win-deposit.click
1win-deposit.cyou
1win-deposit.ru
1win-deposit.sbs
1win-deposit.xyz
1win-depositar.click
1win-depositar.cyou
1win-depositar.sbs
1win-depositar.xyz
1win-derm9.top
1win-dev-tc74udbf71.top
1win-dez.buzz
1win-df6.xyz
1win-dfea.top
1win-dfeb.top
1win-dfec.top
1win-dfed.top
1win-dfee.top
1win-dfer.top
1win-dfg7.xyz
1win-dfg10.xyz
1win-dfg12.buzz
1win-dfk.lol
1win-dfq5w.top
1win-dghczt.top
1win-dghczt1.top
1win-dgt.top
1win-dhs6.top
1win-dhx.buzz
1win-di2u5.top
1win-dix.top
1win-dj7qm.top
1win-djey8.buzz
1win-djj6.top
1win-djv.top
1win-dkf0.buzz
1win-dko03.buzz
1win-dkr.top
1win-dkt8g.buzz
1win-dkw.top
1win-dkz.buzz
1win-dlm.top
1win-dlp3x.top
1win-dlwqn.buzz
1win-dmd1h.buzz
1win-dmeyt.buzz
1win-dmk4.cam
1win-dml.xyz
1win-dn.top
1win-dng27.buzz
1win-dnpkx.top
1win-dnucl.buzz
1win-dominican.com
1win-dominicana.com
1win-dop.lol
1win-dow2l.buzz
1win-download.bet
1win-download.click
1win-download.cyou
1win-download.fun
1win-download.life
1win-download.run
1win-download.today
1win-download.top
1win-downloader.com
1win-downloader.pro
1win-download-skachat.buzz
1win-dpi1y.buzz
1win-dpseb.buzz
1win-dq42a.top
1win-dqc.lol
1win-dqe.top
1win-dqf.lol
1win-dqh.top
1win-dqlgu.buzz
1win-dqo.top
1win-dqx94.buzz
1win-dre9.top
1win-drpntz.top
1win-drpntz1.top
1win-drtsh.buzz
1win-dryuc.top
1win-dsb.top
1win-dsd20.top
1win-dsgpk.buzz
1win-dswr2.buzz
1win-dtn3.cam
1win-dttmn.xyz
1win-dtz.lol
1win-due64.buzz
1win-duj.site
1win-dv4.top
1win-dvb.buzz
1win-dvldo.buzz
1win-dxf.xyz
1win-dxu.cam
1win-dxz.buzz
1win-dye.top
1win-dylvs.buzz
1win-dyxed.top
1win-e1efu.top
1win-e1win.top
1win-e003.buzz
1win-e6cyp.top
1win-e6yu.click
1win-e7xyl.buzz
1win-e19.top
1win-e20.top
1win-e22.top
1win-e23.top
1win-e24.top
1win-e25.top
1win-e27.top
1win-e28.top
1win-e30.top
1win-e34u.buzz
1win-e53.top
1win-e91z.buzz
1win-e519y.top
1win-e633.buzz
1win-e781h.buzz
1win-eah.xyz
1win-eb6om.top
1win-ebk1.top
1win-ecjbe.buzz
1win-eco6l.top
1win-ecp6o.top
1win-ecuador.com
1win-eddb3.buzz
1win-edegde.top
1win-edegde1.top
1win-edg.lol
1win-edm.xyz
1win-edy3d.buzz
1win-ee1.win
1win-eee-offi34.buzz
1win-eee-officia24.xyz
1win-eee-officia27.top
1win-eee-officia28.top
1win-eee-officia29.top
1win-eee-officia30.buzz
1win-eee-officia31.buzz
1win-eee-officia32.buzz
1win-eee-official2.casino
1win-eee-official2.xyz
1win-eee-official3.top
1win-ef.top
1win-ef1e.top
1win-ef2c.top
1win-ef3h.top
1win-efu.top
1win-eg.net
1win-egha.top
1win-eghb.top
1win-eghc.top
1win-eghd.top
1win-eghs.top
1win-egj.buzz
1win-egypt.net
1win-egypt.site
1win-ehr5x.top
1win-eht40.top
1win-ehypv.top
1win-eik5.top
1win-eir8.top
1win-eit.site
1win-eixng.top
1win-ejgn.buzz
1win-ejk.top
1win-ejkv.buzz
1win-ejo.top
1win-ejt.lol
1win-ejuud.buzz
1win-ek1.top
1win-ek2.top
1win-ek3.top
1win-ek4.top
1win-ek5.top
1win-ek6.top
1win-ek7.top
1win-ek10.top
1win-ekb.lol
1win-ekhj8.buzz
1win-eleud.buzz
1win-elk.top
1win-elq.cam
1win-em0s8.buzz
1win-emi.top
1win-emlcdp.com
1win-en.net
1win-enter.online
1win-enw.top
1win-eo.top
1win-eo26f.top
1win-eopfx.top
1win-ep2z.buzz
1win-epd8.top
1win-epmd.top
1win-eqqbr.buzz
1win-er.xyz
1win-er1.top
1win-er2.top
1win-er3.top
1win-er4.top
1win-er5.top
1win-er6.top
1win-er7.top
1win-erblw.top
1win-ergf.top
1win-err1.top
1win-err2.top
1win-err3.top
1win-es.top
1win-es1a.top
1win-es4f.buzz
1win-es8d.buzz
1win-eseb.buzz
1win-esw.xyz
1win-esw2.xyz
1win-esw3.xyz
1win-esw5.xyz
1win-esw10.xyz
1win-esw12.xyz
1win-esw17.top
1win-esw18.top
1win-esw19.buzz
1win-esw21.buzz
1win-esw22.buzz
1win-esw24.buzz
1win-esz.buzz
1win-eszgw.top
1win-eta9w.top
1win-etd.top
1win-etg.buzz
1win-ets1.top
1win-evm.lol
1win-evvft.buzz
1win-ewa17.top
1win-ewb.buzz
1win-ewkkm.buzz
1win-ewtix.buzz
1win-ewxi.buzz
1win-exb8.cam
1win-exg.top
1win-exokq.top
1win-exp.xyz
1win-expw2.top
1win-exx2.top
1win-eyi.top
1win-eyq87.buzz
1win-eyv.top
1win-ezl.top
1win-f1uqw.buzz
1win-f3sjp.top
1win-f4orr.top
1win-f4t0a.buzz
1win-f7atj.buzz
1win-f7iqj.top
1win-f10.top
1win-f11.top
1win-f12.top
1win-f13.top
1win-f15.top
1win-f16.top
1win-f38ej.top
1win-f904.lol
1win-fbb.top
1win-fbj.site
1win-fc2c6.buzz
1win-fcvyy.top
1win-fd2.top
1win-fda.top
1win-fdf.buzz
1win-fdt.xyz
1win-fe.top
1win-fe1e.top
1win-ff1.win
1win-ffd.top
1win-ffd1g.top
1win-fff2r.buzz
1win-fff-offi34.top
1win-fff-offi39.top
1win-fff-offi40.top
1win-fff-offi41.top
1win-fff-offi42.top
1win-fff-official17.xyz
1win-fff-official22.buzz
1win-fff-official23.top
1win-fff-official24.top
1win-fff-official25.top
1win-fff-official26.top
1win-fff-official27.buzz
1win-fff-official28.buzz
1win-fff-official29.buzz
1win-fff-official30.buzz
1win-ffxoa.top
1win-fgh4.top
1win-fgh5.top
1win-fgh8.buzz
1win-fgh13.top
1win-fgh14.top
1win-fgs.lol
1win-fh169.buzz
1win-fhd.top
1win-fheei.top
1win-fhg7i.top
1win-fhz48.buzz
1win-fi6l4.top
1win-fida.top
1win-fidb.top
1win-fidq.top
1win-finibet.cfd
1win-finibet.sbs
1win-finland.net
1win-fix.lol
1win-fjvbe.buzz
1win-fjyom.buzz
1win-fk.top
1win-fk1f.top
1win-fka.top
1win-fkd.top
1win-fkind.top
1win-fkl.top
1win-fkl.xyz
1win-fkll.xyz
1win-fko.top
1win-fkv.top
1win-fkw.top
1win-fll.buzz
1win-fmn.top
1win-fmy.cam
1win-fo2x4.top
1win-foa8p.buzz
1win-fpcyw.top
1win-fpf4m.buzz
1win-fpjp4.buzz
1win-fpv.top
1win-fqjep.buzz
1win-fqr.top
1win-fqu.top
1win-fqx7.top
1win-fr.com
1win-fr.net
1win-france-fr.com
1win-free.com
1win-freespin.com
1win-freespin24.ru
1win-frg.cam
1win-frq.top
1win-fru4.cam
1win-frxws.top
1win-fs9bp.buzz
1win-fs15.top
1win-fsi.cam
1win-fsk.top
1win-fsk6.top
1win-fsl.lol
1win-fsm.xyz
1win-fss3.top
1win-fss4.top
1win-ft8af.buzz
1win-ftu8.buzz
1win-fuf3.top
1win-fun.casino
1win-fux3.buzz
1win-fuy.cam
1win-fv4.top
1win-fvd.lol
1win-fvjl2.buzz
1win-fvz.top
1win-fwj0.top
1win-fwlxvs.top
1win-fwlxvs1.top
1win-fxa0.cam
1win-fxkd5.buzz
1win-fxseu.buzz
1win-fzypci.top
1win-fzypci1.top
1win-g0dw0.buzz
1win-g1gn8.buzz
1win-g1tmr.top
1win-g1win.top
1win-g2u3v.buzz
1win-g26y3.top
1win-g94il.buzz
1win-g6213.buzz
1win-ga.com
1win-gam1.top
1win-gambling.ru
1win-game.click
1win-game.cyou
1win-game.net
1win-game.online
1win-game.site
1win-game.su
1win-game1.click
1win-game1.com
1win-game1.cyou
1win-game1.fun
1win-game1.org
1win-game1.xyz
1win-game6.fun
1win-game24.top
1win-games.click
1win-games.cyou
1win-games.net
1win-games.sbs
1win-games77.top
1win-gamess.ru
1win-games-play.ru
1win-game-go.xyz
1win-game-online.ru
1win-game-slots.fun
1win-game-slots.site
1win-game-slots.xyz
1win-game-slots-31rr.buzz
1win-game-slots-hixo.buzz
1win-game-slots-st8n.buzz
1win-gaming.com
1win-gaming-amp.site
1win-gateway4.casino
1win-gay.lol
1win-gb01.sbs
1win-gbziw.buzz
1win-gc4cr.buzz
1win-gde.top
1win-gds2.cam
1win-gduh1.buzz
1win-gdw3.top
1win-ge.com
1win-ges2.buzz
1win-gfgjl.buzz
1win-gftwi.buzz
1win-gfz.top
1win-gg.info
1win-gg.top
1win-gg1g.top
1win-gg2c.top
1win-ggg1.xyz
1win-ggg3.top
1win-ggg4.top
1win-ggg4.xyz
1win-ggg5.xyz
1win-ggg6.top
1win-ggg6.xyz
1win-ggg7.top
1win-ggg8.top
1win-ggg8.xyz
1win-ggg9.top
1win-ggg10.top
1win-ggg12.top
1win-ggg13.top
1win-ggg14.top
1win-ggg16.top
1win-ggg18.top
1win-ggj.top
1win-ggw.top
1win-gh.com
1win-ghan.com
1win-ghana.com
1win-ghd.site
1win-ghr1.buzz
1win-gi1yj.top
1win-gi3st.buzz
1win-gi828.buzz
1win-gil.top
1win-giris-turkey.com
1win-gj01.casino
1win-gjk0.cam
1win-gjuwb.buzz
1win-gjw.xyz
1win-gk2.top
1win-gkj.site
1win-gkjx.buzz
1win-gksdy.top
1win-gkw5.top
1win-gl90.top
1win-gle.top
1win-gle4.top
1win-global.click
1win-global.com
1win-global.cyou
1win-global1.ru
1win-gme4.top
1win-gme5.top
1win-gme6.top
1win-gmf5.top
1win-gmvgt.buzz
1win-gnt.xyz
1win-gnz.lol
1win-gnz.xyz
1win-go.top
1win-go1a.top
1win-go1b.top
1win-go1c.top
1win-go1d.top
1win-go1e.top
1win-go1f.top
1win-go1g.top
1win-go1w.top
1win-goi3.buzz
1win-gol.xyz
1win-gold01.xyz
1win-gold4.fun
1win-gold378.ru
1win-golit.pw
1win-got.top
1win-gov.top
1win-go-win.top
1win-go-win01.top
1win-go-win02.top
1win-go-win-e.xyz
1win-go-win-f.xyz
1win-go-win-g.xyz
1win-go-win-h.xyz
1win-go-win-j.xyz
1win-go-win-k.xyz
1win-go-win-l.xyz
1win-go-wlin-n.top
1win-gp20.top
1win-gpp.top
1win-gpr.top
1win-gprpf.buzz
1win-gqoa.top
1win-gqob.top
1win-gqoc.top
1win-graa.top
1win-grab.top
1win-graz.top
1win-greatb.com
1win-greece.com
1win-grz.top
1win-gs1.top
1win-gsa3u.top
1win-gsgxt.buzz
1win-gsv8.top
1win-gswjw.top
1win-gta.com
1win-gtb.top
1win-gtj5.top
1win-gts1.top
1win-gts2.top
1win-gts4.top
1win-gtt.top
1win-guatemala.com
1win-guatemala.net
1win-gues.com
1win-gues.top
1win-guide.com
1win-gur.top
1win-guru.com
1win-gux1.cam
1win-gv9n8.top
1win-gvtum.top
1win-gw99.top
1win-gwgsi.top
1win-gx3v8.buzz
1win-gxm6m.top
1win-gy5mq.buzz
1win-gyj8.top
1win-gyk8.buzz
1win-gyn.cam
1win-gz6mu.buzz
1win-gze4.cam
1win-gzl.top
1win-h0vah.top
1win-h0w7t.buzz
1win-h1tv.buzz
1win-h3mmd.buzz
1win-h4mx0.buzz
1win-h8keb.buzz
1win-h9os.buzz
1win-h19zk.buzz
1win-hai.top
1win-hci9.top
1win-hd17.buzz
1win-hdd.top
1win-hdqa4.top
1win-hec.online
1win-hed3i.top
1win-hfm8.cam
1win-hfwlx.buzz
1win-hg0.top
1win-hg1.top
1win-hg8ad.buzz
1win-hgfr.ru
1win-hgi9p.top
1win-hhq3.buzz
1win-hht.lol
1win-hi1.top
1win-hiebj.buzz
1win-hiekeb.top
1win-hiekeb1.top
1win-himjd.buzz
1win-hinen.buzz
1win-hizqtm.top
1win-hizqtm1.top
1win-hj3.top
1win-hje8w.buzz
1win-hji.top
1win-hjk2.top
1win-hjk4.top
1win-hkg.top
1win-hku3.top
1win-hl.ru
1win-hla.lol
1win-hla4.buzz
1win-hlaqd.buzz
1win-hlg7.top
1win-hlt7.buzz
1win-hmvd2.top
1win-hn1uk.top
1win-hn02.top
1win-hnbbz.buzz
1win-hng.xyz
1win-hnl1z.buzz
1win-hns.lol
1win-hnu0.buzz
1win-hnv.top
1win-hop.buzz
1win-hor1s.top
1win-hor2s.top
1win-hora.top
1win-horb.top
1win-hors.top
1win-hoy.top
1win-hpe.online
1win-hq1bc.buzz
1win-hqw.online
1win-hrzes.buzz
1win-hs7zo.buzz
1win-hse.top
1win-hstw.buzz
1win-hua.top
1win-hurmj.buzz
1win-hux35.buzz
1win-hvo.top
1win-hvp.cam
1win-hw54.casino
1win-hw55.casino
1win-hwu7o.top
1win-hwy.top
1win-hx6g.buzz
1win-hxx.buzz
1win-hyrma.buzz
1win-hyvwc.buzz
1win-hyz1.cam
1win-hza11.top
1win-hzb0.top
1win-hzisdt.top
1win-hzisdt1.top
1win-i1.win
1win-i1jdv.top
1win-i2b60.top
1win-i2jhg.site
1win-i3.top
1win-i5hi9.buzz
1win-i5y24.buzz
1win-i6h30.top
1win-i6qgb.top
1win-i7byx.top
1win-i9aa.lol
1win-i9i1v.buzz
1win-i9k2a.top
1win-i9kly.buzz
1win-i9tb.buzz
1win-i10.top
1win-i11.top
1win-i12.top
1win-i14.top
1win-i15.top
1win-i16.top
1win-i17.top
1win-i18.top
1win-i61vr.top
1win-i75h.lol
1win-i256x.buzz
1win-i569j.top
1win-iar3.cam
1win-iasa.top
1win-iasb.top
1win-iasc.top
1win-iasd.top
1win-iaso.top
1win-iaz2.cam
1win-iazgq.buzz
1win-ib77t.buzz
1win-ica.lol
1win-icq0.cam
1win-icva.top
1win-icvs.top
1win-id.cc
1win-id.com
1win-id.cool
1win-id.my
1win-iedtq.top
1win-iex.top
1win-iexa.top
1win-iexb.top
1win-iexc.top
1win-iexo.top
1win-iexp.top
1win-ifb.cam
1win-ifj.top
1win-ifspj.top
1win-igaming.com
1win-igite.buzz
1win-igrat2025.ru
1win-igraty.ru
1win-igrovie-avtomaty.casino
1win-igrovie-avtomaty.club
1win-igrovie-avtomaty.fun
1win-igrovie-avtomaty.pw
1win-igrovie-avtomaty.shop
1win-igrovie-avtomaty.website
1win-igrovie-avtomaty-bnfi.buzz
1win-igrovie-avtomaty-u838.lol
1win-igvso.buzz
1win-ih.top
1win-iii-offi20.buzz
1win-iii-offi22.top
1win-iii-offi24.top
1win-iii-official2.top
1win-iii-official11.xyz
1win-iii-official15.top
1win-iii-official18.top
1win-iii-official19.top
1win-iik7.top
1win-iil1.top
1win-iil2.top
1win-iil3.top
1win-iil5.top
1win-iin6.top
1win-iip4.top
1win-iirv1.top
1win-iis.top
1win-ijb4.top
1win-ijrjs.buzz
1win-ikn.top
1win-iko12.top
1win-iko13.top
1win-iko14.top
1win-iko15.top
1win-ikr.cam
1win-ikvqx.buzz
1win-im1nt.buzz
1win-imba.top
1win-imyt.top
1win-imz.buzz
1win-in1.com
1win-inbet.com
1win-incfe.buzz
1win-india.in
1win-indonesia.com
1win-indonesia.net
1win-indonesian.com
1win-indonesia-link-alternatif.com
1win-ink4.top
1win-inlgr.buzz
1win-inn1.top
1win-ins.lol
1win-installer.com
1win-invest.com
1win-invest.org
1win-invest.ru
1win-in-india.com
1win-io2a.top
1win-io2c.top
1win-io2d.top
1win-io2s.top
1win-io3d.top
1win-io4d.top
1win-ioia.top
1win-ioib.top
1win-ioio.top
1win-ios.cyou
1win-ios.xyz
1win-iot.site
1win-iow.top
1win-iow6.top
1win-iphone.click
1win-iphone.cyou
1win-iphone.info
1win-iphone43.top
1win-ips.top
1win-iqavs.buzz
1win-ir3w1.buzz
1win-irj.top
1win-iry.cam
1win-is0hm.top
1win-is3sd.top
1win-isc.cam
1win-isxa.top
1win-italy-it.com
1win-itntw.buzz
1win-iu3en.buzz
1win-ivg2.cam
1win-ivs.xyz
1win-iwqwi.buzz
1win-ixu5h.buzz
1win-iyg.top
1win-iylw.buzz
1win-iz6u3.buzz
1win-izb67.buzz
1win-izz7.top
1win-j15.top
1win-j90.top
1win-jchgk.top
1win-jcs.xyz
1win-jct9.buzz
1win-jdw.cam
1win-jeg.store
1win-jesxm.buzz
1win-jetx.cyou
1win-jj.top
1win-jjreb.buzz
1win-jkb.cam
1win-jnx.xyz
1win-jxu.cam
1win-k2d.top
1win-slotz.website
1win--casino.online
1win--casino.ru
1win--slot.ru
1win--slots.ru
1win--top.ru
1w-app.com
1w-atend.life
1w-bmyn.top
1w-ctend.life
1w-domen.ru
1w-dtend.life
1w-fsreswsqc-ska3klk.pw
1w-fsreswsqw-ska3klk.pw
1w-fsreswzxc-ska3klk.pw
1w-fsrewsqw-ska3klk.pw
1w-fsrewswxzw-ska3klk.pw
1w-ftend.life
1w-ftend-dev-pp.life
1w-ftend-pp.life
1w-ftend-tst.life
1w-gaxz.top
1w-go-winplay.pw
1w-hsli.top
1w-hukilom.pw
1w-hukilon.pw
1w-in.ru
1w-invest.com
1w-kihur.pw
1w-mobile.life
1w-pro.com
1w-sghd.top
1w-tst-108.life
1w-tst-main1.life
1w-ugcv.top
1w-uz.top
1xbet.com
01xbet.ru
0001xhamster.com
01z.casino
01z.shop
1-1win.ru
1-1win.site
1-1win-game.ru
1-1win-zerkalo.ru
1-1xbet.top
1-1xmirror.com
01-02.casino
1-7k.casino
01-10.casino
1-11klas.ru
01-12.casino
01-12zerkalo.casino
01-12zerkalod.casino
01-12zerkalodb.casino
01-27.casino
1-37.casino
1-admiralx.club
1-admiralx.icu
1-admiralx.ru
1-admiralxxx.site
1-admiral-x.club
1-akn.ru
1-al.ru
1-amed.ru
1-audioknigi.online
1-aviator.com
1-azino777.ru
1-bc2best.at
1-bet.casino
1-bs2best.art
1-bs2best.at
1-casia001.ru
1-daddy-casino.fun
1-dar.ru
1-diplom.online
1-diplom.pro
1-diplom.ru
1-diplom.top
1-diploma.biz
1-diploma.click
1-diploma.online
1-diploma.pro
1-diploma.ru
1-diploma.top
1-diplomm.ru
1-diploms.ru
1-diplomv.online
1-diplomv.ru
1-enterprise.com
1-female.ru
1-go.casino
1-gocasino-mia1.ru
1-gocasino-mia2.ru
1-gocasino-mia3.ru
1-go-casino.com
1-h-win-casino.ru
1-h-win-casino.store
1-iks-bet.ru
1-imagehost.com
1-jbi.ru
1-kino.ru
1-klassa.ru
01-klinika-21.ru
1-kotel.ru
1-kra.cc
1-kra46-cc.ru
1-krab4cc.ru
1-krab-cc.ru
1-lady.ru
1-lenta.ru
1-lombard.ru
1-lordfilm.me
1-luckyjet.com
1-majskoe.ru
1-mfo.ru
1-musical.ru
1-oe55.online
1-oe55.ru
1-pocketoption.com
1-pokerdom.com
1-poker-dom.ru
1-r7.casino
1-sefon.pro
1-slot.ru
1-slot.site
1-vet.ru
1-vin.ru
1-vin-bk.sbs
1-vin-bk.xyz
1-vin-zerkalo-site.ru
1-vodka.casino
1-vodka-casino.ru
1-wim.ru
1-wim.site
1-win.bingo
1-win.casino
1-win.club
1-win.com
1-win.digital
1-win.es
1-win.game
1-win.id
1-win.in
1-win.it
1-win.md
1-win.org
1-win.pk
1-win.ru
1-win.su
1-win.tj
1-win1.club
1-win3.club
1-win11.top
1-win13.xyz
1-win14.xyz
1-win15.xyz
1-win16.xyz
1-win24.xyz
1-win26.xyz
1-win44.top
1-win45.top
1-win46.top
1-win47.top
1-winaffiliate.com
1-winbk.ru
1-wincasino.cfd
1-wincasino.in
1-wincasino.lol
1-wincasino.sbs
1-wincasinorf.ru
1-wincasinosplay.ru
1-wincasino-download.sbs
1-wincazino.sbs
1-wincazino-mobilnaya.cfd
1-windf1.top
1-windf2.top
1-windf2c.top
1-windf3a.top
1-winfr1.top
1-winfr2.top
1-wingame.com
1-wingame.ru
1-wingames-slots.baby
1-wingames-slots.xyz
1-wingame-slot.cfd
1-wingame-slot.icu
1-wingame-slot.lol
1-wingame-slots.sbs
1-wingame-slots.xyz
1-wingame-sloty.cfd
1-wingame-sloty.cyou
1-wingame-sloty.sbs
1-winhj.top
1-winhj1q.top
1-winhj2l.top
1-winkasino.cfd
1-winkasino.club
1-winkasino.cyou
1-winkasino.lol
1-winkasino.sbs
1-winkasino-besplatno.sbs
1-winkazino.cfd
1-winkazino.click
1-winkazino.ru
1-winkazino.sbs
1-winkazino.xyz
1-winofficiall-site-vhod.cfd
1-winofficiall-site-vhod.click
1-winofficiall-site-vhod.space
1-winofficia-bk.sbs
1-winop.top
1-winru.ru
1-wins.ru
1-wins1.top
1-winuz.com
1-winx.net
1-winzerkalo.ru
1-win-amp.com
1-win-amp.ru
1-win-amp-1.ru
1-win-amp-2.ru
1-win-amp-3.ru
1-win-amp-46.xyz
1-win-amp-47.xyz
1-win-amp-49.xyz
1-win-amp-51.xyz
1-win-amp-52.xyz
1-win-amp-53.xyz
1-win-amp-54.xyz
1-win-amp-55.xyz
1-win-amp-57.xyz
1-win-amp-58.xyz
1-win-amp-59.xyz
1-win-amp-60.xyz
1-win-amp-64.xyz
1-win-amp-70.site
1-win-amp-71.site
1-win-amp-72.site
1-win-amp-73.site
1-win-amp-74.site
1-win-amp-75.site
1-win-amp-76.site
1-win-amp-7761855.site
1-win-amp-7835462.site
1-win-amp-7936269.site
1-win-amp-8025276.site
1-win-amp-8163723.site
1-win-amp-8263727.site
1-win-amp-8385274.site
1-win-amp-8497971.site
1-win-amp-8534392.site
1-win-amp-8696818.site
1-win-amp-8792253.site
1-win-app.lol
1-win-app.ru
1-win-aviator.ru
1-win-bet.com
1-win-bet.kz
1-win-bet-official.ru
1-win-bk.lol
1-win-bk.xyz
1-win-bonus.site
1-win-bonus.website
1-win-cacinoz.cfd
1-win-cacinoz.sbs
1-win-casino.baby
1-win-casino.com
1-win-casino.cyou
1-win-casino.in
1-win-casino.lol
1-win-casino.monster
1-win-casino.net
1-win-casino.org
1-win-casino.pics
1-win-casino.site
1-win-casinos.cfd
1-win-casinos.sbs
1-win-casinos.top
1-win-casinoslicense.cfd
1-win-casinoslicense.sbs
1-win-casinoslicense.xyz
1-win-casinos-official.cfd
1-win-casinos-official.sbs
1-win-casinoz.top
1-win-casinozclub.cfd
1-win-casinozclub.cyou
1-win-casinozclub.sbs
1-win-casinozlicense.best
1-win-casino-ar.com
1-win-casino-official.cfd
1-win-casino-official.cyou
1-win-casino-official.sbs
1-win-cazinox.cfd
1-win-cazinox.sbs
1-win-cazinoz.cfd
1-win-cazinoz.click
1-win-cazinoz.cyou
1-win-cazinoz.lol
1-win-cazinozclub.cfd
1-win-cazinozclub.sbs
1-win-cazino-download.cfd
1-win-download.sbs
1-win-finibet.sbs
1-win-game.com
1-win-game.ru
1-win-games.com
1-win-games.in
1-win-gb.com
1-win-kasino.casino
1-win-kasino.cfd
1-win-kasino.club
1-win-kasino.cyou
1-win-kasino.sbs
1-win-kasinoc.sbs
1-win-kasinos.baby
1-win-kasinos.cfd
1-win-kasinos.click
1-win-kasinos.sbs
1-win-kasinoz.cfd
1-win-kasinoz.pics
1-win-kasinoz-x.cfd
1-win-kasinoz-x.cyou
1-win-kasinoz-x.lol
1-win-kasinoz-x.sbs
1-win-kasino-money.cfd
1-win-kasino-money.cyou
1-win-kasino-money.monster
1-win-kasino-money.sbs
1-win-kasino-money.xyz
1-win-kazino.biz
1-win-kazino.cfd
1-win-kazino.cyou
1-win-kazino.fun
1-win-kazino.kz
1-win-kazino.lat
1-win-kazino.online
1-win-kazino.pics
1-win-kazino.ru
1-win-kazino.sbs
1-win-kazinoonline.ru
1-win-kazinos.click
1-win-kazinos.club
1-win-kazinos.shop
1-win-kazinos.store
1-win-kazinos.xyz
1-win-kazino-money.casino
1-win-kazino-money.cfd
1-win-kazino-money.icu
1-win-kazino-money.sbs
1-win-kz.org
1-win-license-site-bk.sbs
1-win-live.com
1-win-lucky-jet.ru
1-win-mines.online
1-win-mobile.online
1-win-mobile.ru
1-win-now.com
1-win-official.com
1-win-official.shop
1-win-officiale.pw
1-win-officialsite.sbs
1-win-officialsite-cazinos.cfd
1-win-online.com
1-win-online.online
1-win-poker.sbs
1-win-promo.ru
1-win-site.ru
1-win-today.casino
1-win-today.lol
1-win-token.com
1-win-tr.com
1-win-uz.com
1-win-uzb.com
1-win-uzbekistan.com
1-win-zerkalo.ru
1-x.bet
1-xbet.biz
1-xbet.in
1-xbet.ke
1-xbet.org
1-xbet.ph
1-xbet.pro
1-xbet.ru
1-xbet.today
1-xbet.top
1-xbet6.com
1-xbet7.com
1-xbet8.com
1-xbet9.com
1-xbet10.com
1-xbet13.com
1-xbet14.com
1-xbet15.com
1-xbet16.com
1-xbet17.com
1-xbet18.com
1-xbet19.com
1-xbet20.com
1-xbet8720959.top
1-xbet8907253.top
1-xbet8937571.top
1-xbetgamey3.xyz
1-xbetq.xyz
1-xbetxbet.top
1-xbet-casino.xyz
1-xbet-casinos-bonus.ru
1-xbet-cazino.ru
1-xbet-com.ru
1-xbet-easy.club
1-xbet-kasino.cfd
1-xbet-kazinos-win.ru
1-xbet-site.online
1-xbet-tj.com
1-xbet-website.club
1-xbit.casino
1-xcasinolive.com
1-xmirror.com
1-xmirrors.com
1-xslot.com
1-xslot.net
1-xslot.org
1-xslot.ru
1-xslot.space
1-xslots.casino
1-xslots.net
1-xslots.online
1-xslots.org
1-xslots.ru
1-xslots.site
1-xslots.xyz
1-xz-1.space
1-x-admiral.club
1-x-bet.com
1-x-bet.ke
1-x-bet.kz
1-x-bet.org
1-x-bet.ru
1-x-betmirror.com
1-x-betting.ru
1-x-bet-1mob.ru
1-x-bet-mob.ru
1-x-bet-vi.com
1-x-bet-ya-25.com
1-x-mirror.com
1-x-mirrors.com
1-x-slots-casino.online
1-x-stavka.ru
1-x-stavka1.ru
1-yur.ru
1-zenvix.xyz
1-zerkalo.top
1-zerkalo1.top
02feb.casino
2ji.pink
2lib.org
02lordfilm.pro
02m.casino
02new.casino
02r.ru
02rs.biz
02spravochka.ru
002x.casino
02-02g.casino
003.casino
003.su
3dn.ru
03gubkin.ru
03lordfilm25.digital
03nk.ru
03nov.ru
03samara.ru
03-01.casino
03-02g.casino
04c.casino
04d.buzz
4dosug.com
4ertic.com
4ertik.cam
4kfilm.pics
4k-hd.cyou
04lordfilm25.digital
4plebs.org
05gb1.ru
5jyexf2k.click
05k.buzz
05kilo.com
05lordfilm25.digital
5lordserial.tokyo
05-01.casino
05-flagman-set-26.top
05-irwin-ojf16.bet
05-pokerdom-24-top.life
05-pokerdom-lux27.bet
05-selektor-oem16.bet
05-selektor-set-26.top
05-selektor-soi17.top
05-zooma-19muv.top
05-zooma-19tao.top
05-zooma-27.bet
06aurora.com
007.farm
07azino777.ru
07b.click
007casino.top
007casino-r7.ru
7chan.org
007dom.ru
07e.casino
007k.casino
07lordfilm25.digital
7rtv.buzz
007tur.ru
007v.casino
07x.buzz
8b.io
8lordserial.skin
08xcvaz4.top
09b.click
09d.buzz
09e.click
09i.buzz
09k.buzz
09lab.ru
009r.casino
9rtv.online
09sosh11.ru
09svetlyachok.ru
09uu0u0.com
09v.casino
09-01.casino
10absolut777.com
10allrightcasino.com
10aurora.com
10avtorov.com
10azin777o.ru
10azino777.ru
10bahis.icu
10barshop.ru
10bestbuylist.com
10bestcasino.club
10bestcasino.ru
10bestcasinos.top
10bestcasino-top.ru
10bestcazinos.ru
10best-vpn.com
10bet.com
10buds.com
10bukmekerov.com
10casino.ru
10casino.top
10casinolist.com
10casinotop.ru
10cazino1.ru
10cazinos-best.ru
10cazino-best.ru
10cazino-top.ru
10cheki.info
10cra.cc
10dance.ru
10divizia.ru
10docs.icu
10docs.top
10docs-1.icu
10docs-2.icu
10fruitatawins.top
10goldfishka.com
10goxbet.com
10gp18.ru
10grand-casino.com
10i5.ru
10kapp.monster
10kopeek-slots.xyz
10kra.to
10kraken.cc
10krm.cc
10lb.ru
10levels.ru
10liste.com
10lordserial.art
10lordserial.pro
10lordserial.pw
10lordserial.site
10lordserials.xyz
10m.casino
10mail.org
10mestasil.ru
10mg.at
10minemail.com
10minutemail.com
10minutemail.net
10newzerkalo1x.ru
10orca88.club
10orca88.com
10orca88.tv
10orca88.vip
10pd-stat.com
10pinco.com
10pinupcasinoss.com
10playfortuna.cyou
10prema365-diploms.com
10proga.ru
10r.buzz
10ramenbet.com
10rdfilm.online
10rdfilmm.online
10royalrussia32.com
10rulonov.ru
10shagov.org
10spinbetter01.life
10spinbetter01.ru
10spinbetter01.site
10spinbetter01.su
10tkalive.com
10tkatop.com
10tkawin.com
10top.shop
10top.website
10topbestcasino.ru
10topbestcazino.ru
10topbets.xyz
10topbonuses.xyz
10topcasino.info
10topcasino.net
10topcasino.ru
10topcasino.su
10topcasinos.info
10topcasinos.ru
10top-casinos.me
10top-casinos.top
10top-casinos.xyz
10top-slots2025.ru
10v.shop
10velo.ru
10vologda.ru
10vulkanchik.site
10v-c.info
10xcasino.com
10xfusion.pro
10xmegaoption.com
10xmoore.com
10xwealthbuilder.cloud
10-01.casino
10-admiralxxx.site
10-admiral-x.icu
10-bestcazinos.ru
10-bests-casino.com
10-casino.net
10-casino.ru
10-casinolist.com
10-casinotop.ru
10-casino-online.top
10-cazinotop.ru
10-check.ru
10-lordfilm.ru
10-online-casino.ru
10-online-casino-4.top
10-online-casino-5.top
10-online-casino-7.top
10-online-casino-8.top
10-online-casino-10.top
10-online-casino-11.top
10-region.ru
10-rublej.ru
10-school.ru
11.lv
11absolut777.com
11admiral-x.com
11azino888.win
11b.click
11casino7.site
11casino-x-com.ru
11countries.com
11d.casino
11ege.ru
11golden-game.com
11goldfishka.com
11goxbet.com
11gram.biz
11gram.cc
11gram.me
11gram.org
11gram.pro
11gram.top
11gram.vip
11il.com
11klasov.com
11klasov.ru
11kmp.com
11kraken.at
11laki.com
11lordserial.lol
11lordserial.online
11lordserial.space
11lordserial.top
11lordserials.xyz
11luckybonus-ru.xyz
11m.casino
11n.buzz
11n.click
11november.casino
11orca88.club
11orca88.com
11orca88.tv
11orca88.vip
11pd-stat.com
11pinupcasinoss.com
11proxy.online
11ramenbet.com
11slot.site
11slot78.win
11soclift.online
11topbonuses.xyz
11twin.top
11v.casino
11v.click
11vodka.casino
11vodka11.ru
11vulkanbonus.site
11vulkanchik.site
11v-c.info
11xbet.xyz
11xmirror.com
11-01.casino
11-11.casino
11-admiralxxx.site
11-kanal.ru
11-lordfilmy.ru
12absolut777.com
12azino777.ru
12azinomobile.ru
12bet.net
12c.buzz
12casino7.site
12cra.at
12d.casino
12empire.ru
12g.click
12goldfishka.com
12goxbet.com
12in12.site
12kazinora.ru
12km.ru
12krugov.com
12laki.com
12lordserial.fun
12lordserial.site
12m.casino
12months.biz
12official.casino
12on-x75.casino
12orca88.club
12orca88.tv
12orca88.vip
12pd-stat.com
12pinupcasinoss.com
12play2.com
12prostitutki.com
12ramenbet.com
12rodnikov.ru
12sad.ru
12shkolaokt.online
12shkolaokt.ru
12slot78.win
12slottica.com
12soclift.online
12spinto5.casino
12spinto8.casino
12steps-krasnodar.ru
12studio.ru
12trader.com
12tree.ru
12trip.io
12vl.ru
12vulkanchik.site
12v-c.info
012w.casino
12win88.com
12x.buzz
12yan.casino
012ygmvd5iw3.site
12-01.casino
12-divanov.ru
12-lordfilm.ru
12-lordfilmy.ru
12-lordserials.xyz
12-shkola.ru
12-trip.biz
13absolut777.com
13agovor-rest.ru
13av12.icu
13b.click
13clubvulkan79.com
13cra.cc
13d.casino
13element-al.ru
13goxbet.com
13grand-casino.com
13kazinora.xyz
13klinicheskajaserialy.online
13klinicheskajasezon.online
13klinicheskayasezon.online
13kordon.ru
13l.casino
13lordserial.fun
13lordserials.xyz
13lordserial-0.xyz
13m.casino
13n.top
13orca88.club
13orca88.com
13orca88.tv
13orca88.vip
13partners-stat2.com
13pd-stat.com
13pinupcasinoss.com
13porno.com
13ramenbet.com
13rdfilm.online
13reasons-why-hdrezka.net
13samogon.ru
13shkola.ru
13spinto9.casino
13top.ru
13v.click
13vodka13.ru
13vulkanchik.site
13v-c.info
13x4.cc
13xcasino.com
13zal.ru
13-01.casino
13-lordfilmy.ru
13-pr.com
13-reasons-why-lordfilm.ru
13-school.ru
14.tf
14absolut777.com
14azino777.ru
14b.ru
14bitmidi.com
14cra.cc
14d.casino
14goxbet.com
14lordfilm.fun
14lordserial.pw
14lordserials.xyz
14m.casino
14metrov.biz
14ng.ru
14orca88.com
14orca88.tv
14orca88.vip
14paradis.fr
14pd-stat.com
14pinupcasinoss.com
14ramenbet.com
14rcpmss.ru
14ryabinka.ru
14skazka.ru
14topkazinobonus.xyz
14v-c.info
14-01.buzz
14-01.casino
14-01.online
14-01k.casino
14-01s.casino
14-18.ru
14-dosug.com
14-lordfilm.ru
15absolut777.com
15best.ru
15c.buzz
15casino.site
15coinsgrand.top
15d.casino
15dayvic.ru
15dragoncoins.top
15g.click
15gkb.ru
15i.casino
15lordfilm.online
15lordfilm.ru
15lordserials.xyz
15m.casino
15m.click
15min.lt
15n.buzz
15on-x43.casino
15orca88.com
15orca88.tv
15orca88.vip
15pinupcasinoss.com
15putanu.com
15puzzle.ru
15r.casino
15r.top
15ramenbet.com
15slot78.win
15topkazinobonus.xyz
15vulkanbonus.site
15v-c.info
15x04yzh1t.space
15-01.casino
15-01.online
15-02.ru
15-dieta.ru
15-lordserials.xyz
15-school.ru
16absolut777.com
16casino-x-com.ru
16coinsgrandgold.top
16coinsxmas.top
16d.casino
16flagman1.ru
16flagman2.ru
16flagman3.ru
16flagman4.ru
16honeys.com
16i.casino
16kr.cc
16kra16.cc
16lordfilm.bond
16lordfilm.fun
16lordfilm.online
16lordserials.xyz
16m.casino
16no.ru
16on-x.casino
16orca88.com
16orca88.tv
16orca88.vip
16pinupcasinoss.com
16qcoi5kt.com
16ramenbet.com
16slot78.win
16slottica.com
16spinto3.casino
16supercatcasino.club
16tm8-admiral-x.net
16topkazinobonus.xyz
16-01.casino
16-casino-x.com
16-lordfilm.ru
16-lordfilmy.ru
17absolut777.com
17admiralx.ru
17aurora.com
17d.casino
17joycasino-com.ru
017k.casino
17kazino.com
17kra17.at
17krak.at
17kraken.com
17l.ru
17loft.ru
17lordfilm.bond
17lordfilm.fun
17lordfilm.online
17lordserial.online
17lordserial.xyz
17m.casino
17magicreels.com
17maltzewa.ru
17na19.ru
17orca88.com
17orca88.vip
17pinupcasinoss.com
17putanu.com
17ramenbet.com
17rutor.site
17slot78.win
17topkazinobonus.xyz
17windiggers.com
17ya.ru
17-01.casino
17-10.com
17-lordfilm.ru
18absolut777.com
18abused.com
18anime.me
18avmm.tv
18azino777.ru
18boyanal.cc
18comic.org
18comic.vip
18comix.com
18comix.org
18d.casino
18devok2.ru
18doujin.com
18dreams.net
18e.click
18eldoradocasino24.com
18firstsex.com
18gaysex.com
18gayteen.com
18gaytwink.cc
18gaz.ru
18girlsporn.com
18in.biz
18kami.com
18kld.ru
18kraken.cc
18letpornovideo.cc
18letpornovideo.click
18letpornovideo.com
18letpornovideo.link
18letpornovideo.me
18letpornovideo.net
18letpornovideo.one
18letpornovideo.org
18lordfilm.fun
18lordfilm.online
18lordfilm-0.xyz
18lordserial.site
18lordserial.xyz
18m.casino
18misterxcasino.com
18n.click
18nabused.com
18nudeteens.net
18orca88.com
18pinupcasinoss.com
18porn.wtf
18porncomic.com
18porno.tv
18pornpic.com
18proverka.ru
18ramenbet.com
18sek.ru
18stav.ru
18t.click
18teen.me
18teenboys.net
18teensporn.pro
18teentubeporn.com
18teenvid.com
18teen-tube.com
18to.com
18top.link
18twinkporn.cc
18twinkxxx.cc
18twinkxxxtube.cc
18v.click
18videoz.com
18virginsex.com
18vk.at
18vr.com
18vsegda.ru
18xgirls.us
18younggays.com
18youngporn.net
18youngtube.com
18youngtwinks.com
18z01.casino
18-01.casino
18-ds.ru
18-july-rose-promo.link
18-july-rose-promo.net
18-july-rose-promo.top
18-lordfilm.ru
18-lordfilmy.ru
18-porno.ru
18-teen.net
18-teen-porn.com
18-teen-tube.com
19absolut777.com
19bar.ru
19centur.ru
19f.click
19girlsporn.com
19girlstube.com
19go.ru
19lordfilm.fun
19lordserial.online
19lordserial.pw
19lordserial.xyz
19m.casino
19maximumcasino.com
19q.casino
19ramenbet.com
19sh.ru
19slottica.club
19slottyway.com
19spinbounty.online
19x.buzz
19-01.casino
19-01db.casino
19-01dbl.casino
19-casino-x.com
19-leon-tft.top
19-lordfilm.ru
19-lordfilmy.ru
19-ok.ru
20m.buzz
20minut.ua
20-01rdf.casino
021.casino
21t.click
022.casino
23-01gg.casino
24lordfilm.fun
24m.click
24new.fun
24off.top
24offs.online
24videos.biz
24x7olimp.online
24xxx.fyi
24-biz.net
25e.click
25i.online
26ts.com
26-01.casino
27-01g.casino
28-01.casino
29dec.casino
29-12.casino
30e.click
031.casino
31i.online
32e.click
32r.top
33sad.ru
035.casino
35e.top
035xod.org
36n.click
36v.click
037moviefree.com
038.casino
38niii.ru
39i.online
040.casino
041.casino
042.casino
42v.casino
043.casino
43n.store
044.casino
44b.casino
44e.casino
44rp.casino
44v.click
045.casino
45m.click
046.casino
048.casino
049.casino
49i.online
49t.click
050.casino
051.casino
51argocasino.com
052.casino
053.casino
53i.online
054.casino
055.casino
55e.click
056.casino
056.ua
057.casino
0057.ru
057.ua
058.casino
58e.top
58m.click
058martin.top
58q.top
059.casino
59x.buzz
060.casino
0060.ru
061.casino
61x.buzz
062.casino
63j.buzz
63m.buzz
065.casino
066.casino
66v.casino
067.casino
068.casino
069.casino
070.casino
072.casino
074.casino
74d.buzz
74girls.com
76dosug.com
077.casino
077b.top
77p.casino
77s.casino
77u.casino
79a.buzz
79j.buzz
83e.top
84l.buzz
85c.buzz
086uspravkis.biz
086y-spr.ru
086y-spr1.ru
086-medcentr.xyz
086-u-spravka.com
086-u-spravka.site
087.casino
087c.casino
088d.casino
88x.buzz
91cas.buzz
092b.top
095u.icu
095u-1.icu
095u-2.icu
095u-3.icu
97p.top
0100.casino
100a.casino
100advisors.ru
100b.casino
100bahis.icu
100balov.com
100bestonlinecasinos.com
100bezdep.com
100bonus.ru
100bonusov.com
100bookies.com
100c.casino
100casino.online
100casino.org
100casinopromocode.ru
100casinoslots.ru
100casinoslots.top
100casinovulkan.online
100casinoz.com
100cazinos.casino
100d.casino
100dal.ru
100dayswithenglish.ru
100docs.icu
100docs.top
100e.casino
100f.casino
100firm.ru
100founders.ru
100free-spins.ru
100fresh.ru
100frespin.space
100fsbezdepozit.space
100g.casino
100gia.ru
100gramm1-23-sochi.ru
100gramm1-247-chelyabinsk.ru
100gramm1-247-kaliningrad.online
100gramm1-247-kaliningrad.ru
100gramm1-247-kazan.online
100gramm1-247-kazan.ru
100gramm1-247-krasnoyarsk.online
100gramm1-247-krasnoyarsk.ru
100gramm1-247-novosibirsk.online
100gramm1-247-novosibirsk.ru
100gramm1-247-omsk.online
100gramm1-247-omsk.ru
100gramm1-247-perm.online
100gramm1-247-perm.ru
100gramm1-247-samara.online
100gramm1-247-samara.ru
100gramm1-247-saratov.online
100gramm1-247-saratov.ru
100gramm1-247-sochi.online
100gramm1-247-sochi.ru
100gramm1-247-spb.online
100gramm1-247-spb.ru
100gramm1-247-surgut.online
100gramm1-247-surgut.ru
100gramm1-247-ufa.online
100gramm1-247-ufa.ru
100gramm1-247-volgograd.online
100gramm1-247-volgograd.ru
100gramm1-247-voronezh.ru
100gramm2-247-kaliningrad.online
100gramm2-247-kaliningrad.ru
100gramm2-247-kazan.online
100gramm2-247-kazan.ru
100gramm2-247-samara.online
100gramm2-247-samara.ru
100gramm2-247-sochi.online
100gramm2-247-sochi.ru
100gramm2-247-spb.online
100gramm2-247-spb.ru
100gramm2-247-surgut.online
100gramm2-247-surgut.ru
100gramm2-247-ufa.online
100gramm2-247-ufa.ru
100gramm2-247-volgograd.online
100gramm2-247-volgograd.ru
100gramm2-247-voronezh.online
100gramm2-247-voronezh.ru
100gramm3-247-samara.ru
100gramm3-247-spb.online
100gramm3-247-spb.ru
100gramm4-24-7-irkutsk.ru
100gramm4-24-7-kazan.online
100gramm4-24-7-kazan.ru
100gramm4-24-7-krasnoyarsk.online
100gramm4-24-7-krasnoyarsk.ru
100gramm4-24-7-murmansk.online
100gramm4-24-7-murmansk.ru
100gramm4-247-omsk.online
100gramm4-247-omsk.ru
100gramm4-247-perm.online
100gramm4-247-perm.ru
100gramm4-247-spb.online
100gramm4-247-spb.ru
100gramm4-247-ufa.ru
100gramm5-24-7-murmansk.online
100gramm5-24-7-murmansk.ru
100gramm5-247-omsk.online
100gramm5-247-omsk.ru
100gramm5-247-perm.online
100gramm5-247-perm.ru
100gramm5-247-spb.ru
100gramm24-krasnoyarsk.online
100gramm24-krasnoyarsk.ru
100gramm36-voronezh.online
100gramm36-voronezh.ru
100gramm39-kaliningrad.online
100gramm39-kaliningrad.ru
100gramm64-saratov.online
100gramm64-saratov.ru
100gramm247-chelyabinsk.online
100gramm247-chelyabinsk.ru
100gramm247-kaliningrad.online
100gramm247-kaliningrad.ru
100gramm247-krasnoyarsk.online
100gramm247-krasnoyarsk.ru
100gramm247-moskva.online
100gramm247-moskva.ru
100gramm247-murmansk.online
100gramm247-murmansk.ru
100gramm247-nn.online
100gramm247-nn.ru
100gramm247-omsk.online
100gramm247-omsk.ru
100gramm247-samara.online
100gramm247-saratov.online
100gramm247-saratov.ru
100gramm247-sochi.online
100gramm247-sochi.ru
100gramm247-surgut.online
100gramm247-surgut.ru
100gramm247-ufa.online
100gramm247-ufa.ru
100gramm247-volgograd.online
100gramm247-volgograd.ru
100gramm1247-saratov.online
100gramm1247-saratov.ru
100grammchik-23krd.ru
100grammchik-krasnodar23.ru
100grammchik-krd.ru
100grammchik-krd123.ru
100gramm-1-kaliningrad.ru
100gramm-1-kazan.ru
100gramm-1-krasnoyarsk.ru
100gramm-16-kazan.ru
100gramm-23-sochi.online
100gramm-23-sochi.ru
100gramm-24-7-irkutsk.online
100gramm-24-7-irkutsk.ru
100gramm-24-7-kazan.online
100gramm-24-7-kazan.ru
100gramm-24-7-novosibirsk.online
100gramm-24-7-novosibirsk.ru
100gramm-24-7-surgut.online
100gramm-24-7-surgut.ru
100gramm-24-7-volgograd.online
100gramm-24-7-volgograd.ru
100gramm-36-voronezh.online
100gramm-36-voronezh.ru
100gramm-247-chelyabinsk.online
100gramm-247-chelyabinsk.ru
100gramm-247-kaliningrad.ru
100gramm-247-murmansk.online
100gramm-247-murmansk.ru
100gramm-247-novosibirsk.online
100gramm-247-novosibirsk.ru
100gramm-247-omsk.online
100gramm-247-omsk.ru
100gramm-247-perm.online
100gramm-247-perm.ru
100gramm-247-samara.online
100gramm-247-samara.ru
100gramm-247-spb.online
100gramm-247-spb.ru
100gramm-247-voronezh.online
100gramm-247-voronezh.ru
100gramm-irkutsk.online
100gramm-irkutsk.ru
100gramm-moskva.online
100gramm-moskva.ru
100grand-casino.com
100grm.ru
100h.casino
100i.casino
100i1salat.ru
100igrun.com
100ika.ru
100j.casino
100kraken.cc
100kreditov.ru
100krgratiscasinouteninnskuddento.com
100land.ru
100letvmeste.ru
100m.casino
100macterov.ru
100mall.ru
100medspravok.icu
100medspravok.ru
100medspravok.top
100medspravok2.top
100medspravok3.top
100medspravok-1.icu
100medspravok-2.icu
100med-spravok.ru
100mobile.ru
100motor.ru
100nodepositcasinobonus.ru
100nodepositcasinopromo.ru
100pdf.club
100pdf.net
100pinco.com
100pravda.com
100prichin.ru
100pudov.monster
100putani.live
100ramenbet.com
100rd.ru
100shmar.in
100slotov.casino
100slotov.games
100slots.net
100sochi.ru
100soft.ru
100spravok.com
100spravok.icu
100spravok.top
100spravok-1.icu
100spravok-2.icu
100strun.ru
100topcasinos.site
100uristov.ru
100vann.ru
100voprosovdoktoru.ru
100vulcanslots.com
100yakutia.ru
100zakazov.ru
100zencasino.com
100-30fsbonus.com
100-bonusov.com
100-check.ru
100-chekov.ru
100-chekove.ru
100-chekovq.ru
100-chekovr.ru
100-chekovw.ru
100-dnei-svobody-lordfilm.ru
100-doge.site
100-filmov.ru
100-gramm247-novosibirsk.online
100-gramm247-novosibirsk.ru
100-gramm-24-7-novosibirsk.online
100-gramm-24-7-novosibirsk.ru
100-gramm-247-novosibirsk.online
100-gramm-247-novosibirsk.ru
100-kazino.ru
100-knig.ru
100-spravok.site
100-spravok-1.site
0101.casino
101boyvideos.com
101casino.ru
101casinoslots.top
101dogovor.ru
101e.ru
101g.casino
101gagarin-stat1.com
101gagarin-stat2.com
101gagarin-stat3.com
101ggbet.com
101gruz.ru
101hotguys.com
101km.org
101mif.ru
101ohibka.ru
101ok.ru
101otzyv.ru
101p.ru
101partners-stat2.com
101radio.com
101ramenbet.com
101registerme.biz
101rtp.nz
101v.top
101vkusleta.ru
101y.casino
101-9fm.ru
101-diplom.site
101-diplom.top
101-diploma.top
101-diplomb.top
101-diplomc.top
101-diplome.top
101-diplomh.top
101-diplomi.top
101-diplomia.top
101-diplomib.top
101-diplomic.top
101-diplomid.top
101-diplomie.top
101-diplomif.top
101-diplomig.top
101-diplomih.top
101-diplomii.top
101-diplomij.top
101-diplomik.top
101-diplomil.top
101-diplomim.top
101-diplomin.top
101-diplomio.top
101-diplomip.top
101-diplomiq.top
101-diplomir.top
101-diplomis.top
101-diplomit.top
101-diplomiu.top
101-diplomiv.top
101-diplomiw.top
101-diplomix.top
101-diplomiy.top
101-diplomiz.top
101-diplomj.top
101-diplomk.top
101-diploml.top
101-diplomm.top
101-diplomn.top
101-diplomo.top
101-diplomp.top
101-diplomq.top
101-diplomq1.top
101-diplomqa.top
101-diplomqb.top
101-diplomqc.top
101-diplomqd.top
101-diplomqe.top
101-diplomqf.top
101-diplomqg.top
101-diplomqh.top
101-diplomqi.top
101-diplomqj.top
101-diplomqk.top
101-diplomql.top
101-diplomqm.top
101-diplomqn.top
101-diplomqo.top
101-diplomqp.top
101-diplomqq.top
101-diplomqr.top
101-diplomqs.top
101-diplomqt.top
101-diplomqu.top
101-diplomqv.top
101-diplomqw.top
101-diplomqx.top
101-diplomqy.top
101-diplomqz.top
101-diplomr.top
101-diplomsa.top
101-diplomsb.top
101-diplomsc.top
101-diplomsd.top
101-diplomse.top
101-diplomsf.top
101-diplomsi.top
101-diplomsj.top
101-diplomsk.top
101-diplomsl.top
101-diplomsm.top
101-diplomsn.top
101-diplomso.top
101-diplomsp.top
101-diplomsq.top
101-diplomsr.top
101-diplomss.top
101-diplomst.top
101-diplomsu.top
101-diplomsv.top
101-diplomsw.top
101-diplomsx.top
101-diplomsy.top
101-diplomsz.top
101-diplomt.top
101-diplomta.top
101-diplomtb.top
101-diplomtc.top
101-diplomtd.top
101-diplomte.top
101-diplomtf.top
101-diplomtg.top
101-diplomth.top
101-diplomti.top
101-diplomtj.top
101-diplomtk.top
101-diplomtl.top
101-diplomtm.top
101-diplomtn.top
101-diplomto.top
101-diplomtq.top
101-diplomtr.top
101-diplomts.top
101-diplomtt.top
101-diplomtu.top
101-diplomtv.top
101-diplomtw.top
101-diplomtx.top
101-diplomty.top
101-diplomtz.top
101-diplomu.top
101-diplomv.top
101-diplomw.top
101-diplomwa.top
101-diplomwd.top
101-diplomwe.top
101-diplomwf.top
101-diplomwi.top
101-diplomwj.top
101-diplomwk.top
101-diplomwo.top
101-diplomwp.top
101-diplomwq.top
101-diplomwr.top
101-diplomws.top
101-diplomwt.top
101-diplomwu.top
101-diplomww.top
101-diplomwy.top
101-diplomx.top
101-diplomy.top
101-diplomya.top
101-diplomyb.top
101-diplomyc.top
101-diplomyd.top
101-diplomye.top
101-diplomyf.top
101-diplomyg.top
101-diplomyh.top
101-diplomyi.top
101-diplomyj.top
101-diplomyk.top
101-diplomyl.top
101-diplomym.top
101-diplomyn.top
101-diplomyo.top
101-diplomyp.top
101-diplomyr.top
101-diplomys.top
101-diplomyt.top
101-diplomyu.top
101-diplomyv.top
101-diplomyw.top
101-diplomyx.top
101-diplomyy.top
101-diplomyz.top
101-diplomz.top
101-divan.ru
101-help.com
101-hotels.ru
0102.casino
102casoo.com
102diploma.ru
102newzerkalo1x.ru
102partners-stat2.com
102podcasts.com
102porno.club
102tovaramm.ru
102tube.com
103.casino
103bko.kz
103casoo.com
103newzerkalo1x.ru
103newzerkalo1xnew.ru
103newzerkalo1xnewtop.ru
103partners-stat2.com
103ramenbet.com
103spinamba.com
103vulkan.ru
104.casino
0104.info
104newzerkalo1x.ru
104on-x2.casino
104ua.ru
105matures.com
105newzerkalo1x.ru
105v.top
0106.info
107k.casino
107-azino888.win
108.casino
108supercatcasino.com
109supercatcasino.com
109-azino888.win
0110.casino
110newzerkalo1x.ru
110supercatcasino.com
111igrun.com
111newzerkalo1x.ru
111newzerkalo1xnew.ru
111newzerkalo1xnewtop.ru
111v.casino
111win.top
0112.casino
112.ua
112info.ru
112slotozlo.site
112-detsad-murmansk.ru
113.casino
113slotozlo.site
113solutioncbd.com
115ramenbet.com
115school.ru
115slotozlo.site
116.casino
116a.casino
116c.casino
116d.casino
116dengi.ru
116n.casino
116o.casino
117.casino
117d.casino
117k.casino
117prime.com
117spinamba.com
117-azino888.win
118.casino
119.kz
120.casino
120ds.ru
120rzn-caduk.ru
120-sad.ru
121m.buzz
121school.ru
121win.com
122joycasino.click
122joycasino.xyz
122newzerkalo1x.ru
122school.ru
123app.info
123av.com
123bay.org
123bit.xyz
123book.org
123downloads.org
123fr.info
123helpline.com
123igry.ru
123inside.net
123joycasino.xyz
123metra.ru
0123movie.net
123movies.ink
0123movies.ltd
123moviesd.com
123moviesfree.gold
123moviesfree.lol
123moviesfree.net
123moviesfree.pics
123moviesfree.team
123moviesonline.info
123moviess.se
123movies-putlocker.com
123music.app
123perevozki.ru
123porno.net
123proxy.info
123proxy.me
123putlocker.io
123ramenbet.com
123ramenbet.ru
123rent.ru
123rooms.net
123ru.info
123ru.net
123rutor.su
123sandalika.ru
123sport.me
123sport.tv
123streaming.org
123sumo.net
123tor.ru
123torr.com
0123tt.ru
123vid.top
123videos.top
123wrestling.com
123ya-uchebnik.ru
123-comp.ru
123-movies.quest
123-movies.vc
123-movies.zone
124.casino
124-krasnoyarskmedspravka.ru
124-medspravki-krasnoyarsk.ru
125okna.ru
125rc.biz
125rc.com
0126.casino
126r.top
0127.casino
127k.casino
127-zakon.ru
129.casino
129r.top
130nsk.ru
131.casino
131r.top
131v.top
132.casino
133.casino
133ramenbet.com
134.casino
134region.ru
135.casino
136.casino
136detsad.ru
137.casino
137k.casino
137pld.com
138leon.top
138on-x.casino
138sf.ru
138-azino888.win
139.casino
139r.top
139ramenbet.com
141newzerkalo1x.ru
141newzerkalo1xnew.ru
142.casino
143.casino
143porn.com
144.casino
144.kz
145.casino
146.casino
147.casino
147docz.com
147k.casino
147school.ru
148route.ru
149.casino
149slottica.com
150.casino
150magnatov.site
150ramenbet.com
150scriabin.ru
150slottica.com
150yearsyoung.com
150-hotels.ru
151.casino
152.casino
152ramenbet.com
152rem.ru
153.casino
153krsk.ru
154.casino
155.kz
156.casino
157k.casino
158.casino
158ramenbet.com
159.casino
160.casino
160redirect.com
161dosug.com
161v.biz
161vecher.ru
162.casino
162gp.online
162gp.ru
162on-x37.casino
162ramenbet.com
163avtoshkola.ru
163clubvulkan.com
163med-sprawka.ru
163ramenbet.com
163spravochka.ru
164.casino
165.casino
166.casino
166ramenbet.com
167.casino
167k.casino
168curry.com
169.casino
170.casino
171.casino
171orensad.ru
172.casino
172ramenbet.com
173.casino
173ramenbet.com
174.casino
174clubvulkan.com
174slottica.com
174zoo.ru
175.casino
175clubvulkan.com
175ramenbet.com
175slottica.com
176.casino
176slottica.com
177k.casino
178dypx.com
178ramenbet.com
179.casino
180degreeimaging.com
180ramenbet.com
180reg.cc
180slottica.com
181.casino
181ramenbet.com
182.casino
182ramenbet.com
183.casino
184.casino
184.education
184ramenbet.com
185.casino
186.casino
187.casino
187k.casino
187ramenbet.com
188ramenbet.com
188school.ru
188-bet2.com
190.casino
190a.ru
190vin.org
191.casino
191i.casino
191ramenbet.com
192.casino
192ramenbet.com
192xnxx.com
193.casino
193ramenbet.com
194.casino
195.casino
196.casino
0196.ru
196ramenbet.com
197k.casino
197ramenbet.com
198ramenbet.com
199.casino
199redirect.com
0200.casino
0201.casino
0201selector.click
0202g.casino
0202gg.casino
0202iri.casino
0202k.casino
0202li.casino
0209.casino
0209-leon.buzz
0212bonus.click
214e.casino
0219.info
220w.casino
0255.info
259z.top
261i.top
278m.casino
296.casino
0300.casino
0301.casino
0302c.casino
0302g.casino
0302ka.casino
0302zerkalo.casino
0303.casino
0312.casino
0312best.casino
312q.casino
315w.online
316b.top
321w.buzz
0333.casino
347w.buzz
350w.buzz
0362.ua
0368.info
0368.ru
369w.buzz
377.casino
394m.casino
0402g.casino
0412.casino
414.casino
0432.ua
0440.casino
0447.info
0453.info
0462.ua
469.casino
474.casino
482g.buzz
485.casino
489.casino
490.casino
491.casino
492.casino
0501.casino
0504.casino
0504bd.casino
0504d.casino
0505-leon.top
0512.casino
0525-vavada-win.bet
543q.casino
0550.casino
562.casino
563.casino
0564.ua
569.casino
0578.info
581gg.com
583dn.casino
0601.casino
0612.casino
0642.ua
651q.casino
0696.info
0700.casino
0707.casino
0712.casino
712e.casino
0714changhai.com
720-hd.me
721.casino
736.casino
737c.casino
744.casino
745.casino
746.casino
771m.casino
772.casino
774p.casino
0777.casino
777caz.top
777cs.casino
777new.online
777r.casino
0805-leon.bet
0812.casino
812bonus.casino
0821leon.top
0830jiaotong.com
871q.casino
888casino.com
888q.casino
901.casino
0905-1win.top
0905-flagman.top
0905-selector.top
0905-vavada.top
0909showroom.ru
911sewagecleanup.com
0912.casino
928m.casino
0941.info
981v.casino
983x.casino
985.casino
991n.casino
992m.casino
994.casino
1000.casino
1000bonus.online
1000bonus.space
1000bonus2.website
1000bonus3.fun
1000bookmakers.com
1000expert.ru
1000gost.ru
1000i1.ru
1000innovation.ru
1000joycasino.com
1000kings.com
1000letie.ru
1000lifehacks.online
1000lifehacks.ru
1000loudvoices.com
1000m.casino
1000medspravok-78.ru
1000otzyvov.com
1000palto.ru
1000plastinok.ru
1000porno.me
1000porno.net
1000porno.tv
1000primerov.net
1000primerov.ru
1000privorotov.ru
1000rubley.fun
1000rubleyi-vcasinos.fun
1000rubley-bezdep.website
1000rubley-bezdep2.website
1000rubley-casino1.fun
1000rubley-casino2.fun
1000rubley-casino3.fun
1000rubley-casino4.fun
1000rubley-vcasinos.fun
1000rubley-za-registratiu.fun
1000rubley-za-registratiu2.fun
1000rub-bonus.fun
1000rub-bonuss.fun
1000s.casino
1000seeds.info
1000sem.ru
1000sovetov-kak.ru
1000spravok.org
1000spravok.ru
1000spravok-1.org
1000tabletok.ru
1000topbonus.website
1000tv.icu
1000vill.ru
1000xcasino.net
1000-bonuss.fun
1000-medspravok-spb.ru
1000-podelok.ru
1000-primerov.org
1000-rubb.fun
1000-slots.ru
1001bonus.com
1001bonus.website
1001casino.com
1001diplom.ru
1001doroga.ru
1001dveri.ru
1001enjoy.ru
1001mebels.ru
1001moneta.ru
1001party.ru
1001pharmacy.net
1001sovetov.online
1001sovetov.ru
1001task.ru
1001tenkrasnodar.ru
1001tools4you.ru
1001vanna.ru
1001viktorina.ru
1001-parket.ru
1002bonus.website
1002news.ru
1003bonus.website
1003gagarin-stat2.com
1004bonus.website
1005bonus.website
1011-stom.ru
1012zerkalo.casino
1013.casino
1014.casino
1017.casino
1023.casino
1024x600.ru
1031.casino
1032.casino
1037.casino
1038.casino
1041.casino
1042.casino
1044.casino
1045samfm.com
1048.casino
1050.casino
1055.casino
1056.casino
1057.casino
1058.casino
1059.casino
1061.casino
1063.casino
1064.casino
1065.casino
1066.casino
1067.casino
1068.casino
1071.casino
1072.casino
1077.casino
1080kino.net
1080p4u.com
1080-hd.ru
1080-kino.com
1100.casino
1101.casino
1102.casino
1105-leon.bet
1109l.casino
1110.casino
1111candlelight.org
1111vpn.lol
1112.casino
1117.casino
1119.casino
1121school.ru
1121slot.xyz
1154.info
1166.casino
1167.casino
1168.casino
1169.casino
1170.casino
1171.casino
1172.casino
1173.casino
1174.casino
1175.casino
1176.casino
1178.casino
1179.casino
1180.casino
1201.casino
1202.ru
1207.casino
1208.casino
1209l.casino
1210.casino
1211.click
1212.casino
1212.click
1212.games
1213.casino
1213.click
1213.games
1214.click
1215.casino
1215.click
1215.games
1216.casino
1216.click
1216.games
1218.click
1219.click
1220.casino
1220.click
1221.casino
1221waterview.com
1222.casino
1226.casino
1230l.casino
1232.casino
1241.casino
1276.casino
1280joycasino.com
1300.casino
1300joycasino.ru
1300loveshop.biz
1301.casino
1303.casino
1303fm.org
1304.casino
1305.casino
1305-leon.bet
1305-selektor.bet
1308.casino
1309.casino
1311.casino
1311joycasino.com
1312.casino
1312joycasino.com
1313.casino
1313joycasino.com
1314.casino
1314joycasino.com
1315joycasino.com
1316.casino
1316joycasino.com
1317.casino
1317joycasino.com
1318.casino
1318joycasino.com
1319.casino
1319joycasino.com
1320.casino
1320joycasino.com
1321joycasino.com
1323joycasino.com
1324joycasino.com
1325joycasino.com
1326joycasino.com
1327joycasino.com
1328joycasino.com
1329joycasino.com
1330joycasino.com
1330l.casino
1332.casino
1337g.casino
1337x.st
1337x.to
1349l.casino
1349pm.casino
1385joycasino.com
1400.casino
1401.casino
1402.casino
1403.casino
1404.casino
1405.casino
1405.ru
1406.casino
1407.casino
1408.su
1409joycasino.com
1412.casino
1413.pro
1430mm.ru
1432.info
1434joycasino.com
1455joycasino.com
1471joycasino.com
1472joycasino.com
1475joycasino.com
1476joycasino.com
1477joycasino.com
1478joycasino.com
1479joycasino.com
1480joycasino.com
1481joycasino.com
1482joycasino.com
1483joycasino.com
1484joycasino.com
1485joycasino.com
1486joycasino.com
1487joycasino.com
1488.casino
1488joycasino.com
1488vodka.casino
1489joycasino.com
1490joycasino.com
1491joycasino.com
1492joycasino.com
1493.ru
1493joycasino.com
1494joycasino.com
1495joycasino.com
1496joycasino.com
1497joycasino.com
1498joycasino.com
1499joycasino.com
1500.casino
1500joycasino.com
1501.casino
1501joycasino.com
1501k.casino
1501s.casino
1501w.casino
1501y.casino
1502joycasino.com
1503joycasino.com
1505joycasino.com
1507.info
1508joycasino.com
1516joycasino.com
1520gym.ru
1525joycasino.com
1527joycasino.com
1529joycasino.com
1530joycasino.com
1531joycasino.com
1532joycasino.com
1533joycasino.com
1534joycasino.com
1534wwaslbddf-chekov-firma.info
1535joycasino.com
1536joycasino.com
1536joycasino.ru
1536-joy-casino.ru
1537joycasino.com
1538joycasino.com
1539joycasino.com
1540joycasino.com
1541joycasino.com
1542joycasino.com
1543joycasino.com
1543rc.ru
1544joycasino.com
1545joycasino.com
1546joycasino.com
1547joycasino.com
1550joycasino.com
1551joycasino.com
1552joycasino.com
1553joycasino.com
1554joycasino.com
1555joycasino.com
1556joycasino.com
1557joycasino.com
1558joycasino.com
1559joycasino.com
1560joycasino.com
1561joycasino.com
1562joycasino.com
1563joycasino.com
1565joycasino.com
1566joycasino.com
1567joycasino.com
1568joycasino.com
1569.casino
1569joycasino.com
1570.casino
1570joycasino.com
1571.casino
1571joycasino.com
1572.casino
1572joycasino.com
1573.casino
1574joycasino.com
1575joycasino.com
1576joycasino.com
1577joycasino.com
1579.casino
1579joycasino.com
1580joycasino.com
1581joycasino.com
1582joycasino.com
1583joycasino.com
1586joycasino.com
1587.buzz
1587joycasino.com
1588joycasino.com
1590joycasino.com
1592joycasino.com
1593.buzz
1593joycasino.com
1594joycasino.com
1595joycasino.com
1596joycasino.com
1597joycasino.com
1598.buzz
1598joycasino.com
1599joycasino.com
1600joycasino.com
1601g.casino
1601joycasino.com
1602joycasino.com
1603joycasino.com
1604joycasino.com
1605joycasino.com
1606joycasino.com
1607joycasino.com
1608.click
1608joycasino.com
1609.click
1609joycasino.com
1610joycasino.com
1610-vavada.top
1611.click
1611joycasino.com
1612.casino
1612joycasino.com
1614.click
1615.click
1617.click
1620.click
1620streetfood.ru
1623.click
1624.click
1625.casino
1626.casino
1627.casino
1629.casino
1630joycasino.com
1631.casino
1631joycasino.com
1632.casino
1632joycasino.com
1633.casino
1633joycasino.com
1634joycasino.com
1635.casino
1636joycasino.com
1637joycasino.com
1639joycasino.com
1640joycasino.com
1641joycasino.com
1643joycasino.com
1644joycasino.com
1646joycasino.com
1647joycasino.com
1648joycasino.com
1701.casino
1702s.casino
1707s.casino
1708s.casino
1710.casino
1710s.casino
1712.casino
1712.games
1721-azino777.icu
1733l.casino
1739.info
1742l.casino
1758.casino
1777.casino
1777.info
1800ambulance.org
1801.casino
1801g.casino
1811.casino
1811cas.casino
1812.games
1812bonus.casino
1812kld.ru
1832.casino
1857.casino
1901.buzz
1901.casino
1901.online
1901b.casino
1901g.casino
1901gg.casino
1901q.casino
1903.fun
1905-leon.today
1911.casino
1911vodka.ru
1912.casino
1912.games
1917daily.tech
1920.in
1930.info
1937.casino
1962s.ru
1964xnxx.com
2011.casino
2020-film.org
2050.casino
2111casino.buzz
2201.casino
2201s.casino
2401.casino
2411.click
2412.casino
2436.su
2512.casino
2711.casino
2772.casino
2809d.casino
2812.casino
2912best.casino
2912bonus.casino
2912official.casino
3012.casino
3012.games
3112.games
3126.casino
3654.casino
4044.casino
5005.casino
5006.casino
5007.casino
5008.casino
5020.casino
05070.ru
6249.casino
6600.casino
7185.casino
7470.casino
8458.uno
8530-casino.sbs
09456.ru
9851.casino
10000.casino
10000diplomov.ru
10000wondersmultimax.top
10126.casino
010226.casino
11038.casino
11172slottica.com
11753.casino
14856.casino
15007aartvskce-kor-rus.info
15024.casino
18498.casino
020226.casino
121644.cc
129855.win
157159.ru
1316991.ru
03082019azino777.com
03102019azino777.com
04082019azino777.com
08102025.digital
11112025.casino
17102018azino777.com
a1g9l1r3x3oq.online
a105.ru
aaclaguna.com
aappspot.com
abcfilm.me
abook-club.ru
absolute-estate.ru
abvshka.net
activeboard.com
adikos.net
adler-feya-dse.com
adm.lol
adminforge.de
admiral-x.me
admmsk.ru
admprofitcoinvest.com
admshodroda.ru
afterideas.ru
agdecollege.fr
ah.to
ahtops.com
airvpn.org
airwave-club.ru
alaev.info
alchimiaweb.org
alcovozik.store
alco-dostavim.store
alexandrahotel.fr
alko24.shop
alkomig96.info
alkomig-96.com
alko-mig.com
all4green.fr
allamericancartransport.com
alldirectory.org
alleng.org
allserial.icu
allsteroid.link
allsteroid6.com
allsteroid7.com
all-casinoworld.com
alohatube.icu
amarkets.site
amazonaws.com
amazonlordfilms.ru
amdm.ru
ami-browclub.ru
amoblog.com
ampproject.org
anabolicshops.me
anaboliki.site
anidub.bet
anilib.top
animalhotsex.shop
animebesst.org
animerem.org
animers.online
animeru.vip
anime-share.ru
antalia74.ru
ant-models.biz
any.money
apad.top
apad2.top
apk.gold
appspot.com
apteka02.ru
apteka8.ru
apteka13.ru
apteka71.ru
apteka73.ru
aptekastep.com
apteka-v.su
aptoide.com
aquakeeper.ru
arbi-group.co
arhangelskputanu.com
arhangelskvipkiski.com
arterynetwork.io
art-etud.ru
ashoo.bar
ashoo.blue
ashoo.bond
ashoo.cfd
ashoo.fan
ashoo.gold
ashoo.me
ashoo.so
ashoo.wtf
askapache.com
asmhentai.com
astrahanputanu.com
at.ua
atlantic-bd.fr
atlaq.com
avastream.site
avastream.store
avastream.website
avastreamhd.online
avastreamhd.ru
avastreamru.fun
avitomoskva.ru
avtovihino.ru
awmzone1.pro
azino777-site-official.ru
azino777-wp.ru
azino777-ww.ru
azino777-wy.ru
azurefd.net
azurewebsites.net
a-markets.biz
a-markets.org
bachgau.social
baczek.me
balator.info
baletmoskva.ru
bandcamp.com
baraye.fr
baskino.is
baskino-online.club
bayimg.com
bbmy.ru
bbsgayru23.com
bbsgayru25.com
bccuez.com
bcebos.com
bdsmlr.com
beer777.com
beer789.com
belochki24.info
best01.top
best2.fun
best2301.casino
bestbb.ru
bestcash.monster
bestff.ru
bestpersons.ru
bests24.top
bestzone.one
best-escort-moscow.biz
betsbc-24.com
betterproxy.net
betway.com
bibrary.com
bigboss.ing
bigboss.rodeo
bigcash.top
bishoprestorations.com
bitbucket.io
biz.pl
biz7.info
bk-info.asia
bk-leon.su
bk-liga-stavok.ru
blackhost.xyz
blacksprut.page
bldub.live
blog.bg
bloground.ru
blogspot.be
blogspot.com
blogspot.ru
bobfilm.in
bobfilm.info
bobfilm.org
bobfilm1.cc
bobfilm1.site
bobfilms.info
bonus8.casino
bonus26-01.casino
bonus0901.casino
bonus1412.casino
bonus-azino.com
bookzip.online
boominfo.org
booru.org
boxkino.ru
br.com
brazzersnetwork.com
brilliantone.one
brutal-market.online
bs2site.ru
btpira.com
btsay.org
business.site
butterflygourmet.com
buzz-serial.buzz
bxfilm11.cc
bxfilm13.art
bxfilm-9.pro
bxfilm-10.me
bycandylab.ru
bytcom.ru
bzzz.net
b-cdn.net
cactusofficial.store
call2me.xyz
calmests-payings.online
camquit.com
capitalftd.monster
capitalftd.site
capitalftd.store
capitalftd.xyz
capitalmonster.store
cartoonka.art
cas777.top
cas2501.casino
casguf.ru
cashtocode.com
casi3x.ru
casin024.top
casinast.ru
casineo.ru
casinma.ru
casino13.cyou
casino135.fun
casino171.site
casino173.site
casino176.fun
casino232.site
casino357.fun
casino366.fun
casino468.fun
casino579.fun
casino712.site
casino827.site
casino853.site
casino969.fun
casino1666.online
casino1684.online
casino1701.ru
casino1703.ru
casino1725.ru
casino1735.ru
casino1737.online
casino1761.online
casino1784.online
casino1790.online
casino1791.online
casino1800.online
casino1807.ru
casino1812.online
casino1818.ru
casino1821.ru
casino1822.ru
casino1834.ru
casino1847.ru
casino1911.ru
casino2101.online
casino2110.online
casino2124.online
casino2145.online
casinoawd.online
casinoazy.online
casinobha.online
casinoech.online
casinofkw.online
casinofnh.online
casinofyz.ru
casinoimm.online
casinonre.ru
casinoofficial14.click
casinopdf.online
casinopmp.ru
casinopod.online
casinopxg.online
casinopxg.ru
casinopza.online
casinoqls.ru
casinoqqu.ru
casinoqvt.online
casinoqwf.online
casinorbz.online
casinorcu.ru
casinorfq.ru
casinorgi.ru
casinortc.ru
casinorvs.ru
casinosbo.ru
casinosgi.ru
casinosmb.ru
casinospp.ru
casinosyz.online
casinos-google.com
casinos-jackpot-official.space
casinoteu.online
casinotho.online
casinotjg.ru
casinotta.ru
casinotum.ru
casinoudp.online
casinoudp.ru
casinouls.ru
casinoupo.online
casinovbm.online
casinovek.online
casinovhe.online
casinovjo.online
casinovkv.online
casinovla.ru
casinovvo.online
casinowam.online
casinowcc.online
casinowcs.ru
casinowdt.ru
casinowvs.online
casinowzm.online
casinoxci.ru
casinoxcm.online
casinoxfl.ru
casinoxgr.ru
casinoxhw.online
casinoxkp.ru
casinoxqp.online
casinoxqp.ru
casinoxxa.ru
casinoxzc.ru
casinoyaa.online
casinoydg.online
casinoyfc.online
casinoyfc.ru
casinoylg.online
casinoylg.ru
casinoymf.online
casinoymw.ru
casinoyyn.ru
casinozbg.online
casinozdi.online
casinozdt.online
casinozeg.online
casinozerkalo.buzz
casinozerkalo.top
casinozhg.online
casinozjf.online
casinozjf.ru
casinozlp.online
casinozmf.online
casinozmf.ru
casinozna.online
casinozrp.online
casinozrs.ru
casinozsd.online
casinozze.online
casino-landings.com
casino-official13.top
casino-online.cfd
casino-online-game.click
casino-registration.pw
casino-rg.com
casino-top.today
casino-vhod.buzz
casipapi.ru
casitip.ru
caskong.com
casmask.ru
casmr.ru
casvn.ru
cas-comzino.sbs
catgirl.cloud
cazino-vulcan24-top.com
cazz24.online
cc5de7.site
cdn1win.com
cdn-website.com
centrmebel-shop.ru
changethai.ru
check-you.me
check-you.ru
chillandridewakepark.fr
chi-psy.ru
cigarettessalecoupons.com
cinemahd.site
cinemaxi.site
cisco.com
citiuscollect.ru
clck.bar
clearwebstats.com
click.in
clinicadentalheins.es
club24.top
club-logo.ru
cn.ua
cnnamador.com
co.com
co.id
co.il
co.in
co.jp
co.kr
co.nz
co.th
co.to
co.ua
co.uk
co.za
cointhreewoods.cfd
com.au
com.br
com.by
com.co
com.es
com.im
com.in
com.kz
com.mt
com.mx
com.my
com.pe
com.ph
com.ru
com.sa
com.sc
com.se
com.tr
com.ua
com.vn
comenow.org
comonlab.fr
company.site
comv.info
contactango.ru
coocha.org
coolcash.monster
coolcash.site
cools.biz
cosmelina.fr
craftum.io
creationleadgenerations1.cfd
creatium.work
csh.rest
currybread.com
cwer.name
cwer.ws
d44.buzz
d92.buzz
daddylanding.com
dark2web.top
darkandlight.ru
darkfin.ru
darkness.services
ddns.net
dealmpoker.fr
dep-win48.ru
desmotivaciones.es
deva26-xx.com
devochki.store
devochki-individualki.com
devochki-na-viezd.ru
devsaid.com
devushki-po-vyzovu.net
dibase1.su
digiket.net
dir.bg
dirbox.org
dirdown.org
dirmega.com
dirp.me
dirproxy.blue
dirproxy.com
dirproxy.info
dirproxy.net
dirupload.com
dir-proxy.net
dir-proxy.org
discordapp.net
dlsite.jp
do4a.me
docarti.fr
docsrf.com
doesntexist.org
doktorpes24.com
domatv.net
domspravka.com
dorama.me
doramaclub.ong
doramaland.love
doramalandcc.cc
doramalive.co
doramalive.la
doramalive.live
doramalive.pub
doramalivec.ru
doramatv.live
doramatv.one
doramatv.ru
doramaworld.online
doramlived.ru
doramy.click
doramytv.top
dostavkaspb24.ru
dostavka-samara-alco.store
dostavkin.top
dosug.center
dosug.club
dosug3d.com
dosug38.net
dosug66.ru
dosuganapa2.ru
dosuganapa5.ru
dosugbar.top
dosugbarspb.com
dosugkrasnodar.org
dosugle.com
dosugnovosib.ru
dosugomska.ru
dosugperm.ru
dosugvkazani.ru
dosugvolgograda.ru
dosug-ivan.com
doubanio.com
downloadbro.fun
dreamwidth.org
drgns.space
drive-models.me
drive-models.pro
drive-models.vip
drive-modelz.biz
dtor.ws
duckdns.org
duti.dev
dutyfreealko.online
dzignnj.com
eaxybox.com
ebalka.nl
ecency.com
ecomos.ru
edu.pl
eff.org
egybest2.org
einfachzocken.eu
ej.ru
ekasex.online
elite-alko.ru
el-cars.ru
empireofexchange.net
eog.bz
eporner.com
eprci.net
erito.com
erkiss.im
erowid.org
eruditor.one
escort-kaluga.ru
escort-moscow.site
escort-msk.net
eserialkimindis.online
eskort-moscow.com
esti.city
ethibox.fr
ethyl-alcohol.ru
eto-dostavka-alco.ru
eu.com
eu.org
eucash.xyz
eupartners2023.monster
eupartners2023.xyz
event.top
everymatrix.com
excellence-formation.fr
exodirectory.com
exportersindia.com
express-wallet.com
express-wallet.net
express-wallet.pro
extratorrent.info
e-xoops.ru
f5.si
fanfilm4k.xyz
fapix.porn
farmacent.ru
farmavik24.com
farmsextube.shop
fastly.net
fatyfilm.cc
fbcdn.net
feianapy1.ru
feikiss.com
feimoskva.ru
feiomsk.ru
feiperm.ru
feisevastopol.ru
feisochi.net
feivlg.ru
feixxx.com
feyaanapa-ndo.com
feyakazani-hgd.com
feyakrd-rdb.com
feyakrd-tyn.com
feyakryma-aia.com
feyakryma-fck.com
feyakryma-pjk.com
feyanovosib-ypa.com
feyasamara-wad.com
feyasochii-duf.com
feyasochi-ldu.com
feyavolgograd-ktn.com
feyavolgograd-xby.com
feya-sochii-pys.com
fikredit.com
filesor.com
film01.buzz
film05.buzz
filmhd1080.buzz
filmhd1080.com
filmhd1080.icu
filmhd1080.me
filmhd1080.sbs
filmhd1080.video
filmhd1080.xyz
filmive-hd.club
filmorium.online
filmqwq.online
films1080.best
filmshd.top
films-lordfilm.top
filmys.site
filmy-smotret.pro
film-2022.net
film-lord.ru
finditway.com
fineartamerica.com
firebaseapp.com
fireden.net
fis.ru
fkl-couture.fr
flibusta.is
flibusta.site
flokinet.to
fludilka.su
fmoviesnew.com
fonbet-new.top
foosa.ru
forum2x2.ru
forum24.ru
forumcanadien.org
forumotion.eu
fractr.xyz
fredep.casino
freebestvpn.org
freedep.casino
freeforumzone.it
freehentai.me
freehentaidb.com
freeluxury.xyz
freepiracy.net
freerutor.com
freestreams-live1.com
freevpnpro.com
freevpnpro.net
freevpnpro.org
free-casino-profit.top
free-signal.com
froth.zone
fun24.top
fxopenru.com
g2jweym2z70h.live
g1337.casino
gamalanding.com
game4you.top
game07.top
game10.fun
game24.casino
game61.casino
game87.casino
gamemik.ru
games7.top
games8.fun
games11.fun
games24.cyou
games024.fun
games55.fun
games88.top
gameshere.xyz
gamesound.eu
game-bonuses.club
game-now94.online
gaminatorclub.com
gaminatory.net
gaykras3.xyz
gaynsk1.xyz
gb.net
gdekino.site
gelbooru.com
gelendzhyklust.com
getgiftoday-1luck.cfd
getmygif-3two.cfd
getsees.com
getsiteunblocked.com
ggtyler.dev
ghost.io
giaoducphothong.net
gidonline.fun
gidonline.site
gidonlinee.com
gidonline-site.biz
gidonline-site.fun
gifbox-communication.fr
gig-games.top
giize.com
ginonet1.ru
gino-net.com
girlssevastopol.ru
github.io
giv-help30501.cfd
gk-sosnoviybor-2.ru
gl5.ru
glavalko.bar
gleeze.com
go2gama.com
go2me.top
go2me.xyz
gofarma.store
gogo2anime.com
goldseriya.lol
goodfoodacademy.ru
goodwayautomobiles.fr
google.com
googleusercontent.com
google-cloud.services
gosuslugi-propiska.ru
gov.ua
grouple.co
gr-assets.com
gudfilm2.art
gudfilm-0.mom
gudfilm-9.mom
guidechem.com
gutavastream.fun
gutfilm.site
gutfilmypro.fun
gutkinoclub.online
gutkinoclub.top
gutkinohit.fun
gutmoviebox.fun
guton.fun
gutonline.fun
gutonline.site
gutonline.space
gutserialz.ru
gutvibox.site
gutvibox.space
gutvibox.store
gutx.org
gut-serial.fun
gut-serial.ru
gyutto.com
h102.ru
h106.ru
hackingroup.ru
hall-games.com
hardsextgp.com
hcwchicago.com
hd4k.top
hd1080.ws
hdfilm.ws
hdhentaicomics.com
hdkinolife.store
hdlava.com
hdnovinki.online
hdonlineru.fun
hdonlineru.site
hdonlineru.top
hdpoisk.site
hdporncomics.com
hdreactor.club
hdrezka.bio
hdrezka.info
hdrezka.life
hdsrezka.ru
hdtorrent.ru
hdvideoboks.ru
hd-1080.online
hd-kinogo.co
hd-online.fun
hd-online.space
hd-rzk1.xyz
hd-videobox.online
hentai2.net
hentaipaw.com
herokuapp.com
herrutor.site
hfinvest.net
hf-guap.ru
hgfkub.ru
hilmapro.in
ho.ua
holtfilm.net
holtfilm.xyz
holtfilm3.me
holtfilm3.sbs
holtfilm14.me
holtfilm-10.mom
honeyluckywin.com
honeymammy.ru
honeym-amp.buzz
hopaj.pl
horizonroamer.monster
horsewantsex.shop
hostmed.ru
hot-dosug.org
house-forum.ru
https-kra31--cc.ru
hutor.top
huyamba.info
hyipinvest.net
hype-casino.xyz
i2027.casino
i2037.casino
idolvnnet.com
idroch.com
ieta.online
ifxtradepro.com
igeniusglobal247.org
ignore4k.com
igotmpox.com
igra36.ru
igracasino.ru
igraclubnichki.buzz
igraclubnichkign.pw
igradengi.xyz
igraem-chitaem.ru
igrai-vavada.pro
igrai-vavada.xyz
igrakarta.ru
igrakartydengi.com
igrakartydengi.site
igrakartydengi.xyz
igrat777.biz
igratnadengi.ru
igrat-avtomati-vulcan.com
igrat-igrovyeavtomaty.com
igrat-vulcan24.com
igrat-vulkan-vegas.com
igravkalmarasmotri.online
igravok.com
igravok.ru
igray-razvivay.ru
igray-s-kentom.ru
igray-vavada.site
igray-vavada.xyz
igra-museum.ru
igra-prestolov-lordfilm.com
igrejarenovo.com
igrigo.com
igrigo.net
igriprestola.online
igritamaeva.ru
igri-bezdepa.com
igri-vulcan.ru
igro.fun
igroavtomaty.best
igroavtomaty.online
igroblox.org
igrok1.info
igrok2.info
igrok-casino.ru
igromagnit.net
igromakc.ru
igromaster.info
igronaft.ru
igrone.ru
igronews.com
igrosad.ru
igrosoftukrslots.com
igrotek33.ru
igrotorgi.ru
igroupinfo.com
igroutki.ru
igroviavtomati.com
igrovieapparatyvulkan.club
igrovieavtomati.com
igrovieavtomati-best.xyz
igrovieavtomaty.co
igrovieavtomaty2000.buzz
igrovieavtomatycasino.com
igrovieavtomatycasino.net
igrovieavtomaty-best.xyz
igrovieavtomaty-casino.com
igrovieawtomatyonline.com
igrovieawtomatyonline.xyz
igroviesloti777.com
igrovie-automaty.click
igrovie-automaty.club
igrovie-automaty.link
igrovie-avtomati.info
igrovie-avtomati.su
igrovie-avtomati3.games
igrovie-avtomati777.com
igrovie-avtomati-777.com
igrovie-avtomati-besplatno-online.com
igrovie-avtomati-lux.ru
igrovie-avtomati-vulkan.ru
igrovie-avtomaty-besplatno.com
igrovie-avtomaty-vulkan.com
igrovie-bonusi.fun
igrovie-bonusi1.fun
igroviyeavtomati-club.com
igroviyeavtomatyonline.com
igroviye-avtomationline.com
igroviye-avtomaty-casino.com
igrovoecasino-vulcan.com
igrovoetv.online
igrovoe-cazino.com
igrovoe-cazino-vulcan.net
igrovoizal.org
igrovoi-club-vulkan.com
igrovoi-klub.com
igrovoyavtomat.site
igrovoyavtomat25.com
igrovoyavtomat-online.com
igrovoyclubvulkan6.xyz
igrovoyclubvulkan10.buzz
igrovoyclubvulkan10.xyz
igrovoyclubvulkany4.xyz
igrovoyvodkacasino.ru
igrovoy-vulkan.com
igrovoy-zal-vulkan.com
igrovyeavtomatilava.com
igrovyeavtomatiwulcan.com
igrovyeavtomati-admiral-2018.xyz
igrovyeavtomati-top.xyz
igrovyeavtomaty.net
igrovyeavtomaty.org
igrovyeavtomaty777.com
igrovyeavtomaty777.info
igrovyeavtomaty777.net
igrovyeavtomaty5000.com
igrovyeavtomaty5000.top
igrovyeavtomatybesplatno.su
igrovyeavtomatybesplatno3.online
igrovyeavtomatyc.com
igrovyeavtomatynadengi.buzz
igrovyeavtomatynadengi.net
igrovyeavtomatynadengi777.com
igrovyeavtomatyof.site
igrovyeavtomatywulkan777.com
igrovyeavtomaty-demo.com
igrovyeavtomaty-demo.vip
igrovyeavtomaty-pro.com
igrovyeavtomaty-top24.top
igrovyeavtomaty-vulkan.net
igrovyeavtomaty-vyvod.online
igrovye-apparaty-777.com
igrovye-apparaty-igrat.com
igrovye-automaty.xyz
igrovye-avtomati.cc
igrovye-avtomati-igrat.com
igrovye-avtomati-wulkan.com
igrovye-avtomaty.app
igrovye-avtomaty.bet
igrovye-avtomaty.net
igrovye-avtomaty5.com
igrovye-avtomatybesplatno.com
igrovye-avtomaty-5000.bet
igrovye-avtomaty-5000.online
igrovye-avtomaty-5000.site
igrovye-avtomaty-admiral.net
igrovye-avtomaty-besplatno.com
igrovye-avtomaty-besplatno.top
igrovye-avtomaty-casino.net
igrovye-avtomaty-cazino11.xyz
igrovye-avtomaty-cazino13.xyz
igrovye-avtomaty-cazino14.xyz
igrovye-avtomaty-dengi.buzz
igrovye-avtomaty-dengi.online
igrovye-avtomaty-dengi.top
igrovye-avtomaty-dengi01.buzz
igrovye-avtomaty-eshki.com
igrovye-avtomaty-i-sloty.com
igrovye-avtomaty-na-dengi.co
igrovye-avtomaty-online.ru
igrovye-avtomaty-playfortuna.com
igrovye-avtomaty-sloty.ru
igrovye-avtomaty-s-vyvodom-na-kartu.top
igrovye-avtomaty-s-vyvodom-na-kartu.xyz
igrovye-avtomaty-s-vyvodom-na-sberbank.ru
igrovye-avtomaty-s-vyvodom-na-sberbank.run
igrovye-avtomaty-vavada.online
igrovye-avtomaty-vulkan.com
igrovye-avtomaty-vulkan.ru
igrovye-avtomaty-vulkan.top
igrovye-avtomaty-vulkann.ru
igrovye-sloti-online.net
igrovye--sloty.online
igrovyh-avtomatov.top
igrovyieavtomatibesplatno.com
igrovyieavtomatyi-kz.com
igrowie-avtomaty.live
igrowie-avtomaty.one
igru6ek.su
igruha.games
igruhist.ru
igrulez.net
igrun.com
igrun2.com
igrun2.net
igrun2.org
igrun59.com
igrun80.com
igrunplay.com
igruns.com
igrun-s.ru
igrushkirus.ru
igrushki-dlya-detey.ru
igrushki-iz-cvetov.ru
igrusvivodomdeneg.ru
igru-lohotronu.ru
igru-s-vuvodom.fun
igru-s-vuvodom-obman.ru
igry777-online.com
igrybablo.com
igrycasino.com
igrycasino.online
igrycasino.ru
igrydengi.org
igrydengi.ru
igrydengi-vyvod.online
igrydengi-vyvod.site
igrygame.org
igrynadengi.online
igrynadengi7.casino
igrynadengirus.xyz
igrynadengy-btk5.ru
igryna-dengi.ru
igryonline-azartnye.net
igrysloty.ru
igrysonik.ru
igrysvyvodom.online
igrysvyvodom.pro
igrysvyvodom.site
igryvkarty.com
igryvkarty.xyz
igryvulcana.com
igry-avtomaty.com
igry-flash.com
igry-nardy.ru
igry-na-dengy4.com
igry-raft.ru
igry-stickman.ru
igry-vyvod-deneg.ru
igsu-amp.bond
igsu-amp.cam
igsu-amp.click
igsu-amp.cloud
igsu-amp.digital
igsu-amp.guru
igsu-amp.help
igsu-amp.homes
igsu-amp.icu
igsu-amp.ink
igsu-amp.life
igsu-amp.lol
igsu-amp.makeup
igsu-amp.monster
igsu-amp.pics
igsu-amp.quest
igsu-amp.rest
igsu-amp.shop
igsu-amp.site
igsu-amp.skin
igsu-amp.store
igsu-amp.wiki
igsu-amp.xyz
igsu-info.ru
igts.com
iguana58.ru
igus.pro
igw-lordfilm.ru
igy-lordfilm.ru
igzpb.ru
igz-lordfilm.ru
ih7pokerdom.com
ihahr.org
ihata.ru
ihavebook.org
ihdrezka.com
ihdri.com
iheas.ru
ihelp-docs.ru
ihentai.com
ihnk.ru
ihorses.ru
ihousewife.ru
ihr.org
ihsanpartners.com
iht.kz
ihworld.com
ii1xbet.ru
ii02spravo4kin.ru
ii7pokerdom.com
ii16medspravo4ka.ru
ii16spravo4ka.ru
ii30mo.com
iia-ci.com
iia-plus.com
iibooru.org
iichan.hk
iico.org
iiconi.com
iidisability.org
iie.org
iigry.ru
iihf-tickets.ru
iihost.ru
iiintegration.ru
iiiuminate.com
iij7pokerdom.com
iijbpb.store
iimedia.ru
iimi.ru
iincome-max.com
iinstanttfx.com
iinterfax.ru
iintrovert.ru
iirwin.casino
iisuspictures.ru
iit-lordfilm.ru
iiumgou.ru
ij7pokerdom.com
ij77pokerdom.com
ij77pokerdom.xyz
ijier.net
ijk7pokerdom.com
ijkl.ru
ijunis.ru
ijustdoit.ru
ijut-su.show
ik5-penza.ru
ik7-spb.ru
ik77pokerdom.xyz
ikaldi.com
ikarta.tatar
ikaskokalkulyator.ru
ikasyna.pl
ika-avto.ru
ikb4.ru
ikbsp.ru
ikcenisei.ru
ikcn.ru
ikea24.cc
ikea-swst.ru
ikedigi.info
ikekmmls.com
ikenobo.ru
ikery.ru
ikeysosh.ru
ikfk.org
ikhlas-halal.com
ikhwan.site
ikhwanonline.com
ikici.com
ikigais.org
ikigai-kholmsk.ru
ikino.me
ikino.org
ikinogo.biz
ikinogo.com
ikinogo.mobi
ikinogo.net
ikinogo.zone
ikinohd.cc
ikinohd.club
ikinohd.com
ikinohd.org
ikinokrad.mobi
ikinos.net
ikisoda.com
ikissvk.com
ikjwtwdbanzai.com
iklad.biz
ikm-inta.ru
iknowyouwin.com
ikompas63.ru
ikomsdesign.com
ikonadrevo.ru
ikonafreska.ru
ikonamag.ru
ikqdkbgjkskjfg.site
ikra26.at
ikra32.cc
ikra34.top
ikra35.info
ikra42.cc
ikrafest.com
ikramart.ru
ikraoptimus.ru
ikratkaya.ru
ikra-dom.ru
ikra-krevetki-ryba.ru
ikra-opt.ru
ikrkn.top
ikrm1.me
ikrm2.me
ikrn.to
iks.casino
iks2010.info
iksh7-ish.ru
iksslots.com
ikstv.ru
iks-apk.ru
iks-b.ru
ikt35.ru
ikvulkanonline.com
ikwebdesign.ru
ik-megafon.ru
ik-press.com
il2-pan.de
il7pokerdom.com
il16.ru
il24.ru
ilab-centr.ru
ilab-tlt.ru
iladybird.ru
ilalordfilm.ru
ilanka-motors.ru
ilanoate.shop
ilcasinoitaliano.eu
ildarody.com
ilecta.ru
ilegacy.ru
ilff24.ru
ilfiore.ru
ilfumo.ru
ilga.org
ilgm.com
ilianhostel.ru
ilichevo-school.ru
ilikebar.ru
ilikecomix.com
ilikenews.com
ilimchanka.ru
ilimcity.ru
ilimgrad.ru
ilinskoe-adm.ru
ilinternat.ru
ilirneyschool.ru
ilisso.ru
ilis-video.ru
ilive.su
illarionov.school
illegalguru.pw
illinoiscannabis.org
illionstroy.ru
illostribute.com
illtony.ru
illukl.info
illuminate-fan.online
illuminate-fan.ru
illumotion.ru
illustrate.icu
illustrateit.digital
illuvium.ru
illuxor.info
illuxor.net
illuzion-cinema-film.site
illyssia.ru
illyuziya-obmana.ru
illyuziya-obmana-lordfilm.ru
illyuzyia-obmana-lordfilm.ru
ilman-rekisteroitymista.com
ilmeria.info
ilmira64.ru
ilm-forum.ru
ilnopain.com
ilo.org
iloaldia.com
ilobbyist.ru
ilonalunden.ru
ilonastaller.net
ilook.tv
ilook-forensics.org
ilorbfllm.ru
ilordifilmoqw.online
ilorflm.online
ilotbets.com
ilovaisknt.ru
ilovaiskrp.ru
iloveapple-store.ru
iloveblackcocks.com
iloveblackshemales.net
ilovechems.com
ilovecrimea.ru
ilovegayxxx.com
ilovegreece.top
ilovekino.online
ilovemi.ru
ilovemodels.cc
iloveserials.ru
iloveskoda.ru
iloveslot.info
ilovesloti.com
iloves-casino.top
ilovetoy.ru
iloveusny.com
iloveu-rings.ru
ilovezoog.site
ilovezoog.store
iloxs-beauty.ru
ilpomodoro.ru
ilsongd.kr
ilstarcentremall.com
ilsursafin.ru
iltalehti.fi
iltomato.ru
ilucki.media
ilucki1.com
ilucki-casino.com
ilucky24.biz
iluma-market.ru
iluran.ru
iluva.website
iluxine.com
ilvavada.com
ilyasova.ru
ilyasovlaw.ru
ilya-arteni.online
ilyukha-amp.com
il-garage.ru
il-gusto-salekhard.ru
il-mur.ru
il-school41.ru
im4g3.com
im7pokerdom.com
im9.eu
im38.ru
imag.one
imag24.net
image96.ru
imageclubservice.ru
imagedelivery.net
imageevent.com
imagefap.com
imagefap.tv
imageholder.ru
imagelogo.online
imagelogo.ru
imagenespng.net
imagepost.com
imageprofy.ru
imagesporno.com
imagestudiotouch.ru
images-decaro.ru
images-hub.ru
imagevideo.net
imagewnine.net
image-ine.net
imaginariovirtual.com
imaginariovirtual.org
imaginecup.ru
imagogrif.ru
imake.porn
imakestudio.org
imalvavada.com
imamat-news.ru
iman.be
imarapaydex-solution.com
imara-fund.com
imarketlive.org
imarleona.ru
imastersclub.ru
imatseshim.com
imax34.ru
imaybes.com
imbaprof.ru
imbaslots.biz
imbaslots.com
imbaslots.org
imbuilding.ru
imckud.ru
imclinik.ru
imcnt.ru
imconf.ru
imc-eduekb.ru
imdigi.ru
imdiz.ru
imediaproject.org
imediaweb.ru
imedicaltour.ru
imeditate360.com
imega.fo
imei-poisk.ru
imereti.org
imes-iier.ru
imff.ru
imfreedom-guitar.ru
imfxgtrade.com
imgadult.com
imgbooking.ru
imgdrive.net
imgescort.com
imgescort.su
imget.ru
imgevil.com
imgggroup.com
imglib.info
imgmodels.pro
imgmodels.su
imgpng.ru
imgporn.blog
imgporn.click
imgporn.org
imgporn.site
imgsrc.ru
imgtaxi.com
imgwallet.com
img-auto.ru
img-prew.com
img-src.ru
imhaemo.ru
imhentai.xxx
imhoclub.by
imhopartner.ru
imilfpics.com
imilfs.com
imiss13.ru
imitador.net
imitir.com
imjlordfilm.ru
imjprint.ru
imkmebel.ru
imlawyer.ru
imlive.com
immediate1chenix.com
immediate3chantix.com
immediate03dex-air.com
immediate3exalgo.com
immediate3proair.com
immediate3-exalgo.com
immediate4sanorex.com
immediate8-1-maxair.com
immediate10exalgo.com
immediate14xcormax-engine.com
immediate30permax.com
immediate40day-pro.com
immediate40flarex.com
immediate50evex.com
immediate75keflexpro.com
immediate90duac.com
immediate90sanorex.com
immediate100hiprex.com
immediate200folex.com
immediate300hiprex.com
immediate300renova.com
immediate300reo-pro.com
immediate400mentax.com
immediate500-evex-app.com
immediate500-mentax.com
immediate500-reopro.com
immediate600renova.com
immediate700mentaxapp.com
immediate1000atarax.com
immediate1000-atarax.com
immediate1000-lotemax.com
immediate4000sanorex.com
immediate5000lexi-pro.com
immediate6000alrex.com
immediate7000renova.com
immediate8000alrex.com
immediate9000sprix.com
immediateaccess.org
immediateadipex24.com
immediatealpha-engine.com
immediatealrex.org
immediateapexplatform.com
immediateappiquixtech.com
immediateatomplatform.com
immediateatom-platform.com
immediateauverseengine.com
immediateavita.app
immediateaxert.org
immediateaxert-pro.com
immediatebumex.app
immediatebumex.com
immediatechenixai.net
immediatecode-app.com
immediateconnect-ai-solution.com
immediatecormaxsoft.com
immediatecorreto-app.com
immediatecrysgard.com
immediatecrysgardsolution.com
immediatedash-system.com
immediatedolt-tx2-tech.com
immediateearn-engine.com
immediateedg.com
immediateedge20.com
immediateelevatesoftware.com
immediateelevationsystem.com
immediateevex5-platform.com
immediateevexpro-solution.com
immediateexalgo10.com
immediateexalgo90.com
immediateexalgo-ai.com
immediatefaridex-system.com
immediatefastxse.com
immediatefastxsolution.com
immediatefastxsystem.com
immediateflarexv4.com
immediateflarex-v4.com
immediatehalodex.com
immediateiquix24.com
immediatelasix700.com
immediatelasix700.net
immediatelens30-soft.com
immediatelorut-c7-app.com
immediateluminary-gh.com
immediatelura-2.com
immediateluxetra-soft.com
immediatematrixai-app.com
immediatemix.com
immediatemixsoftware.com
immediateneonsoftware.com
immediatenextgensystem.com
immediatenextgen-app.com
immediatenova-tech.com
immediatepermax3000.com
immediatepermax-i800.com
immediateploud-tech.com
immediateprimebit-soft.com
immediateproairx1.com
immediateprofit-app.com
immediateprolasix.com
immediaterenova9.com
immediaterisorsa-app.com
immediatescript-system.com
immediateselsonixsolution.com
immediatesprix-7.com
immediatestorm.com
immediatesufro7p-platform.com
immediatesynonym-soft.com
immediatetrading-app.com
immediatetronpro-soft.com
immediatetrustsystem.com
immediatev4prolia-tech.com
immediatev8-hiprex.com
immediatewir7pai.net
immediatewolc-tech.com
immediatexai.com
immediatexgen-ai-app.com
immediatexry.com
immediatex-soft.com
immediate-2dexair.com
immediate-2dex-air.com
immediate-2keflex.com
immediate-2-diamox.com
immediate-2-keflex.com
immediate-3-chantix.com
immediate-4exalgo.com
immediate-4-exalgo.com
immediate-13x-iquix-solution.com
immediate-20lexi.com
immediate-40avapro.com
immediate-600flarex.com
immediate-600-flarex.com
immediate-900-chenix.com
immediate-apex.pro
immediate-app-imovax.com
immediate-aurverse.net
immediate-auverse.com
immediate-avelox-software.com
immediate-avonex2000.com
immediate-avonexx7.com
immediate-avonex-90.com
immediate-axertplatform.com
immediate-axiomai.com
immediate-bitcoins-pro.com
immediate-brong-s2.com
immediate-bumex.co
immediate-capexai.com
immediate-codetech.com
immediate-daypro.co
immediate-diamox360-platform.com
immediate-elitastrading.com
immediate-elyfinsoftware.com
immediate-elyfin-software.com
immediate-etherfusionplatform.com
immediate-etherfusion-platform.com
immediate-evexprosoftware.com
immediate-evex-5.com
immediate-fortuneapp.com
immediate-futuresoft.com
immediate-future-ai-platform.com
immediate-get.com
immediate-growthsolution.com
immediate-i4imovax.com
immediate-lakshmi-tr.info
immediate-lexipro-soft.com
immediate-lisprosystem.com
immediate-lunt20-app.com
immediate-lura-2.com
immediate-luxsoftware.com
immediate-matrix-ai-app.com
immediate-matrix-engine.com
immediate-mobic-x9.com
immediate-neon-engine.com
immediate-olux-200.com
immediate-permax34.com
immediate-permax-i800.com
immediate-pro-dexair.com
immediate-relpax-ai-system.com
immediate-ropi-system.com
immediate-sanorex-4000.com
immediate-sharpixtech.com
immediate-sharpix-tech.com
immediate-sphere-2.com
immediate-sync-2-system.com
immediate-techwave.com
immediate-tidendraltech.com
immediate-trading-app.com
immediate-trend-pro.com
immediate-v4intal.com
immediate-v4-intal-app.com
immediate-venture-app.com
immediate-visionsoftware.com
immediate-vortex.net
immediate-wreg-d2.com
immediate-xtrade.com
immediate-x-ai.com
immediate-zentrix-solution.com
immediate-zenx.com
immediate-zenx-hu.com
immedieteapex.org
immedintaxsoftware.com
immenseinitiative.shop
immerion.com
immiau.ru
immoaugusta.com
immodelfin.com
immortalromance.casino
immortalromanceslots.com
immortal-kombat.com
immortal-ways-diamonds.com
immucor.ru
immunoperm.ru
immutableascent-ai.com
immutablecode360.com
imnebuket.ru
imnotyourmommy.com
imo2021.ru
imodtrade.ltd
imoduru.com
imoneyslots.com
imoneyslots.org
imostbet.ru
imotor.su
imotors.shop
imo-download.ru
imp.limited
imp3goo.co
impactfest.ru
impactfxcapitals.pro
impactglobalfxpro.online
impactnews.in
impactsib.ru
impactsphere.xyz
impactventureslimited.com
impact-wealth.com
impantacia.ru
impartchaining.com
impartchainz.com
imperator.bet
imperator.casino
imperator.city
imperator.website
imperator24.top
imperator32.site
imperator71.buzz
imperator72.buzz
imperator73.buzz
imperator74.buzz
imperator75.buzz
imperator76.buzz
imperator77.buzz
imperator78.buzz
imperator79.buzz
imperator82.buzz
imperator186.buzz
imperatorcasino.click
imperatorcasino.rocks
imperatorcasino.ru
imperatorcasino.ws
imperatorcazino.click
imperatorfood.ru
imperatorkazino.company
imperatorkazino.org
imperatorskie-mytishchi.ru
imperator-casino.fun
imperator-casino.ru
imperator-casino.site
imperator-casino292.buzz
imperator-casino294.buzz
imperator-casinos.click
imperator-casinos.ru
imperator-casinos.site
imperator-casinowin.com
imperator-casino-online.org
imperator-casino-online.top
imperator-cazino.company
imperator-cazino.one
imperator-cazino.org
imperator-cazino.ru
imperator-cazinos.ru
imperator-club.baby
imperator-club.com
imperator-club.net
imperator-club.xyz
imperator-kasino.company
imperator-kasino.fun
imperator-kasino.net
imperator-kasino.pics
imperator-kasino.xyz
imperator-kasinos.top
imperator-kazino.click
imperator-kazino.company
imperator-kazino.org
imperator-kazino.site
imperator-kazino.xyz
imperator-massage.com
imperator-online.biz
imperator-play.com
imperator-slot.com
imperatrica-furs.ru
imperiabus.ru
imperiacoon.ru
imperialascend.com
imperialbc.ru
imperialextractstore.com
imperialinvest.org
imperialmammoth.com
imperialmarkets.com
imperialnycshop.com
imperialpensionplan-tfsa.com
imperialperm.ru
imperialprofithub.top
imperialtrade.net
imperial-aitrading.com
imperial-casino.ru
imperial-dent.ru
imperial-orthodox.com
imperial-pmr.ru
imperial-publishing.com
imperial-sk.ru
imperial-zoloto.ru
imperiamexa71.ru
imperiapotolkov.kz
imperiaroz33.ru
imperiatomsk.ru
imperia-kavkaz.ru
imperia-klimat.ru
imperia-of-hentai.net
imperia-otel.ru
imperia-sadovoda.ru
imperia-svyazi.ru
imperia-zhilya.ru
imperijastolov.ru
imperija-tower.ru
imperio18.ru
imperiodoscursos.online
imperiumcapital.info
imperiumcreditsgo.world
imperiumfinanceinvestment.com
imperiumgaming.net
imperium-globals.com
imperium-ltd.com
imperium-pro.ru
imperiya89.ru
imperiyadance.ru
imperiyaremonta.com
imperiyaspb.ru
imperiyastulev.ru
imperson.top
impetauto.ru
impetuenergia.co
impetu-valtrix.net
impetu-valtrix-software.com
impladent-dream.ru
implantesperal.ru
implant-baident.kz
implant-plus.ru
implicitfinancialtradingfirm.net
impnino.ru
imporcenter.com
importacionesjl.com
importanthing.click
importrussia.ru
import-export-base.ru
impressivepatron.shop
impressiveworldwide.shop
imprinttheme.com
improvanywhere.ca
improve.beauty
improve.hair
improve.monster
improve.yachts
improve-group.ru
improvyourself.fr
improxstore.com
impsi.ru
impsi.site
impulschg.online
impulschg.ru
impulse.farm
impulse1.bet
impulsehorizon.com
impulseluxevo.net
impulsevotradex-app.com
impulse-dexeris.net
impulse-motor.ru
impulse-rnr.ru
impulse-tech.su
impulsiontradevo.com
impulsiontradevo-platform.com
impulsiveadventures.com
impulskids.ru
impulsnye-pribory.shop
impulso-prospero-software.com
impulsvalnex-app.com
impuls-evotradex-app.com
imp-exp.info
imrad.ru
imratgroup.com
imrussia.org
imscenter.ru
ims-crimea.online
imtw.pro
imtw.site
imt-lordfilm.ru
imusic.am
imusic.fm
imusiclover.ru
imusicnews.ru
imwinner777today.com
imwokeco.com
imwo-keco.me
imx.to
imya-sonnik.ru
imzog.com
im-cobra.com
in.net
in.ua
in2a9gh2kw.ru
in2krkn.net
in2krn.at
in4.biz
in4.bz
in4kino.ru
in7pokerdom.com
in35.com
inalmed.ru
inandoutoftheghetto.org
inaporn.com
inapteka366.ru
inarena.ru
inarena.xyz
inarenaq.online
inarenaq.ru
inarenka.online
inarte.ru
inartgallery.org
inata.info
inatu.ru
inauka.ru
inbasker.com
inbelarus.ru
inbestform.ru
inbetcafe.com
inbetting.ru
inbet-cafe.com
inbizplus.ru
inbordex.com
inbox.com
inbrands.ru
inbusinessmedia.ru
incantico.ru
incantus.online
incapital.pro
incardoc.com
incaseauto.ru
incaso.ru
incasso.ru
incd.info
incest3dtoons.club
incestcomics.com
incestik.best
incestik.cc
incestik.com
incestik.fans
incestik.ink
incestik.org
incestik.pro
incestik.tv
incestkin.com
incestkin.top
incestporn.xxx
incestporno.club
incestporno.lol
incestporno.net
incestporno.online
incestporno.vip
incestporno.world
incests.ru
incestsex.name
incestsex.net
incests-porno.com
incestvideo.net
incest-porn.org
incest-porno.vip
incforum.ru
inchcape-infiniti.ru
inchuge.monster
inciderfest.online
inciderfest.ru
incinema.fun
incity24.ru
inclients.ru
inclik.ru
inclusiveart.ru
inclusivedayofplay.org
incoin.pro
incolor-art.ru
income-bank.ru
income-ekb.ru
income-freeoption.org
income-moneta.xyz
incore-capital.com
inco-pro.com
incra-tool.ru
increaseprofit.xyz
incredible-pw.ru
incretix.com
incruises.co
incrypted.com
inctanh.com
inc-co.monster
indapills.org
indastrial-wood.ru
indatab.org
indbooks.in
inddoor.ru
indeepsky.ru
indelauav.com
indent59.ru
indenza.care
independens.pl
independent.ie
independentartist.ru
independentgains.com
independentteamstersorganizingcommittee.org
independentto.com
independentua.com
independent-tatarstan.com
indeutschland.ru
indevs-b.biz
indev-group.ru
index.hu
indexcapital.ru
indexciproopt-app.com
indexcryptofx.com
indexcryptomining.com
indexdayproai-tech.com
indexfundmarket.com
indexhd.com
indexmarketcfd.com
indexnet.ru
indexoctafunds.com
indexprice.ru
indexstatrade.com
indextrades.org
index-express.ru
index-kionex-x.net
index-pro.ru
index-returns.com
index-trades.com
indeykino.ru
indfinstrat-advisors.com
indguru.com
indi67.beauty
indi161.com
india1xbet.in
india1xbet.mobi
india178.su
indiabetmaster.com
indiafarm.biz
indiafestival.ru
indiakino.net
indiamed.biz
indiamed.bz
indiamed.ru
indiamed.site
indiamed-zerkalo.ru
indiamostbet.com
indianahomerates.com
indiancasinoss.com
indianembassy.ru
indianhardtube.com
indianhillgallery.com
indianpornhot.com
indianpublic.school
indiansclub.ru
indiansporn.cc
indian-generic-ru.com
indian-porn.pro
indian-xnxx.pro
indiasex.site
indiasugarconference.com
indiatimes.com
indiatours.ru
indiatrade-invest.com
indiavavada.com
indiavavada2025.com
indiavavadaofficial.com
indiavir.ru
india-1xbet.com
india-1xbet.mobi
india-expres24.com
india-express.ru
india-express2.ru
india-express3.ru
india-express4.ru
india-express8-7.ru
india-help1.ru
india-help24.com
india-help24.ru
india-helps.ru
india-helps24.com
india-parimatch.com
india-pharm.com
india-tv.net
indica.ge
indices.su
indices-trading.com
indice-oxy.com
indiebox.ru
indiecup.net
indierp.ru
indiewebworks.com
indigenous-russia.com
indigo55.ru
indigoblue-aiart.com
indigocapitals.com
indigofilms.online
indigogobot.com
indigo-nsk.ru
indigo-signs.com
indimostbetet.com
indimusic.ru
indios.info
indirmostbet.com
indisexv.store
inditail.net
inditok.info
inditube.info
indiufa.live
individualka.mobi
individualka.org
individualkatut.com
individualka-78.com
individualka-78.net
individualka-online.com
individualka-tut.com
individualki.co
individualki.xyz
individualkicheboksarysite.com
individualkiekaterinburganeed.info
individualkikazani.top
individualkikrasnodar.com
individualkikrasnodara.top
individualkimoskvy.site
individualkimoskvystop.net
individualkimoskvyxxx.info
individualkinizhnegonovgorodasweet.net
individualkinovosibirska.info
individualkiomska.com
individualkipitera.site
individualkirostova.com
individualkisamarymix.info
individualkisaratovastay.info
individualkisaratovaxxx.com
individualkisochi.com
individualkisochigirls.com
individualkiufyonline.net
individualkivladivostokagirl.info
individualkivoronezha.com
individualki-moskvy.com
individualki-msk.net
individualki-nn.info
individualki-pitera.com
individualki-putany.com
individualki-ufa-foto.com
individualki-ufa-foto.top
individualki-vladivostoka.com
individualki-voronezh.net
individualki-x.com
individualku.com
individuals.mobi
individyalka78.org
individyalki78.com
indivigo.ru
indivsex.store
indi-best.com
indi-company.pro
indi-hub.com
indi-kaliningrada.com
indi-kaluga.ru
indi-kamchatka.com
indi-pitera.com
indi-samara11.com
indi-sex.top
indi-shop.ru
indi-sochi.com
indi-sochi.life
indi-tail.net
indi-tok.info
indi-ufa.top
indi-x.com
indkino.ru
indlordfilm.ru
indoendurotour.com
indohis.com
indonesia-1win.com
indoortraders.com
indoor-board.ru
indorshop.pl
indoxxi.ru
indsafe.ru
inducesmile.com
inductioneffect.ru
inductusjobs.com
industria52.ru
industriall-union.org
industrialsmartautomation.com
industrialzone.ru
industriouss.com
industryft.com
industryinvaders.com
industryplatform.kz
industryprofessionals.tech
industryvalves.ru
industry-rus.ru
indxpro.net
inec.kg
inedelya.ru
ineed.porn
ineedana.com
ineedusersmore.net
inefb.ru
inefex.co
inefex.com
inefex.org
inertiafinance.co
inertix.co
inertix.pro
inessa-ra.ru
inet.bet
inet123.ru
inetbet.com
inetbetcasino.bet
inethealth.ru
inetris.ru
inetzg.site
inet-shop.su
inex.ink
iney-cleaning.ru
inf0.ru
infallit.online
infallout.ru
infallout.xyz
infallouti.online
infalloutxi.ru
infametr.com
infamous-festival.com
infanta22.ru
infanzia.ru
infasoft.com
infectex.ru
infectioncongress2.kz
infectivewildgame.top
infektsiya.ru
infenixgress.com
infernal-news.com
inferno24.biz
inferno777respins.top
infernodiamonds.top
infernosolutions.ru
infinikotrade.com
infiniteaccesspro.com
infinitegrowthbridge.com
infinitehentai.com
infinitehorizonsinfo.com
infinitemarkets.trade
infinites-investments.net
infinitexcapital.com
infinite-elevation.ltd
infinitgains.com
infiniti32.ru
infinitipinnacle.org
infinitisamara.ru
infinitprime.com
infinitumtech.website
infinityai-system.com
infinitycasinogreece.com
infinitycasinoitalia.com
infinityglobalinvltd.com
infinityignite.xyz
infinityinsight.xyz
infinitymngt.com
infinityprofitai-app.com
infinityprofit-ai.com
infinityreliableinvestments.com
infinityspace.life
infinitystaffingsolutions.com
infinitystream.live
infinitytokeninvest.live
infinityvaultx.com
infinityvaultx.net
infinitywealthassets.com
infinity-bitwave-app.net
infinity-hash.io
infinity-lingeries.ru
infinity-nails.ru
infinit-finance.com
infiniumgame.top
infinoxtrade.com
infinplan.ru
infinumbest.ru
infk-insurance.ru
inflatio.ru
inflationnews.xyz
infldigibot.icu
inflottour.ru
inflowinvestments.net
inflpro.top
infltop.top
influence.co
influencersgonewild.com
influoadsx.com
influxchain.net
influxfinance.pro
influxtrade.com
inflwrk.top
inflwrkk.buzz
info67.com
infoallweb.ru
infoalmaty.kz
infoarena.ru
infoavtolombard-pts65.ru
infobautecgroup.ru
infobeauty24.ru
infobg.ru
infobia.ru
infobit.me
infobiza.net
infobiz-bs.ru
infoblogic.ru
infobukmeker.com
infocarplus.ru
infocasino.guru
infocasino.net
infoccenter.ru
infocep.ru
infoclub74.ru
infocom2004.ru
infocompfo.ru
infocopter.ru
infocreatix.com
infodarknet.xyz
infodomain.ru
infodynamicsx.com
infofx.ru
infogambler.com
infogamma.pro
infogov.ru
infograffer.ru
infogridex.com
infohome-altai.ru
infoindobola.com
infoinv.info
infoinvgo.info
infoipi.ru
infoitalia.ru
infokassa.site
infokava.com
infoknygos.lt
infokontora.com
infokotiki.ru
infokras.ru
infoleaks.ru
infoline.ua
infomania.cc
infomed-nsk.ru
infomic.ru
infomir2.ru
infomostbet.ru
infomozaika.com
infomozaika.info
infomozaika.net
infomozaika.org
infontr.ru
infopath.xyz
infopechen.ru
infopodsolnux.ru
infopokupka.ru
infopressa.com
infopressa.site
infopressa-site.com
inforadius.ru
inforai.net
inforeactor.ru
inforepetitor.ru
inforesist.org
inforezerv.ru
inforiobet.icu
inform35.ru
informatik04.ru
information.dk
informatione.ru
informativearena.com
informator.media
informator.ua
informbet.top
informbets.top
informburo.net
informcasino.top
informcazino.top
informeffluents.xyz
informer.today
informgamble.top
informlucky.top
informnapalm.org
informnapalm.rocks
informnovosti.ru
informost.ru
informpotok.org
informstroi.ru
informteh-31.ru
informwinning.top
inform-line.xyz
inform-t.ru
inforounds.xyz
inforpost.com
inforsa.ru
inforumkhsu.ru
inforuns.xyz
infosay.ru
infoshishkina.ru
infositi24.ru
infosklad.org
infosliv.club
infosmooths.xyz
infospain.ru
infospot.info
infostad.ru
infostavki.com
infostock.net
infostreamx.com
infostudycanada.ru
infotaksi.ru
infotea.ru
infotechmind.com
infotech-m.ru
infotime.co
infotolium.com
infotorrent.be
infotrackpeople.com
infotrackpeople.org
infovario.biz
infovarmatch.com
infovavada.ru
infovirus.biz
infovmire.ru
infowarship.com
infoway-marketing.com
infoweb.website
infowebhub.net
infowin.ru
info-1x-bet.top
info-1x-bet2.top
info-about.ru
info-bestlife.ru
info-betwinner.ru
info-bomba.com
info-casinox.icu
info-casinox.shop
info-cloud.online
info-crmsystems.ru
info-current.xyz
info-finlandia.ru
info-fmcg.ru
info-foss.ru
info-gamacasino.icu
info-go.co
info-gos-uslugi.ru
info-inters.xyz
info-kna.ru
info-krot.ru
info-link.ru
info-mag.ru
info-nnov.ru
info-pipeline.xyz
info-podolsk.ru
info-poisk.com
info-pokerdom.icu
info-pokerdom.shop
info-pokerdom.top
info-poker-dom.icu
info-poker-dom.life
info-potolki.ru
info-remont.ru
info-request.ru
info-riobet.icu
info-smi.ru
info-spread.xyz
info-stend.ru
info-stream.xyz
info-suhinichi.ru
info-traffic.xyz
info-trafs.xyz
info-vsk.ru
info-welt.com
infrakrasnyy-obogrevatel.ru
infraschall.ru
infrastblago.ru
infraya.work
infra-obogrev.ru
infspidkchr.ru
inftoe.ru
infusedpsychedelic.com
infuse-affluent.top
infvp.net
infwarfare.ru
inf-fam.ru
inf-melbet.top
ingacos.ru
ingamarkova.ru
ingamble.com
ingcomgroup.ru
ingco-or-itk.ru
ingenercenter.ru
ingerimaja.com
inginiring33.ru
inginirium.online
inginirium-tmn.ru
inglesina-amp.xyz
inglesina-italy.ru
ingn.ru
ingocstrah.ru
ingoodtastemag.com
ingopasent.cyou
ingosmile.ru
ingpolicom.ru
ingrad-tophills.ru
ingred-ekb.ru
ingressgame.ru
ingress-intel.com
ingrusteatr.ru
ingushdance.ru
ingushforum.ru
ingushstore.in
inhistory.info
ini21.ru
inibokep.cfd
iniciativaidea.com
iniciativa-vahta.online
iniciativa-vahta.ru
inim34.ru
ininfopost.ru
initaksa.ru
initialdesc.com
initkms.ru
initziativa11.org
iniziativa-tver.ru
injeep.info
injir.org
inj-market.ru
inkadr.ru
inkagrillcusco.com
inkassatoryserialtsj.online
inkassatoryserialxnz.online
inkbunny.net
inkedin.com
inkfactory.ru
inkland.top
inkluziv.ru
inkorr.com
inkor-tver.ru
inkoservis.ru
inkraken.com
inkstory.me
inkstorylab.com
inkult.ru
inkultur.ru
inkverse.icu
ink-pro.ru
inland-chem.co
inlegal.top
inler.ru
inlikeme.ru
inlistbiz.com
inmartshop.ru
inmar-relations.ru
inmassage.org
inmediato-nexavar.net
inmediato-nexavar-app.com
inmediato-nystex-app.com
inmerion.com
inmeta.ru
inmindstore.ru
inmind-studio.ru
inmoactive.com
inmobiliariaresolani.com
inmotionsupport.com
inmu3.ru
innadril.net
innamahankova.ru
inncentiveppl.org
inncroatia.ru
inncyprus.ru
inndiona.com
innerdiscovery.shop
innerflightretreat.com
innergirls.com
innersense.space
innfrad.com
inngoturbo.com
innlab.ru
innoball.ru
innocentview.com
innocent-angel.ru
innocrowd.ru
innocult.moscow
innofest.tech
innolyceum.ru
innomsk.ru
innopolis-school.ru
innoport27.ru
innoteka-official.ru
innovaciirf.ru
innovapa.net
innovaplanr.com
innovasj.com
innovatenest.xyz
innovatexswelfare.com
innovation45.ru
innovationanal.info
innovationfocus.xyz
innovations-khv.ru
innovation-hc.ru
innovativeenergy.xyz
innovativeerp.com
innovativesolutions.site
innovativetradingbroker.com
innovesthub.com
innreef.online
innreef.ru
inn-try-zvezdy.ru
inobili.ru
inochinokoe.com
inohouse.ru
inomarka76.ru
inoon.ru
inoriginal.online
inoriginal.ru
inota.tech
inotehproect.ru
inotomsk.ru
inovariseprosolution.com
inovarisepro-solution.com
inovexamotion-system.com
inovikov.ru
inovogida.com
inovo-gida.pro
inoxdal.com
inox-metal.ru
ino-instvate-app.com
ino-mebel.ru
inpat.ru
inpauto.ru
inphibit.online
inplate.ru
inplay-fortuna11.com
inplay-fortuna12.com
inplay-fortuna15.com
inplay-fortuna19.com
inplay-fortuna27.com
inplay-fortuna38.com
inpokerok.com
inpokerok.org
inpoland.top
inporn.com
inposter.ru
inpress.ua
inprinta.ru
inprocopy.com
inprofit.biz
inpromstroy.com
inproxy.net
inregister24.biz
inregister24.info
inregister24.org
inregisters24.com
inremonta.ru
inrlordfilm.ru
inroads.ru
inroomika.ru
inrosmed.ru
inrus.top
inrussia-sk.ru
insane.gg
insane.vodka
insaneseeds.com
insane-day.com
inschoice.ru
inschooler.ru
insclub.ru
inscription-1xbet.icu
insearchapp.ru
insect-repellent.ru
insecure.org
insei.ru
inserbia.ru
inserial.club
inseros.com
insgroop.xyz
inshaua.com
inshe.tv
inshorts.ru
insidebar.ru
insidebitcoins.com
insider.ua
insidermails.com
insidernews.info
insiderua.net
insider-media.net
inside-art.ru
inside-web.ru
insightblocklcc.com
insightinnovate.xyz
insightmarketplatform.com
insightnextkaz.com
insightscapitals.net
insightstreams.live
insightvisit.site
insight-online.ru
insight-profits.com
insight-studio.ru
insliv.net
insnews.ru
insoliter.net
insomniaship.com
insor-russia.ru
inspacefilm.ru
inspectree.net
inspektorgavrilovnew.online
inspektorgavrilovsezon.online
inspektor-gavrilov.org
inspireart.icu
inspiredc.ru
inspiredinvest.ru
inspired-insights.com
inspirepoem.icu
inspiresound.icu
inspirwing.com
insstroy.ru
instaautoinvest.com
instadepot.ru
instadinamica-platform.com
instadividend.com
instafixdeals.com
instafixincome.com
instaflower.ru
instaforex.com
instaforex.org
instaforum.ru
instafxmax.com
instafxprofit.com
instagram.com
instahacker.me
instahostel.ru
instaidea.ru
instalelectro.ru
instalker.org
install2kr.at
installartworks.click
installationart.click
installcreative.click
installpainting.click
install-champion-casino.ru
install-shop.org
instamar.ru
instandroid.ru
instant6akpro.com
instant7x-dio.net
instant9-3cryppro.com
instant60renovasoftware.com
instant500murt-app.com
instant560runsensystem.com
instant750stogsystem.com
instant850-niro-soft.com
instant6000renovasolution.com
instantakpro.online
instantakpro2x-app.com
instantakprosystem.com
instantamrix2-ai.com
instantavitaplatform.com
instantavitasolution.com
instantcasino.com
instantcormax.online
instantcormax7.com
instantdaypro-7000.com
instantedge.io
instanteprex-software.com
instantexalgosystem.com
instantflipsystem.com
instantforteo-platform.com
instantgames.casino
instanthaircare.com
instanti-quix.com
instantlasix.online
instantminers.com
instantpay-casino.org
instantprofitai.net
instantsloopsolution.com
instantv6-avapro.com
instantwithdrawals.org
instantx4-bumex.com
instantx5-bumex.com
instantx9chantixtech.com
instantx9exalgo.com
instantx9-chantix.com
instantx9-exalgo.com
instant-1sanorex.com
instant-4x-intal-tech.com
instant-6-olux.com
instant-9-1-akpro.com
instant-9-3-cryppro.com
instant-9-daypro.com
instant-90cormax.com
instant-300warux.com
instant-400scale.com
instant-650-abil.com
instant-750-arvo.com
instant-4000lotemax.com
instant-6000-renova.com
instant-6000-renova.net
instant-7000avonex.com
instant-9000-duactech.com
instant-ai-app.net
instant-akpro-system.com
instant-avelon5p-app.com
instant-avita-platform.com
instant-flip.net
instant-forteo-solution.com
instant-invest.ru
instant-lasix-v7-platform.com
instant-olux-system.com
instant-play.com
instant-sanorex-system.com
instant-x8daypro.com
instaoffice.ru
instaprofitone.com
instaprovalue.com
instarmedia.ru
instasoft.su
instaspincasinofrance.com
instatrade.com
instatrade.org
instatradecenter.com
instatradegroup.com
instatrademakers.com
instatraders.com
instatrading.com
instawealthpro.com
instawiki.ru
insta-lender.com
instcasino.store
instcasino.top
instcasino5.top
instcomputer.ru
inster39.ru
instinctmagazine.com
institucions.info
institute12mai.ru
institute-diplom.ru
institutionalized.xyz
institutional-transformation.org
institutnlpspb.ru
institutokhepani.com
institut-bux.ru
institut-krasoti.ru
instmsk.ru
instore.kz
instprofi.ru
instracker.org
instroymatrem.ru
instroy-bryansk.ru
instrubiz.ru
instrukciyam.top
instrukciyame.top
instruktiruem.top
instrumentale.ru
instrument-san.ru
instrument-tehnika.ru
instrumsnab.ru
instryktsiya.ru
instuff.ru
instyle.ru
instyle-club.ru
insuranceexchangehq.com
insurancefxinvestments.com
insurancefxpay.net
insurance-hk.com
insurance-liability.ru
insurance-ombudsman.kz
insurectxfinance.com
insurgentsia.com
insurstore.ru
insyncfamilies.com
intabak-optom.ru
intaliz.ru
intargo.ru
intaxi.info
inta-cgb.ru
intcreg.net
intecosibir.ru
intec-samara.ru
integotrade.pro
integraledu.ru
integral-msk.ru
integratsia.ru
integratsia-amp.site
integress.ru
integrity-forum.ru
integro-valtrix-soft.com
intek-autorazbor.ru
intel.com
intel.nl
intelbetonline.ru
intelcentre.ru
intelcodrixhub.net
inteldexair-lab-software.com
intelhart.xyz
inteligenciaymonitoreo.com
intelionminers.com
intelkids.ru
intellectbattle.ru
intellectguide.com
intellectoutsourcing.ru
intellectportal.ru
intellectualexperts.ru
intellectumai.ru
intellect-med.ru
intellg.ru
intelligenceschool.ru
intelligen-t.ru
intelliomnismarkets-app.com
intellirion-app.com
intellneurapp.net
intelmebel.ru
intelservice-chita.ru
inteltradecapital.com
inteltradeciti.org
intel-chenix.com
intel-chenixsolution.com
intel-chenix-400.com
intel-eprexsys-platform.com
intel-erymax-pro.net
intel-lidex-xp.com
intensiv74.ru
intensiv-svo.ru
intent.press
intenttradepro.com
inter2.online
inter2.ru
inter35.ru
interacinvest.com
interactivbrokers.net
interactivebrokerlive.net
interactivecapitaltrade.com
interactivecrypto.net
interactivefxbroker.com
interactivekryptobrokers.com
interactiveteddybears.com
interactivetradingx.com
interactivetvweb.org
interactive-environment.com
interactive-livecopytd.com
interactran.online
interafx.ru
interaktiveboard.ru
interavtovl.ru
interbet.com
interbid-radio.ru
interblic.ru
interbrokers.cc
interbrokers.trade
intercapitalfx.com
intercapitaloptions.com
intercom.help
intercourier.news
interee.ru
interelcom.ru
interesnoje.ru
interestonescrowsettlement.com
interestpoint.site
interfa.ru
interface-conduit.top
interfarmapotekade.com
interfarmapotekadeu.com
interfarmsapoteka.com
interfaz.ru
interfex-signal.xyz
interfintrade.ru
interfloraxxi.ru
intergainsfin.com
interierm.ru
interier-massiv.ru
interier-tlt.ru
interinforms.tk
interiorati.com
interiorelit.ru
interiorgid.ru
interior-academy.ru
interkrep.ru
interlacepodcast.com
interlaw.ru
interleninsk.online
interlud-gve.ru
intermag33.ru
intermax.capital
intermedtour.net
intermexpro.com
internacional-1xbet.icu
internalfb.com
internalflow.com
internat3vrn.ru
internat4-tgl.ru
internat5.ru
internat108.online
internat108.ru
internatbarnaul.ru
internatdvureche.ru
internationalcricketboard.com
internationaldriversassociation.com
internationaldrivershub.ru
internationalfxtrendsignal.com
internationalhighlife.com
internationallottery.org
internationalpharmassd.com
internationalplus.net
internationalprimeinvests.com
international-1xbet.icu
internat-bel.ru
internat-esik.kz
internat-ktl.ru
internat-ples.ru
internavigation.ru
internedz.com
internet04.ru
internetafisha.ru
internetborders.net
internetboss.ru
internetchicks.com
internetdar.ru
internetdiplom.ru
internetkazinonadengi.me
internetkazinonadengi.xyz
internetkosmetika.ru
internetokna.ru
internetpoiskovik.ru
internetua.com
internetv.online
internetzaim.ru
internet-baret.ru
internet-camera.ru
internet-casino-avtomaty.com
internet-institut.ru
internet-kasko.ru
internet-king-vulkan.ru
internet-magazin-semyan.ru
internet-piter.ru
interni-tv.online
internosweb.it
interny2.lat
internys.online
internyserialy.online
internysm.online
interny-hdrezka.net
interny-lordfilm.bio
interny-lordfilm.online
interny-lordfilm.ru
interny-lordfilm1c.icu
interny-online.xyz
interpal.ru
interpetiolar.com
interphamachem.com
interpharmsapoteka.com
interpharms-apoteka.com
interpleader-lawyer.com
interpol.int
interpolit.ru
interpressnews.ge
interproltd.com
interproza.ru
interputa.ru
interputana.ru
interracialporn.xxx
interracialreality.com
interracial-girls.com
interreg3a.info
interreg4c.net
interrfax.ru
interrielt.online
interrielt.ru
interros-review.ru
interrustravel.com
interrybproduct.ru
intersell.su
intersexual.ru
intersmi.news
interspacebroker.com
interspares.ru
intersport-vendee.com
intersrc.ru
intersstreamline.top
interstoimost.ru
intertechs.ru
intertekk.ru
intertkanb2b.ru
intertradesfx.com
interup.org
interup.top
interupactive.top
interupbet.top
interupbets.top
interupcasino.top
interupcasinoz.top
interupcazinos.top
interupgamble.top
interupgamer.top
interupjoy.top
interuplucky.top
interupplay.top
interuppower.top
interupvictory.top
interupwinning.top
interview-with-vampire.net
intervision-contest.ru
interway-group.com
interwd.be
interxmarkets.com
interyields.top
inter-13.ru
inter-devochka.com
inter-devochka.org
inter-e.ru
inter-escort.com
inter-escort1.ru
inter-fashion.ru
inter-footbal.ru
inter-grup.ru
inter-lines.org
inter-mba.ru
inter-step-shop.ru
inter-svadba.com
intesanoryvasystem.com
intesazomixplatform.com
intesazorli-pro.net
intexx.ru
intex-reg.ru
intfilm.online
intheexecutionersshadow.com
intheforest.top
inthekitchencookingschool.com
intheklub.com
inthemarketplace.biz
intibrokers.org
intim.biz
intim.guru
intim.tel
intim02.com
intim012.com
intim12.net
intim18.org
intim22.biz
intim22.net
intim22.org
intim23.com
intim23.life
intim23.link
intim23.xyz
intim25.org
intim25.pro
intim26.com
intim26.info
intim27.net
intim30.com
intim34.com
intim63.com
intim72.biz
intim72.net
intim72.org
intim74.biz
intim74.net
intim74.org
intim76.com
intim116.best
intim116.day
intim125.vip
intim154.org
intimafisha.net
intimateimages.net
intimatelesbians.com
intimatesecret.ru
intimatesecrets.ru
intimatlas1.com
intimbook.online
intimbooky.online
intimcenter.life
intimcity.bar
intimcity.best
intimcity.bet
intimcity.club
intimcity.com
intimcity.fan
intimcity.fans
intimcity.fun
intimcity.gold
intimcity.guru
intimcity.icu
intimcity.in
intimcity.info
intimcity.ink
intimcity.io
intimcity.is
intimcity.kim
intimcity.live
intimcity.lol
intimcity.ltd
intimcity.me
intimcity.mom
intimcity.nl
intimcity.one
intimcity.ooo
intimcity.pro
intimcity.red
intimcity.sex
intimcity.site
intimcity.top
intimcity.uno
intimcity.vin
intimcity.vip
intimcity1.top
intimcity2.com
intimcitymoskva.com
intimcity-msk.club
intimday.com
intimdoska.com
intimeservis.store
intimexservice.store
intimgid.info
intimgid.net
intimgirls.net
intimindividualki.ru
intimkieva.com
intimkrd.com
intimkrd.net
intimkrd.org
intimledi.biz
intimlife.ca
intimlife.com
intimlife.in
intimlife.net
intimlife.org
intimlife.pro
intimmm.info
intimmodern.ru
intimmoscow.net
intimmoscow.nl
intimnospb.ru
intimnsk.net
intimnsk.org
intimnsk.ru
intimok.com
intimpassion.ru
intimpro.com
intimprostitutki.club
intimrus.com
intimservice24.com
intimservice24a.store
intimservice24c.store
intimservice24i.store
intimservice24k.store
intimservices.store
intimservicex24.store
intimsex.top
intimsimf.com
intimsimf.net
intimsite.info
intimsochi.biz
intimsochi.click
intimsochi.info
intimsochi.me
intimsochi.net
intimsochi.org
intimsochi.site
intimspb.cc
intimspb.fun
intimspb.org
intimstory.com
intimstory.in
intimstory.info
intimstory.lol
intimstory.net
intimstory.site
intimstory.top
intimstory.xyz
intimufa.net
intimuservice.store
intimuslugi.pro
intimvl.com
intimvladivostok.com
intimvmsk.com
intim-35.us
intim-box.com
intim-boxx.com
intim-brn.com
intim-brn.net
intim-bryansk.com
intim-cheb.com
intim-chel.com
intim-chel.ru
intim-chelny.com
intim-dnepr.com
intim-dosug.pro
intim-ekb.net
intim-gid.com
intim-gid.net
intim-hab.com
intim-hub.click
intim-in-stavropol.ru
intim-irkutsk.com
intim-irkutsk.net
intim-izh.com
intim-izh.net
intim-kaluga.com
intim-kaluga.net
intim-kazan.com
intim-kazan.info
intim-kazan.net
intim-kazan1.net
intim-kemerovo.com
intim-kemerovo.net
intim-kirov.com
intim-kirov.org
intim-kirov1.com
intim-krd.biz
intim-krd.com
intim-krd.info
intim-krd.me
intim-krd.net
intim-krd.online
intim-krd.org
intim-krd.site
intim-krd1.com
intim-krd1.net
intim-krd1.org
intim-kursk.com
intim-mariupol.com
intim-mariupol.net
intim-moskva.net
intim-moskva.one
intim-moskva.sex
intim-msk.biz
intim-msk1.net
intim-nk.com
intim-nn.net
intim-nn.org
intim-nsk.com
intim-nsk.info
intim-nsk.me
intim-nsk.online
intim-nsk.site
intim-nsk1.com
intim-obninsk.online
intim-penza.com
intim-penza.net
intim-perm.net
intim-poltava.com
intim-price.com
intim-putany.com
intim-samara.net
intim-samara.org
intim-samara1.com
intim-simf.click
intim-simf.com
intim-simf.me
intim-simf.online
intim-simf.pro
intim-sochi.biz
intim-sochi.love
intim-sochi.me
intim-sochi.net
intim-sochi.online
intim-sochi.org
intim-sochi.pro
intim-sochi.site
intim-sochi.top
intim-sochi1.net
intim-sochi2.com
intim-sochi2.net
intim-sochi2.org
intim-stavropol.com
intim-stavropol.me
intim-stavropol.site
intim-surgut.com
intim-tula.com
intim-tula.net
intim-tula.org
intim-tumen.com
intim-ufa.click
intim-ufa.com
intim-ufa.me
intim-ufa.net
intim-ufa.online
intim-ufa.org
intim-ufa.site
intim-ufa1.com
intim-ulan-ude.com
intim-uslugi.info
intim-vlg.com
intim-vlg.info
intim-vlg.net
intim-x.com
intim-yar.com
intim-znakomstva.com
intim-zp.com
intisi.ru
intkom-center.ru
intlmonitor.com
intobet.xyz
intogoods.online
intogoods.ru
intoks24.ru
intolife.ru
intorgplast.ru
intorrents.biz
intor-rus.ru
intor-spb.ru
intothejungle.top
intothestorm.top
intoupload.net
intouristpro.org
intourist-stavropol.ru
intporn.com
intracapxchange.com
intrade.bar
intrade.pro
intrade3.bar
intrade22.bar
intrade27.bar
intrade28.bar
intrade-bar.com
intrade-bar1.com
intrados.ru
intragame.com
intramoto.ru
intravox.tech
intravox-ltd.com
intrexventuremine.com
intrfarm.com
introalpha.online
introcomm.ru
introdevelopment.online
intromodern.online
intron.biz
intropi.ru
introslots-online.com
introsteps.online
introtech.online
introtrade.pro
intro-incar.ru
intr-i-business.ru
intsiberia.ru
intvua.com
intymag.com
int-3.ru
int-man.ru
int-nt.ru
int-stroy66.ru
inuakike.org
inuelle.com
invacross.ru
invaders-rf.com
invalidenfriedhof-berlin.de
invalidnost-dlya-vseh.ru
invalidnost-kupit.ru
invalidnost-officialnaya.ru
invalidnost-oformim.ru
invasait.ru
invasite.ru
invasovet.ru
invatravel.ru
invaxa.com
invdemo1.pro
invecrypt.com
inventarium.mobi
inventisit.com
inventorychanger.ru
invent-elite.ru
invent-resale.ru
inveranix-platform.com
inverionaxsystem.com
invernessguesthouse.com
inverogt-solution.com
inversiafest.ru
inversionderepsol.com
inversionvetrasystem.com
inveshub.info
invesmart.xyz
invesn.info
invesstiray.com
invest4earn.com
investaqgpt.net
investarfinances.com
investbase.top
investbay.ru
investbb.info
investblog.io
investcanadaplatform.com
investcanada-platform.com
investcantech.com
investcapital.click
investcapital24.ru
investchat.xyz
investcom.pro
investconference.ru
investcore.pro
investcorelimited.com
investdubai.ru
investeagle.net
investedgepros.com
investeds.online
investeu.site
investfinanceltd.com
investfinsphere.com
investfirmtrade.com
investflow.ru
investflowfx01.com
investforall.ru
investfrance.net
investfrex.com
investfundsonline.com
investfunk.com
investfusionhub.com
investgive.shop
investgl7v0i.live
investgold.click
investgpt-system.com
investgrand.com
investgt.com
investgta.site
investgukovo.ru
investhere.xyz
investhub-3.com
investicii-otziv.ru
investicii-otzivy.ru
investicii-otzyv.ru
investicii-otzyvy.ru
investico.info
investiel.com
investifyfx.com
investigos.com
investihub.live
investimmigration.ru
investimpact.ru
investin.store
investin.vc
investindocomsucesso.com
investinelonmusk.com
investingcy.com
investingdream.com
investingincryptocurrency.com
investingpro.site
investingsuccess.website
investing-ai.net
investinq.kz
investintelligence.info
investiq42.shop
investire-kivosoft.com
investire-kivo-soft.com
investitalia-app.com
investition.site
investiva.uno
investivapro.com
investizo.com
investizo.net
investizo.org
investizo.pro
investizo-trade.com
investkoinpro.org
investkostroma.ru
investladder.com
investlombard.ru
investlt-dhrbr.com
investly.pro
investmagazine.ru
investmani.net
investmastergrowth.com
investmemecoin.com
investmentbay.com
investmentcooperationpro.com
investmentplatform-tech.com
investmn.ru
investnearn.net
investnowfx.org
investoblocmarkets.com
investocrpt.com
investology.pro
investoperation.com
investor3d.com
investorbasekr.com
investorforone.pro
investorova.com
investorscapital.co
investorscapital.site
investorsedgeuniversity.com
investors-protect.ru
investors-room.ru
investors-trust.com
investorweek.ru
investoryclass.com
investpay.site
investpeople.site
investpherefirm.live
investplatter.com
investplusealgo.com
investpluss.ru
investpoint.pro
investprecision.com
investprm.ru
investpro.fun
investprovider.app
investprovider.com
investprovider.org
investpro-ai.cfd
investpro-ai-app.net
investpr-platform.ru
investrage.com
investragpt-platform.com
investrazvitie.ru
investregion35.ru
investreviewer.com
investrixaisoft.com
investrixai-app.net
investrixhub.net
investrix-ai-soft.com
investsbit.com
investshub.org
investsiri.pro
investspotk.click
investstellar.com
investsteps.ru
investstroy-rb.ru
investstroy-vologda.ru
investsuccess.xyz
investswift.com
investswithelon.com
investtelecom.ru
investtgasz.com
investtimecapital.com
investtotradeai.com
investtradepro.com
investtv.com
investudm.ru
investup.me
investvgaz.com
investvlg.ru
investvolgograd.ru
investvvip.com
investwealthforge.com
investwfxmtrade.com
investwithtesla.com
investwood.ru
investymarket.com
invest-area.com
invest-az.com
invest-a-m.com
invest-broker.com
invest-bux.ru
invest-cms.ru
invest-community.com
invest-digitalai.org
invest-dohod.store
invest-eaeunion.org
invest-ehub.com
invest-experts.ru
invest-flow.io
invest-fond.net
invest-fury-system.com
invest-globalacademy.com
invest-hotels.ru
invest-iq.ru
invest-krym.ru
invest-luxury.website
invest-mate.com
invest-monitor.com
invest-monitoring.com
invest-one.life
invest-platform.info
invest-platform.io
invest-platform.net
invest-platform.org
invest-point.ru
invest-potok.com
invest-potok.org
invest-project.lol
invest-psb.org
invest-rim.online
invest-rim.ru
invest-river.com
invest-rp.ru
invest-s.ru
invest-sever.ru
invest-spark.com
invest-tgk-14.ru
invest-towns.xyz
invest-tracing.com
invest-trade.finance
invest-trend.ru
invest-trust.shop
invest-trx.cc
invest-waves.com
invest-with-fxpro.com
invest-yourself.site
invesv.info
invexanixtech.com
invexaro-system.com
invexeltrade.com
invexgpt-v9-engine.com
invexonlegacy-system.com
invfin.info
invgenuispro.com
invideo.cc
invigsht.com
invistanerixsoftware.com
invitationrussia.ru
invitedigital.ru
invite-online.ru
invizible.net
inviz-vpn.ru
invoicety.com
invoice-market.ru
involvecode.online
invorra.com
invotaxi.ru
invotrade.com
invplace.ru
invshouse.com
invstrbk.com
invtrackprofit.digital
invurgex.com
invvgazprm.com
inv-broker.com
inv-fin.pro
inv-game.online
inv-gida.top
inv-trade.com
inv-trd.com
inweb.ua
inwestnexbit-solution.com
inwhite.ua
inworldstreamtv.com
inwporn.com
inyakino-sad.ru
inyakutia.com
inyazkursy.ru
inyazr.ru
inyazyki.ru
inyaz-fest.ru
inzaikankoukyokai.com
in-1xbet.com
in-100gramm.ru
in-100gramm.store
in-100-gramm.ru
in-casino.club
in-difference.ru
in-expo.ru
in-fact.org
in-florange.ru
in-go.life
in-jap.com
in-man.net
in-melbet.com
in-mostbet-casino.com
in-nedra.ru
in-numbers.ru
in-one.ru
in-place.ru
in-plus.ru
in-pool.com
in-porn.com
in-posad.ru
in-quality.ru
in-resh.ru
in-san.kz
in-sto-gramm.ru
in-sto-gramm.store
in-terra.ru
in-timeproduction.ru
in-yaz-nn.ru
io.lol
io77pokerdom.com
io77pokerdom.xyz
ioanidis.ru
ioannvoin.ru
iobet-casino088.top
ioclaim.top
ioctavio.com
iocus.ru
iofm.net
iok-journal.ru
iolcorp.com
iolitebutane.com
iomi.trade
ionaction.ru
ionicization.com
ionob.com
ionos.com
ionweb.ru
ioos.ru
iop33.com
iopitrum.ru
iop-lordfilm.ru
iordflimchipped.site
iordfliminsomnia.site
iordflimopera.fun
iordikfilmk.online
iorfdlim.online
ios1-1win.click
ios1-1win.cyou
ios1-1win.sbs
ios1-1win.xyz
iosappstrz351.com
iosifkhusenskiy.ru
iosseproon.xyz
ios-1xbet.ru
ios-casino.ru
iotahit.click
iotakenya.com
iotsosa.net
iotsosa.xyz
iotzyv.ru
ioutoken.com
io-n.ru
io-russia.ru
ip77.ru
ipadboard.org
ipadcasino.ru
ipaderp.com
ipadis.ru
ipadizer.ru
ipadnik.ru
ipadslot.com
ipapay.ru
iparku.ru
ipaytheworld.com
ipayzz.com
ipbank.ru
ipbhelp.ru
ipburger.com
ipcc.ch
ipcollabs.com
ipconf2024.ru
ipcproekt.ru
ipc-ras.ru
ipdparts.ru
ipen-anrt.ru
iperovo.ru
ipf-kuban.ru
iphlordfilm.ru
iphone1-1win.click
iphone1-1win.cyou
iphone1-1win.sbs
iphone1-1win.xyz
iphone7.su
iphonecasinos1.ru
iphonecoder.ru
iphonemall.vip
iphones-apps.ru
iphonetver.ru
iphonevpn.top
iphone-1win.click
iphone-1win.cyou
iphone-1win.sbs
iphone-1win.xyz
iphone-1xbet.icu
iphone-fix.ru
iphone-larochelle.com
iphone-vpn.top
iphronline.org
ipinco.ru
ipksko.kz
iplaycrypto.com
iplayfortuna.info
iplaystars.ru
ipleer.com
ipleer.fm
iplina-school.ru
ipllaser.ru
iplog.co
iplus.im
ipl-46.ru
ipne.ws
ipochini.ru
ipodata.ru
ipokerdom.info
ipokerdom.monster
ipokerdom.top
ipokerdom2.ru
ipokerdom2.su
ipokerdom365.ru
ipokerdoms.bond
ipokerdoms.cloud
ipokerdoms.digital
ipokerdoms.guru
ipokerdoms.online
ipokerdoms.rest
ipolbox.ru
ipoliita-goru.online
ipoliita-goru.ru
iponel.cc
iponel.net
iponel.top
ipopen.ru
ipornovideo.ru
iporntv.net
iporntv.site
iporntv.tv
iposs.net
ipotekapro100.ru
ipoteka-vam.ru
ipo-company.com
ipo-markets.com
ippnou.ru
ippon-sushi.ru
ipps-online.ru
iprado.ru
ipraktica.ru
ipregpro.ru
ipremia.ru
ipremiumnet.com
ipress.ua
ipriep.ru
iprimecapital.com
iprodoc.ru
iprof.kz
iprofital-limited.net
iprofi-market.ru
iprofyle.com
iprolens.ru
iprostitutki.org
iproveit.com
iproxyvpn.help
ipro-investor.com
ips2017.org
ipsc46.ru
ipspanish.ru
ipsum-shop.ru
ipsvv.ru
ipsw.org
ipsworg.com
ipsworg.online
ipsworggi.top
ipswru.com
ipsychologos.ru
ipt66.ru
iptc-clinic.ru
iptelephonia.ru
iptgroupe.ru
ipts-transproekt.ru
iptv.online
iptvplaneta.com
iptvrussia.ru
iptvsmotri.ru
iptvxtrixtv.com
iptvxtrixtv.net
iptv-kartina.tv
iptv-online.cc
iptv-online.me
iptv-rus.ru
iptv-russia.org
iptv-russia.ru
ipukr.com
ipvanish.com
ipvanishvpn.info
ipvnews.net
ipvnews.org
ipvolkovvv.ru
ipyforum.com
ip-51-195-166.eu
ip-51-210-135.eu
ip-54-37-233.eu
ip-87-98-234.eu
ip-blockchain.ru
ip-centre.ru
ip-lux.ru
ip-mix.ru
ip-news.ru
ip-printx.ru
ip-property.ru
ip-shnik.ru
ip-terramark.com
iq7pokerdom.com
iqaroma.ru
iqblog.blog
iqblog.top
iqb-tech.ru
iqcapitalinvest.org
iqcent.biz
iqcent.cc
iqcent.com
iqcent.pro
iqcentclub.com
iqik.ru
iqland55.ru
iqmining.com
iqmonitoring.icu
iqmonitoring.info
iqmonitoring.net
iqmonitoring.org
iqmonitoring.ru
iqn26-admiral-x.icu
iqoptionfx.com
iqoptionmining.com
iqoption-binary.com
iqparkevents.com
iqprojects.ru
iqpuzzleofficial.ru
iqralibraryqatar.com
iqrobot.pro
iqstrikeoptions.com
iqtrademarket.com
iqtrdingfrxonline247.com
iquny.ru
iqxje.cfd
iq-bed.ru
iq-board.ru
iq-crestvault.com
iq-gradus.ru
iq-option.ru
ir.lv
ir7pokerdom.com
ir888starz.net
ira41.at
ira42.cc
iradiodetali.ru
irafloxi.com
irakeback.net
iralp.com
iranjoman.com
iranki.club
iranmap.biz
iranpoliticsclub.net
iranyszekelyfold.info
iran-federal.net
iran-tpprf.ru
iratechsolutions.com
irato.ru
ira-floxi.co
irbaschool.online
irbaschool.ru
irbisai.kz
irbisvet.online
irbisvet.ru
irbis-citroen.ru
irbis-rurepair.ru
irbit-imnb.ru
irb-nvk.ru
ircaf.ru
irclinic.ru
ircsem.ru
ircudm.ru
irc-office.ru
irdpo.ru
irdpo-edu.ru
irebenok.com
irecycle.ru
irelandbestcasinos.com
irella-monix-software.com
iremont-iphone.ru
iremyuruker.com
irenkozlova.ru
iri.org
iridon.online
iridon.ru
irinabelih.ru
irinachikunova-academy.ru
irinadesign.ru
irinafarion.xyz
irinamaster.ru
irinamuravyova.ru
irinapotanina.ru
irinavard.ru
irina-klimova.com
irina-lorens.ru
iringtone.net
iringtones.net
iriobet.com
iris24.ru
iris72.ru
irisburbonov.ru
irises.biz
irishcasinohex.com
irishcasinosites.com
irishdrinks.ru
irishseedbank.com
irishtimes.com
iriska-podolsk.ru
irisprintstudio.ru
iri-ran.ru
irjbm.org
irk2.ru
irk2.store
irkdiana.org
irkhu.ru
irkizbirkom.ru
irkmedik-shop-a.ru
irkmedsprawka.ru
irko-ingur.ru
irkutsk.blog
irkutskblogspot.ru
irkutskboom.shop
irkutskdiplom.ru
irkutskdiplomis.ru
irkutskhostel.ru
irkutskshopdiplom.ru
irkutsksm.com
irkutsk-diplom.ru
irkutsk-girl.com
irkvisa.ru
irk-prioritet.ru
irma-l.ru
irmwrites.com
irocket.careers
ironagespb.ru
ironcenter.ru
ironcohort.ru
ironfx.com
irongateluxten-app.com
irongatemarkets.com
irongatemarkets.net
irongatesmarket.com
irongatetrd.com
irongate-luxten-software.com
irongoldinvest.com
irongoose.ru
ironledgeronline.com
ironmax.group
ironmaxgroup.com
ironpeaktradebit-solution.com
ironpeak-tradebit.com
ironshieldukraine.com
irontales.ru
ironvale.pro
ironwavecapital.com
ironwave-capital.com
ironway.ru
ironwebsolutions.com
ironwoodekb.ru
iron-bet.com
iron-shipper.ru
iron-smart.ru
irozysk.ru
iro-rt.ru
irpin-med.center
irq-1x.com
irq-1xbet.com
irrigation-live.online
irrus.ru
irsid.ru
irsol.tj
irs-show.ru
irt.su
irtool.ru
irttek.ru
irvin.casino
irvin.lat
irvin-slots1.top
irvin-slots2.top
irvin-slots3.top
irwex.site
irwin0.casino
irwin.bingo
irwin.buzz
irwin.casino
irwin.games
irwin.help
irwin.ro
irwin001.casino
irwin1.lat
irwin1-play.click
irwin1-site-ampshka.ru
irwin2.com
irwin3.top
irwin4.com
irwin4.top
irwin5.com
irwin5.top
irwin12.casino
irwin13-casino.casino
irwin26.casino
irwin50.casino
irwin52.casino
irwin69.buzz
irwin70.casino
irwin71.casino
irwin89.casino
irwin101.casino
irwin103.com
irwin103.top
irwin104.com
irwin105.com
irwin121.casino
irwin203.com
irwin203.top
irwin204.com
irwin204.top
irwin205.com
irwin228.casino
irwin229.casino
irwin230.casino
irwin231.casino
irwin232.casino
irwin248.casino
irwin283.casino
irwin284.casino
irwin285.casino
irwin303.top
irwin304.top
irwin0306.buzz
irwin0317.buzz
irwin322.casino
irwin350.casino
irwin352.casino
irwin353.buzz
irwin353.casino
irwin354.casino
irwin355.casino
irwin356.casino
irwin358.casino
irwin0365.buzz
irwin365.casino
irwin0381.buzz
irwin400.casino
irwin401.casino
irwin402.casino
irwin403.casino
irwin403.com
irwin403.top
irwin404.com
irwin404.top
irwin405.com
irwin0505.top
irwin559.buzz
irwin0664.buzz
irwin700.buzz
irwin730.buzz
irwin0775.buzz
irwin0910.buzz
irwin0911.buzz
irwin0913.buzz
irwin990.casino
irwin1013.buzz
irwin1014.buzz
irwin1015.buzz
irwin1069.buzz
irwin1134.buzz
irwin1135.buzz
irwin1136.buzz
irwin1137.buzz
irwin1231.buzz
irwin1232.buzz
irwin1233.buzz
irwin1234.buzz
irwin1235.buzz
irwin1236.buzz
irwin1237.buzz
irwin1238.buzz
irwin1239.buzz
irwin1241.buzz
irwin1242.buzz
irwin1243.buzz
irwin1280.casino
irwin1281.casino
irwin1291.casino
irwin1292.casino
irwin1315.buzz
irwin1320.buzz
irwin1321.buzz
irwin1394.buzz
irwin1494.buzz
irwin1525.buzz
irwin1655.buzz
irwin1742.buzz
irwin1862.buzz
irwin1863.buzz
irwin1890.buzz
irwin1891.buzz
irwin1892.buzz
irwin1893.buzz
irwin2005.buzz
irwin2025.top
irwin2102.buzz
irwin2123.buzz
irwin2124.buzz
irwin2125.buzz
irwin2170.buzz
irwin2171.buzz
irwin2253.buzz
irwin2300.buzz
irwin2301.buzz
irwin2302.buzz
irwin2303.buzz
irwin2380.buzz
irwin2381.buzz
irwin2382.buzz
irwin2383.buzz
irwin2392.buzz
irwin2394.buzz
irwin2395.buzz
irwin2396.buzz
irwin2398.buzz
irwin2575.buzz
irwin2576.buzz
irwin2577.buzz
irwin2578.buzz
irwin2780.buzz
irwin2804.top
irwin2896.buzz
irwin3013.buzz
irwin3056.buzz
irwin3147.buzz
irwin3211.buzz
irwin3212.buzz
irwin3213.buzz
irwin3280.buzz
irwin3281.buzz
irwin3282.buzz
irwin3283.buzz
irwin3290.buzz
irwin3291.buzz
irwin3292.buzz
irwin3293.buzz
irwin3330.buzz
irwin3450.buzz
irwin3456.buzz
irwin3590.buzz
irwin3678.buzz
irwin3705.buzz
irwin3929.buzz
irwin4047.buzz
irwin4050.buzz
irwin4060.buzz
irwin4062.buzz
irwin4070.buzz
irwin4080.buzz
irwin4368.buzz
irwin4680.buzz
irwin4741.buzz
irwin4993.buzz
irwin5116.buzz
irwin5435.buzz
irwin5638.buzz
irwin5884.buzz
irwin5910.buzz
irwin5981.buzz
irwin6046.buzz
irwin6047.buzz
irwin6048.buzz
irwin6049.buzz
irwin6060.buzz
irwin6097.buzz
irwin6358.buzz
irwin6448.buzz
irwin6618.buzz
irwin6782.top
irwin7467.buzz
irwin7482.buzz
irwin7773.buzz
irwin7777.casino
irwin7872.buzz
irwin8154.buzz
irwin8177.buzz
irwin8222.buzz
irwin8252.buzz
irwin8321.buzz
irwin8322.buzz
irwin8328.buzz
irwin8340.buzz
irwin8341.buzz
irwin8342.buzz
irwin8349.buzz
irwin8468.buzz
irwin8538.buzz
irwin8591.buzz
irwin8786.buzz
irwin8788.buzz
irwin8789.buzz
irwin8830.buzz
irwin8831.buzz
irwin8832.buzz
irwin8834.buzz
irwin8872.buzz
irwin8963.buzz
irwin9081.buzz
irwin9082.buzz
irwin9083.buzz
irwin9498.buzz
irwin9602.buzz
irwin9618.buzz
irwin9645.buzz
irwinarts.com
irwincas.app
irwincas.com
irwincas.ru
irwincas.site
irwincas.top
irwincas.win
irwincas1.com
irwincas2.com
irwincas3.com
irwincasics.top
irwincasik.com
irwincasik2.top
irwincasin0.com
irwincasin0.lol
irwincasin0.ru
irwincasin01.ru
irwincasin3.ru
irwincasin03.top
irwincasin4.ru
irwincasin04.top
irwincasin012.top
irwincasin103.com
irwincasin103.top
irwincasin104.com
irwincasin105.com
irwincasin203.top
irwincasin204.top
irwincasin303.com
irwincasin303.top
irwincasin304.com
irwincasin304.top
irwincasin305.com
irwincasin305.top
irwincasin306.com
irwincasin307.com
irwincasin308.com
irwincasin403.com
irwincasin404.com
irwincasin404.top
irwincasin405.com
irwincasin405.top
irwincasino0.buzz
irwincasino.academy
irwincasino.app
irwincasino.art
irwincasino.bet
irwincasino.business
irwincasino.click
irwincasino.eu
irwincasino.net
irwincasino.online
irwincasino.org
irwincasino.quest
irwincasino.ru
irwincasino.vip
irwincasino1.biz
irwincasino1.com
irwincasino1.ru
irwincasino1.shop
irwincasino01.top
irwincasino1play.top
irwincasino1ru.top
irwincasino1tip.top
irwincasino1ya.top
irwincasino2.ru
irwincasino2play.top
irwincasino2ru.top
irwincasino2tip.top
irwincasino2ya.top
irwincasino3.buzz
irwincasino3.lol
irwincasino3.online
irwincasino3.org
irwincasino3play.top
irwincasino3ru.top
irwincasino3tip.top
irwincasino4.com
irwincasino4.lol
irwincasino4.online
irwincasino4.org
irwincasino4ru.top
irwincasino5.com
irwincasino5.lol
irwincasino5.org
irwincasino6.lol
irwincasino7.com
irwincasino7.lol
irwincasino8.com
irwincasino8.lol
irwincasino10.com
irwincasino11.com
irwincasino13.com
irwincasino20.com
irwincasino21.com
irwincasino21.org
irwincasino22.com
irwincasino23.com
irwincasino24.com
irwincasino26.com
irwincasino27.com
irwincasino30.com
irwincasino31.com
irwincasino33.com
irwincasino34.com
irwincasino36.com
irwincasino40.com
irwincasino44.com
irwincasino66.com
irwincasino73.com
irwincasino74.com
irwincasino76.com
irwincasino77.com
irwincasino78.com
irwincasino80.com
irwincasino88.com
irwincasino88.online
irwincasino100.online
irwincasino101.com
irwincasino101.top
irwincasino110.com
irwincasino111.onl
irwincasino111.online
irwincasino111.top
irwincasino124.ru
irwincasino125.buzz
irwincasino132.top
irwincasino134.top
irwincasino150.online
irwincasino200.online
irwincasino202.com
irwincasino222.com
irwincasino321.ru
irwincasino325.ru
irwincasino333.com
irwincasino333.online
irwincasino345.online
irwincasino382.top
irwincasino420.top
irwincasino444.online
irwincasino506.top
irwincasino591.top
irwincasino616.top
irwincasino648.top
irwincasino666.online
irwincasino700.ru
irwincasino707.online
irwincasino728.top
irwincasino775.top
irwincasino777.casino
irwincasino777.online
irwincasino777.site
irwincasino800.online
irwincasino808.online
irwincasino863.top
irwincasino878.com
irwincasino888.site
irwincasino900.online
irwincasino947.top
irwincasino965.online
irwincasino999.casino
irwincasino4395.casino
irwincasino4984.casino
irwincasinob.ru
irwincasinobase3.top
irwincasinobase4.top
irwincasinoboost.ru
irwincasinocash3.top
irwincasinocash4.top
irwincasinocash6.top
irwincasinoclub3.top
irwincasinod.ru
irwincasinoe.ru
irwincasinof.ru
irwincasinog.ru
irwincasinoigra3.top
irwincasinoigra4.top
irwincasinoigrai2.top
irwincasinoigrat2.top
irwincasinoigrat3.top
irwincasinoigrat4.top
irwincasinoj.ru
irwincasinojoin1.top
irwincasinojoin2.top
irwincasinojoin3.top
irwincasinojoin4.top
irwincasinojoin5.top
irwincasinojoin6.top
irwincasinojoin7.top
irwincasinokk.ru
irwincasinol.ru
irwincasinon.online
irwincasinooo1.top
irwincasinooo2.top
irwincasinooo3.top
irwincasinooo4.top
irwincasinooo5.top
irwincasinooo6.top
irwincasinooo7.top
irwincasinop.ru
irwincasinopay.ru
irwincasinopays.ru
irwincasinoplay.online
irwincasinoplay.ru
irwincasinoplay1.top
irwincasinoplay2.top
irwincasinoplay3.top
irwincasinoprizy3.top
irwincasinoq.ru
irwincasinor.ru
irwincasinoreg3.top
irwincasinos1.top
irwincasinos2.top
irwincasinos3.top
irwincasinos21.top
irwincasinosite.ru
irwincasinoslot3.top
irwincasinoslot4.top
irwincasinoslot5.top
irwincasinosloty3.top
irwincasinosloty4.top
irwincasinostavka3.top
irwincasinostavka4.top
irwincasinostavki3.top
irwincasinostavki4.top
irwincasinostavki5.top
irwincasinot.ru
irwincasinotip3.top
irwincasinotip4.top
irwincasinotip5.top
irwincasinotop3.top
irwincasinotop101.top
irwincasinotop102.top
irwincasinotop103.top
irwincasinotop104.top
irwincasinotop105.top
irwincasinotop108.top
irwincasinotop109.top
irwincasinotop1010.top
irwincasinoturnir3.top
irwincasinoturnir4.top
irwincasinotut2.top
irwincasinotut3.top
irwincasinotut4.top
irwincasinou.ru
irwincasinou1.top
irwincasinou2.top
irwincasinou3.top
irwincasinouse1.top
irwincasinouse2.top
irwincasinouse3.top
irwincasinouse4.top
irwincasinov.ru
irwincasinow.ru
irwincasinoweb3.top
irwincasinowin1.top
irwincasinowin2.top
irwincasinox.ru
irwincasinoy.ru
irwincasinoya1.top
irwincasinoya2.top
irwincasinoya3.top
irwincasinoyes3.top
irwincasinoyes4.top
irwincasinoyes5.top
irwincasinoyes6.top
irwincasinoyes7.top
irwincasinoz.ru
irwincasino-1.mom
irwincasino-1.ru
irwincasino-01.xyz
irwincasino-2.ru
irwincasino-3.com
irwincasino-3.ru
irwincasino-4.com
irwincasino-4.ru
irwincasino-5.com
irwincasino-5.ru
irwincasino-6.com
irwincasino-7.com
irwincasino-105.com
irwincasino-106.com
irwincasino-107.com
irwincasino-108.com
irwincasino-203.com
irwincasino-204.com
irwincasino-205.com
irwincasino-303.com
irwincasino-304.com
irwincasino-305.com
irwincasino-306.com
irwincasino-403.com
irwincasino-404.com
irwincasino-405.com
irwincasino-555.casino
irwincasino-a3.com
irwincasino-a4.com
irwincasino-bonus.top
irwincasino-boost.ru
irwincasino-c3.com
irwincasino-club3.top
irwincasino-club4.top
irwincasino-club5.top
irwincasino-cristoffy3.ru
irwincasino-css1.ru
irwincasino-css2.ru
irwincasino-css3.ru
irwincasino-css4.ru
irwincasino-deu.com
irwincasino-dij1.top
irwincasino-dij2.top
irwincasino-dij3.top
irwincasino-dij4.top
irwincasino-dij5.top
irwincasino-dor3.top
irwincasino-dor4.top
irwincasino-dor5.top
irwincasino-exo1.top
irwincasino-exo2.top
irwincasino-exo3.top
irwincasino-exo4.top
irwincasino-germany.com
irwincasino-grad1.top
irwincasino-grfof1.ru
irwincasino-grfof2.ru
irwincasino-grfof3.ru
irwincasino-grfof4.ru
irwincasino-grfof5.ru
irwincasino-grfof6.ru
irwincasino-group1.top
irwincasino-group2.top
irwincasino-group3.top
irwincasino-group4.top
irwincasino-group5.top
irwincasino-i3.com
irwincasino-i4.com
irwincasino-ig3.top
irwincasino-ig4.top
irwincasino-ig5.top
irwincasino-ir3.com
irwincasino-ir4.com
irwincasino-irwin3.com
irwincasino-irwin4.com
irwincasino-irwin5.com
irwincasino-irwin6.com
irwincasino-kos3.ru
irwincasino-kult3.ru
irwincasino-kvadrat3.top
irwincasino-live1.top
irwincasino-live2.top
irwincasino-live3.top
irwincasino-live4.top
irwincasino-mobile1.top
irwincasino-mobile2.top
irwincasino-mobile3.top
irwincasino-n3.com
irwincasino-n4.com
irwincasino-n5.com
irwincasino-nanograd2.top
irwincasino-o3.com
irwincasino-orc711.top
irwincasino-orc712.top
irwincasino-orc713.top
irwincasino-pays.ru
irwincasino-pl.com
irwincasino-play.space
irwincasino-play.su
irwincasino-pop1.top
irwincasino-pop2.top
irwincasino-pop3.top
irwincasino-priz3.top
irwincasino-priz4.top
irwincasino-promo3.top
irwincasino-qq.ru
irwincasino-r3.com
irwincasino-r4.com
irwincasino-reg3.top
irwincasino-reg4.top
irwincasino-ria3.ru
irwincasino-ria4.ru
irwincasino-ria5.ru
irwincasino-ria6.ru
irwincasino-ria7.ru
irwincasino-ria8.ru
irwincasino-ria9.ru
irwincasino-s3.com
irwincasino-s4.com
irwincasino-s5.com
irwincasino-s6.com
irwincasino-sail3.top
irwincasino-sail4.top
irwincasino-sloty1.top
irwincasino-sloty2.top
irwincasino-sps1.top
irwincasino-sps9.top
irwincasino-top.mom
irwincasino-top.ru
irwincasino-top.world
irwincasino-top1.world
irwincasino-top1.xyz
irwincasino-top10.ru
irwincasino-topcazik.ru
irwincasino-tour3.top
irwincasino-tour4.top
irwincasino-vhod3.top
irwincasino-vip1.top
irwincasino-vip2.top
irwincasino-vpushky3.ru
irwincasino-vse1.ru
irwincasino-vse3.ru
irwincasino-vse4.ru
irwincasino-vse5.ru
irwincasino-vse6.ru
irwincasino-vse7.ru
irwincasino-vse8.ru
irwincasino-vse9.ru
irwincasino-vse10.ru
irwincasino-vse11.ru
irwincasino-vse12.ru
irwincasino-w3.com
irwincasino-w4.com
irwincasino-win.ru
irwincasino-win3.com
irwincasino-win4.com
irwincasino-win5.com
irwincasino-win6.com
irwincasino-win7.com
irwincasino-wins.ru
irwincasino-zar1.ru
irwincasino-zar2.ru
irwincasino-zar3.ru
irwincasino-zar4.ru
irwincassino.bond
irwincas-play2.ru
irwincas-play3.ru
irwincas-top2.top
irwincaz.world
irwincazic.top
irwincazin.pro
irwincazin.top
irwincazin1-msk.top
irwincazin3.top
irwincazino.club
irwincazino.com
irwincazino.group
irwincazino.lol
irwincazino.org
irwincazino.pro
irwincazino.ru
irwincazino.top
irwincazino1.lol
irwincazino1.top
irwincazino2.lol
irwincazino2.top
irwincazino3.lol
irwincazino3.top
irwincazino4.top
irwincazino5.top
irwincazino6.top
irwincazinopay.ru
irwincazinopays.ru
irwincazinos.top
irwincazinosite.ru
irwincazinoslot1.top
irwincazinoslot2.top
irwincazinowin.ru
irwincazino-pays.ru
irwincazino-sam2.top
irwincazino-sam3.top
irwincazino-sam5.top
irwincazino-spins.ru
irwincazino-win.ru
irwincazino-winner.ru
irwincazino-wins.ru
irwincazzinoos1.top
irwincaz-conf3.top
irwincountyrealty.com
irwinformayor.com
irwingames.top
irwinhr.buzz
irwinkasino.com
irwinkasino.xyz
irwinkasino1.ru
irwinkasino2.ru
irwinkasino3.ru
irwinkasino4.ru
irwinkasino5.ru
irwinkasino6.ru
irwinkasinosrf1.top
irwinkasino-slot1.ru
irwinkasino-slot2.ru
irwinkasino-slot3.ru
irwinkasino-slots1.ru
irwinkasino-slots2.ru
irwinkasino-slots3.ru
irwinkasino-top1.ru
irwinkasino-top2.ru
irwinkasino-top3.ru
irwinkasino-top4.ru
irwinkazino.com
irwinkazino.mom
irwinkazino.org
irwinkazino.top
irwinkazino1.top
irwinkazino2.top
irwinkazino3.top
irwinkazino4.top
irwinkazino5.top
irwinkazino6.top
irwinkazinoorf1.top
irwinkazinoorf2.top
irwinkazinova1.top
irwinkazino-1-pol.top
irwinkazino-3.top
irwinkazino-4.top
irwinkazino-5.top
irwinkazino-6.top
irwinkazino-7.top
irwinkazino-8.top
irwinkazino-15.top
irwinl.casino
irwinlol.casino
irwinmb.bond
irwinn1.top
irwinn2.top
irwinnour.com
irwinp1.bond
irwinplay.su
irwinq.site
irwinsfirewood.com
irwinshaw.ru
irwinslots.games
irwinslots1.bingo
irwinslots2.bingo
irwinslots3.bingo
irwinslots4.bingo
irwinslots5.bingo
irwinslots-nfh.site
irwintool.ru
irwintownship.com
irwinwo.buzz
irwinx.casino
irwinx1.casino
irwinx3.casino
irwinx4.casino
irwinx5.casino
irwinx6.casino
irwinx7.casino
irwin-1.bond
irwin-1.casino
irwin-1.com
irwin-1amp-for-mobile.ru
irwin-2.com
irwin-10.lat
irwin-20.lat
irwin-24new.casino
irwin-24new.top
irwin-0905.top
irwin-aamp1-site.ru
irwin-aamp-site.ru
irwin-amp-for-1mobile.ru
irwin-amp-waxf.ru
irwin-ant1.ru
irwin-ant2.ru
irwin-ast1.ru
irwin-ast2.ru
irwin-bar1.ru
irwin-bar2.ru
irwin-bar3.ru
irwin-bet.online
irwin-bet.top
irwin-bet2.online
irwin-bet24.online
irwin-bet24.top
irwin-bets24.top
irwin-bets77.top
irwin-biz1.ru
irwin-biz2.ru
irwin-bonus.casino
irwin-caassino.ru
irwin-casin0.ru
irwin-casin.su
irwin-casin.top
irwin-casin1.top
irwin-casin2.top
irwin-casino00.com
irwin-casino.app
irwin-casino.art
irwin-casino.bond
irwin-casino.cc
irwin-casino.com
irwin-casino.ink
irwin-casino.net
irwin-casino.one
irwin-casino.onl
irwin-casino.ru
irwin-casino.su
irwin-casino1.com
irwin-casino1.mobi
irwin-casino1.top
irwin-casino1.vip
irwin-casino001k.casino
irwin-casino2.com
irwin-casino3.com
irwin-casino3.online
irwin-casino4.com
irwin-casino5.com
irwin-casino6.com
irwin-casino7.com
irwin-casino7.top
irwin-casino8.com
irwin-casino9.com
irwin-casino10.click
irwin-casino10.com
irwin-casino11.buzz
irwin-casino11.com
irwin-casino13.ru
irwin-casino24.top
irwin-casino28.top
irwin-casino29.buzz
irwin-casino34.com
irwin-casino077.top
irwin-casino099.top
irwin-casino100.com
irwin-casino100.ru
irwin-casino100.vip
irwin-casino101.com
irwin-casino101.top
irwin-casino102.com
irwin-casino103.com
irwin-casino104.com
irwin-casino105.com
irwin-casino106.com
irwin-casino107.com
irwin-casino200.com
irwin-casino200.ru
irwin-casino201.com
irwin-casino202.com
irwin-casino203.com
irwin-casino204.com
irwin-casino204.top
irwin-casino205.com
irwin-casino206.com
irwin-casino207.com
irwin-casino208.com
irwin-casino209.com
irwin-casino210.com
irwin-casino211.com
irwin-casino214.com
irwin-casino300.com
irwin-casino300.ru
irwin-casino301.com
irwin-casino302.com
irwin-casino303.com
irwin-casino304.com
irwin-casino365.casino
irwin-casino400.com
irwin-casino400.ru
irwin-casino401.com
irwin-casino402.com
irwin-casino403.com
irwin-casino404.com
irwin-casino404.top
irwin-casino405.com
irwin-casino406.com
irwin-casino407.com
irwin-casino408.com
irwin-casino409.com
irwin-casino410.com
irwin-casino411.com
irwin-casino412.com
irwin-casino453.top
irwin-casino500.com
irwin-casino501.com
irwin-casino502.com
irwin-casino503.com
irwin-casino504.com
irwin-casino505.com
irwin-casino506.com
irwin-casino507.com
irwin-casino508.com
irwin-casino509.com
irwin-casino600.com
irwin-casino600.ru
irwin-casino601.com
irwin-casino602.com
irwin-casino603.com
irwin-casino604.com
irwin-casino605.com
irwin-casino606.com
irwin-casino700.com
irwin-casino701.com
irwin-casino702.com
irwin-casino703.com
irwin-casino704.com
irwin-casino705.com
irwin-casino706.com
irwin-casino707.com
irwin-casino708.com
irwin-casino800.com
irwin-casino801.com
irwin-casino802.com
irwin-casino803.com
irwin-casino804.com
irwin-casino805.com
irwin-casino806.com
irwin-casino807.com
irwin-casino829.top
irwin-casino888.com
irwin-casino900.com
irwin-casino900.ru
irwin-casino901.com
irwin-casino902.com
irwin-casino903.com
irwin-casino904.com
irwin-casino905.com
irwin-casino906.com
irwin-casino907.com
irwin-casino908.com
irwin-casino909.com
irwin-casino939.lat
irwin-casino1000.ru
irwin-casinoo.ru
irwin-casino-1.top
irwin-casino-2.org
irwin-casino-2.ru
irwin-casino-3.online
irwin-casino-3.org
irwin-casino-011.ru
irwin-casino-100.com
irwin-casino-103.com
irwin-casino-203.com
irwin-casino-204.com
irwin-casino-205.com
irwin-casino-206.com
irwin-casino-207.com
irwin-casino-208.com
irwin-casino-209.com
irwin-casino-303.com
irwin-casino-304.com
irwin-casino-403.com
irwin-casino-404.com
irwin-casino-2712.top
irwin-casino-adrex2.ru
irwin-casino-agr-3.ru
irwin-casino-alpsk1.ru
irwin-casino-alpsk2.ru
irwin-casino-apk.bond
irwin-casino-arkhyzrace1.ru
irwin-casino-artm-4.ru
irwin-casino-artt1.ru
irwin-casino-artt2.ru
irwin-casino-artt3.ru
irwin-casino-artt4.ru
irwin-casino-aut3.ru
irwin-casino-aut4.ru
irwin-casino-aut5.ru
irwin-casino-aut6.ru
irwin-casino-auto4.ru
irwin-casino-auto5.ru
irwin-casino-avto2.top
irwin-casino-barnaul3.ru
irwin-casino-barnaul4.ru
irwin-casino-bereg1.ru
irwin-casino-bereg3.ru
irwin-casino-bereg4.ru
irwin-casino-bereg5.ru
irwin-casino-beringa3.ru
irwin-casino-best3.top
irwin-casino-best4.ru
irwin-casino-best4.top
irwin-casino-best5.ru
irwin-casino-bet3.ru
irwin-casino-biol3.ru
irwin-casino-blr.top
irwin-casino-bonus.com
irwin-casino-bonuses2.top
irwin-casino-bonuses3.ru
irwin-casino-cad1.ru
irwin-casino-cad2.ru
irwin-casino-cad3.ru
irwin-casino-cad4.ru
irwin-casino-campus3.top
irwin-casino-center1.top
irwin-casino-center3.top
irwin-casino-center4.top
irwin-casino-center5.top
irwin-casino-center6.top
irwin-casino-cis3.ru
irwin-casino-clouds3.top
irwin-casino-clouds4.top
irwin-casino-coolvk4.ru
irwin-casino-crimea3.top
irwin-casino-crimea4.top
irwin-casino-crimea5.top
irwin-casino-day4.ru
irwin-casino-day5.ru
irwin-casino-day6.ru
irwin-casino-dlr3.top
irwin-casino-dlr4.top
irwin-casino-dogames2.top
irwin-casino-dogames3.top
irwin-casino-domavir3.ru
irwin-casino-dpogost3.ru
irwin-casino-dpogost4.ru
irwin-casino-dpogost5.ru
irwin-casino-edconf3.ru
irwin-casino-edem-4.ru
irwin-casino-eko3.ru
irwin-casino-eko4.ru
irwin-casino-emex1.ru
irwin-casino-emex2.ru
irwin-casino-emex3.ru
irwin-casino-emex4.ru
irwin-casino-emex5.ru
irwin-casino-emi4.ru
irwin-casino-ener3.ru
irwin-casino-euras3.ru
irwin-casino-euras4.ru
irwin-casino-euras5.ru
irwin-casino-euras6.ru
irwin-casino-expo734.ru
irwin-casino-falovers3.ru
irwin-casino-finnish2.ru
irwin-casino-finnish4.ru
irwin-casino-finnish5.ru
irwin-casino-finnish6.ru
irwin-casino-fontan3.ru
irwin-casino-fontan4.ru
irwin-casino-fontan5.ru
irwin-casino-free4.ru
irwin-casino-games3.ru
irwin-casino-garden2.top
irwin-casino-garden4.top
irwin-casino-gener2.top
irwin-casino-gener3.top
irwin-casino-gold3.ru
irwin-casino-gott3.top
irwin-casino-ha3.ru
irwin-casino-heroes3.top
irwin-casino-hmq.top
irwin-casino-hndeo1.ru
irwin-casino-hndeo2.ru
irwin-casino-hndeo3.ru
irwin-casino-hndeo4.ru
irwin-casino-indigo3.ru
irwin-casino-ivriotex3.ru
irwin-casino-ivriotex4.ru
irwin-casino-ivriotex6.ru
irwin-casino-iwg-4.ru
irwin-casino-jkw.top
irwin-casino-kewel1.ru
irwin-casino-kewel2.ru
irwin-casino-kewel3.ru
irwin-casino-kewel4.ru
irwin-casino-kewel5.ru
irwin-casino-klopoff4.ru
irwin-casino-knife3.ru
irwin-casino-knife4.ru
irwin-casino-knife5.ru
irwin-casino-knife6.ru
irwin-casino-kobstavinfo3.ru
irwin-casino-kobstavinfo4.ru
irwin-casino-koml1.ru
irwin-casino-koml2.ru
irwin-casino-koml3.ru
irwin-casino-koml4.ru
irwin-casino-koml5.ru
irwin-casino-krem3.top
irwin-casino-laman1.ru
irwin-casino-laman2.ru
irwin-casino-laman3.ru
irwin-casino-leo3.ru
irwin-casino-leo4.ru
irwin-casino-litb1.top
irwin-casino-litb2.top
irwin-casino-lmns1.ru
irwin-casino-lmns2.ru
irwin-casino-lmns3.ru
irwin-casino-lmns4.ru
irwin-casino-login.bond
irwin-casino-lokar1.ru
irwin-casino-lokar2.ru
irwin-casino-lokar3.ru
irwin-casino-lpt1.online
irwin-casino-lpt1.ru
irwin-casino-marafon3.ru
irwin-casino-metal3.top
irwin-casino-mgb3.top
irwin-casino-milos3.ru
irwin-casino-milos4.ru
irwin-casino-miningbyt3.ru
irwin-casino-miningbyt4.ru
irwin-casino-miningbyt5.ru
irwin-casino-miningbyt6.ru
irwin-casino-ml8.ru
irwin-casino-mls3.top
irwin-casino-mls4.top
irwin-casino-mosar1.ru
irwin-casino-mosar2.ru
irwin-casino-mosar3.ru
irwin-casino-mosar4.ru
irwin-casino-mosar5.ru
irwin-casino-mossanservice3.ru
irwin-casino-motors3.top
irwin-casino-movn1.ru
irwin-casino-movn2.ru
irwin-casino-movn3.ru
irwin-casino-movn4.ru
irwin-casino-movn5.ru
irwin-casino-ms1.top
irwin-casino-nebosvod3.ru
irwin-casino-nebosvod4.ru
irwin-casino-nebosvod5.ru
irwin-casino-nebosvod6.ru
irwin-casino-nrby3.ru
irwin-casino-nrby4.ru
irwin-casino-nrby5.ru
irwin-casino-nrby6.ru
irwin-casino-nrby7.ru
irwin-casino-nrby8.ru
irwin-casino-nrby9.ru
irwin-casino-nrby10.ru
irwin-casino-nrby11.ru
irwin-casino-nunc3.ru
irwin-casino-nunc4.ru
irwin-casino-ocenka4.ru
irwin-casino-off.top
irwin-casino-official.ru
irwin-casino-official3.ru
irwin-casino-official4.ru
irwin-casino-okidog4.ru
irwin-casino-olimp2.ru
irwin-casino-olimp3.ru
irwin-casino-online.bond
irwin-casino-online.ru
irwin-casino-online1.ru
irwin-casino-online10.bond
irwin-casino-opens3.ru
irwin-casino-opia2.top
irwin-casino-osom3.ru
irwin-casino-osom4.ru
irwin-casino-osom5.ru
irwin-casino-oto4.ru
irwin-casino-park3.top
irwin-casino-peg1.ru
irwin-casino-peg2.ru
irwin-casino-peg3.ru
irwin-casino-peg4.ru
irwin-casino-peg5.ru
irwin-casino-pepper3.ru
irwin-casino-pepper4.ru
irwin-casino-phoenix4.ru
irwin-casino-plast5.ru
irwin-casino-play.bond
irwin-casino-play.top
irwin-casino-podbor3.ru
irwin-casino-pokraska1.ru
irwin-casino-pokraska2.ru
irwin-casino-pokraska3.ru
irwin-casino-pokraska4.ru
irwin-casino-pokraska5.ru
irwin-casino-pokraska6.ru
irwin-casino-politgazeta2.ru
irwin-casino-portal3.top
irwin-casino-portal4.top
irwin-casino-portal5.top
irwin-casino-press4.ru
irwin-casino-press5.ru
irwin-casino-press6.ru
irwin-casino-prim-2.ru
irwin-casino-pro3.ru
irwin-casino-pro3.top
irwin-casino-pro4.ru
irwin-casino-progod3.ru
irwin-casino-progod4.ru
irwin-casino-progod5.ru
irwin-casino-progod6.ru
irwin-casino-prol1.top
irwin-casino-qne.top
irwin-casino-rabota3.ru
irwin-casino-raduga3.ru
irwin-casino-raket3.ru
irwin-casino-raket4.ru
irwin-casino-raket5.ru
irwin-casino-rasario3.top
irwin-casino-remont3.ru
irwin-casino-rsmural3.ru
irwin-casino-rsmural4.ru
irwin-casino-safiullin3.ru
irwin-casino-saharvoskspb2.ru
irwin-casino-saharvoskspb3.ru
irwin-casino-saint3.ru
irwin-casino-samokat3.ru
irwin-casino-sangally2.ru
irwin-casino-scr1.ru
irwin-casino-scr2.ru
irwin-casino-shou3.ru
irwin-casino-shtab3.ru
irwin-casino-sigma4.ru
irwin-casino-skyvanga4.ru
irwin-casino-skyvanga5.ru
irwin-casino-slot3.ru
irwin-casino-smet1.ru
irwin-casino-smet2.ru
irwin-casino-smet3.ru
irwin-casino-sm-teh2.ru
irwin-casino-sovetts4.ru
irwin-casino-st24invest3.ru
irwin-casino-st24invest4.ru
irwin-casino-stol3.ru
irwin-casino-stream3.ru
irwin-casino-stream4.ru
irwin-casino-sur5.ru
irwin-casino-tefegram4.ru
irwin-casino-tlst1.ru
irwin-casino-tlst2.ru
irwin-casino-tlst3.ru
irwin-casino-tlst4.ru
irwin-casino-tlst5.ru
irwin-casino-traektoria1.ru
irwin-casino-traektoria2.ru
irwin-casino-traektoria3.ru
irwin-casino-trh3.ru
irwin-casino-trh4.ru
irwin-casino-trh5.ru
irwin-casino-tsallagti4.ru
irwin-casino-udm3.ru
irwin-casino-uprav1.ru
irwin-casino-uprav2.ru
irwin-casino-usky3.ru
irwin-casino-usky4.ru
irwin-casino-usky5.ru
irwin-casino-usky6.ru
irwin-casino-uvaportal4.ru
irwin-casino-uwrb3.top
irwin-casino-uwrb4.top
irwin-casino-uwrb5.top
irwin-casino-vum.top
irwin-casino-we4.ru
irwin-casino-xd2.ru
irwin-casino-xtg.top
irwin-casino-zerkalo.ru
irwin-cas-on.com
irwin-cazi.top
irwin-cazino.com
irwin-cazino.mom
irwin-cazino.ru
irwin-cazino.xyz
irwin-cazzi.top
irwin-consulting.com
irwin-de.com
irwin-dob1.ru
irwin-dob2.ru
irwin-dob3.ru
irwin-dya2.ru
irwin-game1.ru
irwin-game2.ru
irwin-game3.ru
irwin-game24.top
irwin-games.top
irwin-games1.ru
irwin-games1.top
irwin-games2.ru
irwin-games24.top
irwin-gamess0.online
irwin-gamess1.online
irwin-get-bonus.casino
irwin-hw8.top
irwin-ilo1.ru
irwin-ilo2.ru
irwin-irw.top
irwin-kazin.ru
irwin-kazin01.top
irwin-kazin02.top
irwin-kazino.info
irwin-kazino.mom
irwin-kazino.org
irwin-kazino-online.top
irwin-kazino-slots.ru
irwin-key1.ru
irwin-key2.ru
irwin-klub.top
irwin-kul1.ru
irwin-live.cyou
irwin-live.online
irwin-live24.online
irwin-livecasino.top
irwin-mon1.ru
irwin-nav1.ru
irwin-nav2.ru
irwin-nav3.ru
irwin-news.top
irwin-off.casino
irwin-off24.casino
irwin-off24.site
irwin-official00.online
irwin-official.casino
irwin-official.top
irwin-official1.casino
irwin-official24.online
irwin-official24.top
irwin-offs01.top
irwin-online-casino22.top
irwin-online-casino24.top
irwin-online-casino26.top
irwin-online-casino29.top
irwin-online-casino31.top
irwin-online-casino37.top
irwin-par1.ru
irwin-par2.ru
irwin-par3.ru
irwin-play.su
irwin-play1.pro
irwin-play1.top
irwin-play10.su
irwin-play20.su
irwin-playcasino1.top
irwin-playcasino2.top
irwin-playcasino3.top
irwin-playcasino4.top
irwin-playcasino5.top
irwin-playy.click
irwin-pri1.ru
irwin-pri2.ru
irwin-pro007.fun
irwin-real.casino
irwin-reg.casino
irwin-ru.casino
irwin-site.su
irwin-slots.top
irwin-slots1.ru
irwin-szmrady1.ru
irwin-toocay1.ru
irwin-top4.ru
irwin-true.casino
irwin-way-three.com
irwin-win01.casino
irwin-winefury1.ru
irwin-winefury2.ru
irwin-zerkalo.lat
irwin-zerkalo777.ru
irwin-zone.buzz
iryanbell.xyz
iryshkin.ru
iry-lordfilm.ru
ir-pirogi.ru
ir-sechenov.ru
ir-team.ru
is.fi
is7pokerdom.com
isa4310.com
isa5417.com
isabagirov.ru
isabekov.live
isadoraballet.ru
isaev.info
isakcrb.ru
isa-bagirova.ru
isborka.ru
iscce.ru
ischu-kuni.ru
isdforum.ru
iseed.kz
iseekgirls.com
isekay-anime-lordfilm.ru
isekay-anime-lordfilms.ru
isell24.ru
iservice42.ru
iservicesolution.com
iservice-podolsk.ru
isesaki-chuorc.com
isetfest.ru
isev.su
isevdiplom.com
isex.space
isgalaxy.com
isgirsti.lt
isgo.life
isgoo.pro
ishallsinguntilmylandisfree.com
ishark.com
ishdps.ru
ishika.ru
ishimbaimr.ru
ishimbaybiblio.ru
ishimbay-art-gallery.ru
ishimemory.com
ishok.ru
isi2000.online
isi2000.ru
isicam.ru
isincodes.org
isinviteanoun.com
iskatadm.ru
iskekazan.ru
iskilltreeedutech.com
iskitim-zdorovie.ru
iskorkads16.ru
iskorkafond.ru
iskova.news
iskproaudio.ru
iskra.work
iskra-dnr.ru
iskra-media.com
iskra-news.info
iskra-volley.ru
iskushenie2013.ru
iskushenienet.ru
iskushenie-rd.ru
iskushenie-studio.ru
iskushenie-surgut.ru
iskusstvoed.ru
isk-areal.ru
islaenergeticaautosuficiente.com
islam.plus
islamcenter.ru
islamcontent.com
islameconomy.ru
islamedu.kz
islameyat.com
islamhouse.com
islamic.kz
islamicbridge.com
islamicmint-nft.com
islamicpublishing.org
islamic-nft.net
islammessage.org
islamnur.ru
islampeace.ru
islamrk.ru
islamvmoldove.com
islamvoice.net
islamwww.com
islam-perm.ru
islam-tula.ru
islands.lol
islandsale.ru
island-of-pleasure.com
island-of-pleasure.site
island-paper.lol
isla-la-tortuga.com
islen.cyou
islen.xyz
islon.xyz
islot2club7.com
ism24.biz
ism2016.ru
ismagil-shangareev.com
ismayil.biz
isminecraft.ru
ismoby.ru
ismporno.com
ismy2-azino777.icu
isnas.live
isntfastsecond.click
iso2008.ru
isobrel.ru
isocar.ru
isocode.ru
isomer24.cc
isometrica.xyz
isostar-shop.ru
isotradex.com
isotretinoina.online
isoukit.ru
isparsgauntlet.com
ispbsi.ru
ispinix.com
ispolnitelnayadoc.ru
isporno.net
isport.ua
isportlive.net
isportsnews.xyz
isport-tv.ru
ispotads.com
ispovedi.com
ispsite.ru
isp-max.com
israelan.com
israelbrigardimap.ru
israelsp.ru
israelxp.ru
israel-market.ru
israpass.ru
isrg-pensia.ru
isroil.info
issaplus.com
issei-clinic.com
isss.ru
issti.ru
issuhub.com
issuu.com
istc-valday.ru
istelecom.ru
isterbost.ru
isterika.net
isthefestivebakeoutyet.com
istina-ryadom.ru
istlit-russia.com
istobinskoe.ru
istok23.ru
istok24.biz
istoki53.ru
istokischool.ru
istoki-s.ru
istok-vesna.ru
istomin.moscow
istomkino-park2.ru
istoremusic.com
istorex.ru
istore-apple.ru
istore-net.online
istore-net.ru
istories.media
istorikov.ru
istoriyahokkeya.ru
istorja.ru
istory.kz
istpp.ru
istra221216.ru
istrade.cc
istraglamping.ru
istrahramvoz.ru
istramed.com
istravdpo.ru
istra-electro.ru
istream2watch.com
istream2watch.org
istrebitel-demonov-animego.ru
istrebytel-demonov-animego.ru
istreetband.ru
istrelkov.ru
istudio.jp
istylistcommunity.ru
ist-budget.ru
isukraine.com
isummit.info
isun.kz
isupportros.forum
isuxhd.com
isuzu-altai.ru
isu-pb.ru
isvavada.com
isvetodiod.ru
isvodka.com
isw7o-azinomo-bile.icu
isworking.xyz
iswsc.org
isyconrus.ru
isynonym.ru
is-atrium.ru
is-licey.ru
is-med.org
is-molodejka.ru
is-solange.ru
is-wheels.ru
it3.online
itaeromanga.com
itairuz.xyz
italana.ru
italavka.ru
italcoshop.ru
italiabash.com
italiaenred.com
italianainfo.ru
italianjewelry.ru
italiansolutions.com
italiashka.ru
italiavalore-app.com
italiavalore-tech.com
italia-outlet.ru
italionixionpro.xyz
italionixionpro-system.com
itally-lordhd.ru
italnexfond.org
italvalutmax-app.com
italyarn.net
italynow.ru
italyru.com
italy-apteka.store
italy-fest.ru
italy-group.ru
italy-klad.com
italy-mostbet-online.com
ital-pizza.ru
ital-posuda.ru
itamggwo.info
itanaltrix.com
itanalysclub.info
itanalysfelony.info
itaneltrix-app.net
itanomed.ru
itarmy.to
itationil.ru
itautsors.ru
ita-do.com
itbhost.ru
itblogs.ru
itc.ua
itc73.ru
itcenterykt.ru
itch.io
itch.zone
itchygame.com
itclordfilm.ru
itcloud.academy
itcom-group.ru
itcsib.ru
itcvologda.ru
itc-garant.ru
itc-team.ru
itdeer.ru
itdeka.ru
itdoumi.com
iteam-street.ru
iteasylife.ru
itechbox.ru
itec-academy.ru
iteens.tv
iteesweb.ru
iteex-ekb.ru
itellaconnexions.ru
itelorixar-app.com
itena-dental.ru
iteraroof.ru
itero.top
iteroni.com
iteventsbrn.ru
ite-ural.ru
itfglobal.org
itfire.info
itfors.ru
itforyou.shop
itfuture.info
itg84.trade
itgetsbetter.org
itgirlschool.ru
itgnev.ru
ithinkofyou.ru
iticompany.ru
itimofeev.ru
itineria.ru
itinessa.ru
itinvest.online
itiology.ae
itisyourplaceshere.club
itis-easy.ru
itj7pokerdom.com
itjunior.ru
itkingdee.com
itkkit.ru
itklubpro.ru
itkonsalt.ru
itk-spb.ru
itmaster.guru
itmelbet.ru
itmginc.com
itmms.ru
itmobile23.ru
itmo-marketing.ru
itm-action.ru
itnaked.com
itnbasic.com
itneo.life
itness.org
itniver.info
itnull.cc
itnull.me
itogo-shop.com
itok.fun
itok.quest
itok.site
itok.skin
itok.space
itopbonusez.ru
itopbonusez1.ru
itopchart.com
itop-vpn.info
itorbita.ru
itorrent-igruha.org
itourer.ru
itower.life
ito-consults.com
itparkrt.ru
itpavillion.com
itpen.ru
itpilot.org
itpool.ru
itp-forum.ru
itradeinvestment.com
itrader.com
itrade-finance.net
itran.ru
itravel-vl.ru
itrealestate.ru
itregion22.ru
itrey.ru
itrix52.fun
itronrussia.ru
itr-svar.ru
its.finance
its.porn
itsajoker.top
itsarancha.ru
itscrasytime.com
itservices.su
itsgr.ru
itsmoss.com
itsmycity.ru
itsmyfetish.com
itsmygame.ru
itsm-horizon.com
itsnamewasmormo.com
itspatriciaprieto.com
itspecpro.ru
itsregionam.ru
itssport.ru
itstars-award.ru
itstart2019.ru
itstart-casino-jet.ru
itstart-jet-casino.ru
itsteprf.ru
itstrateg.net
itstreets.in
itsupport74.ru
itsvoda.ru
itszoogvpn.online
its-shop.ru
itteach.ru
itu-tai.ru
itvavada.com
itvertex.ru
itvfly.ru
itvid.net
itwendang.com
itworkedout.com
itz.kz
itzarabotok.info
it-76.ru
it-boom.ru
it-br.ru
it-casinovacasino.com
it-click.ru
it-clubs.ru
it-company63.ru
it-dzen.ru
it-gost.pro
it-gost.ru
it-hackathon.ru
it-history.ru
it-host.ru
it-insider.ru
it-kharkiv.com
it-lordfilms.ru
it-mehanika.ru
it-mostbet-online.com
it-motion.ru
it-n.ru
it-notificationhub.com
it-onedevopschampion.ru
it-online.ru
it-outsourcing-almaty.kz
it-palitra.ru
it-rubble.ru
it-school.pw
it-servis45.ru
it-sns.ru
it-sparta.ru
it-specials-amp.xyz
it-tirlik.kz
it-tuner.ru
it-vps.ru
it-webmaster.kz
it-win.ru
iu5qd1mb.com
iu39otrog.ru
iu77pokerdom.com
iudlordfilm.ru
iuepi.ru
iuorao.ru
iupayme.com
iurisprudentia.ru
iuth.kz
iuvologistics.com
iuv-lordfilm.ru
iu-lordfilm.ru
iv3zab7tqmb.com
iv7pd.com
iv7pokerdom.com
ivacy.com
ivalur.ru
ivanarbitov.ru
ivanbet.ru
ivandamaria.bar
ivangrivan.info
ivanich.pro
ivanichmos.ru
ivankalyanstore.ru
ivanko-lordfilm.online
ivanko-lordseriall.ru
ivankrutoyarov.com
ivanovaschool.online
ivanovaschool.ru
ivanovich-yuriy.ru
ivanovka-dosaaf.ru
ivanovoprost.com
ivanovoshopdiplom.ru
ivanovozoo.ru
ivanovo-trik.ru
ivanovprud.ru
ivanovskiy28.ru
ivanovskoe26.ru
ivanovskoe-postelnoe.ru
ivanovy2.ru
ivanovy7sezon.online
ivanovy7sezonserial.online
ivanovy8sezon.online
ivanovyivanovyseriagot.online
ivanovyivanovyserialgo.online
ivanovy-ivanovy.net
ivanovy-ivanovy-hdrezka.net
ivanovy-ivanovy-smotret.net
ivano-kazanka.ru
ivanstrel.ru
ivantea1.ru
ivanteatrava.ru
ivanteevka-doma.ru
ivanv.info
ivanv.net
ivan-cats.ru
ivarkolve.com
ivashkov.club
ivasi.news
iva-dom.ru
ivbel.ru
ivbooks.ru
ivbrezent.ru
ivbroiler.ru
ivbt.ru
ivclordfilm.ru
ivco2021.org
ivdelcrb.ru
ivdel-dveri.ru
iveco33.ru
ivecoglobaltrades.com
iventgroup.ru
iverecinpl.com
ivermectinuse.com
iverm-fen.com
iversatile.com
ivesep-39.ru
ivestoption.com
ivfkz.org
ivfmemphis.com
ivfrao.ru
ivfree.asia
ivf-nn.ru
ivgcapital.com
ivibetcasino.us
ivibetcasino-hu.com
ivicasino.ru
ivicasino.su
ivicasino11.com
ivicasino-online.com
ivicazino.com
ivie-yacht.ru
ivikasino.ru
ivi-casino.ru
ivi-casinoz.ru
ivi-casino-play.ru
ivi-kasino.ru
ivklombard.ru
ivlombard.ru
ivmax.ru
ivmfc.ru
ivntech.ru
ivolabs.com
ivolga.info
ivolga-fond.ru
ivona.ua
ivopora.ru
ivovi.monster
ivpokrov.ru
ivriotex.ru
ivritonline.ru
ivrvoice.ru
ivshkola5vid.ru
ivstalin.ru
ivstol.ru
ivstore.ru
ivtekstili.ru
ivtlordfilm.ru
ivtracker.org
ivtrikotaj.ru
ivulkan.org
ivulkan.xyz
ivulkanplatinum2.com
ivulkanplatinum2.xyz
ivushka8.ru
ivushka21.ru
ivushka-38.ru
ivushki-hotel.ru
ivvaiu.online
ivvaiu.ru
ivverevo.ru
ivvs.ru
ivx.gallery
ivyshka-13kor.ru
ivy-lordfilm.ru
ivzags.ru
ivzetablast.ru
ivznanie.ru
iv-adm.ru
iv-clinic-med.ru
iv-cotton.ru
iv-iskra.ru
iv-it.ru
iv-parnas.ru
iv-postel-shop.ru
iw77pokerdom.com
iw77pokerdom.xyz
iwaicosmo.com
iwank.tv
iwant2cum.com
iwantadeal.com
iwatchphcorp.com
iwcryptooptionstrades.com
iwdlordfilm.ru
iweed-us.com
iwg-germany.net
iwi.lol
iwildcasino.com
iwildcasino1.com
iwildcasino4.com
iwildcasino5.com
iwildcasino6.com
iwildcasino10.com
iwin-fortune.casino
iwion.ru
iwizwig.online
iwm.at
iwn-lordfilm.ru
iwoman.club
iwq-lordfilm.ru
iwtf.ru
ix3oke4.icu
ix7pokerdom.com
ix77pokerdom.com
ix77pokerdom.xyz
ixbet.mobi
ixbet.ru
ixe7pokerdom.com
ixenmotors-krd.ru
ixfilm.org
ixiazap.online
ixoe9-azino777.icu
ixxx.com
ixxx.mobi
ix-casinos.com
ix-lordfilm.ru
iy7pokerdom.com
iy77pokerdom.xyz
iyiy.su
izans.ru
izbass.ru
izbavitsya.ru
izba-ua.com
izba-ural.ru
izbergcgb.ru
izbezhat-nakazaniya-lordfilms.ru
izbralsudi.ru
izbrannyj-serial.online
izbyshki.ru
izchem.com
izdatelstvarossii.ru
izdsp.ru
izerkalo.ru
izgermany.com
izgotovlenie-checov.site
izgotovlenie-checov1.site
izgotovlenie-checov2.site
izgotovlenie-chekov.site
izgotovlenie-chekov2.site
izgotovlenie-chekov3.site
izhcitylife.ru
izhes.ru
izhevskhostel.ru
izhevskshopdiplom.ru
izhevsk-medknizjki.ru
izhevsk-med-sspravii.ru
izhfcb.ru
izhgay.ru
izhklining.ru
izhkv.ru
izhlib.ru
izhopora.ru
izhpechi.ru
izhsbbzh.icu
izhsbbzh.ru
izhsbbzh.site
izhsymbol.ru
izh-prop.ru
izh-reklama.ru
izi.farm
izi.rocks
izi24.ru
izibuk.ru
izicasino.ru
izicasino1ra.ru
izicasino2.top
izicasino2ra.ru
izicasino3ra.ru
izicasino5ra.ru
izicasino6ra.ru
izicasino8ra.ru
izicasino9ra.ru
izicasino10ra.ru
izicazin121.top
izicazin122.top
izicazin123.top
izicazino24.top
izicazino25.top
izicazinos-ru3.info
izicazinos-ru4.info
izicazinos-ru6.info
izicazino-prl1.ru
izicazino-prl2.ru
izicazino-prl4.ru
izicazino-prl5.ru
izicazino-prl6.ru
izil.ru
iziplattform.site
iziserial.co
izi-cas101.top
izi-cas102.top
izi-cas103.top
izi-cash.ru
izi-casino3.top
izi-casino6.top
izi-casino7.top
izi-casino8.top
izi-exchange.net
izi-kasinos.ru
izi-kazino1.top
izi-kazino2.top
izi-kazinos.ru
izi-stroy8.info
izi-stroy9.info
izi-stroy-ru.info
izjoga.info
izkbnadom.online
izkbnadom.ru
izkirpicha.com
izlasci.net
izlechimovse.ru
izmagazinakb-24spb.ru
izmailonline.com
izmena.cc
izmena.net
iznat.com
izobil.ru
izobilie.pro
izobilie.vip
izolon-flowers.ru
izolyatsia.org
izomet.ru
izosimov72.ru
izoteh.kz
izo-natalka.ru
izramed.ru
izrashi.net
izris-pohistva.com
izsambo.by
izsambo.ru
izsp.ru
izuddinhelmi.live
izumchik.com
izumchik.net
izuminca.ru
izumi-sushi.ru
izumovbrands.ru
izumrud35.ru
izumrudjewelry.ru
izumrud-vrn.ru
izvestiya-hall.ru
izycasino12.top
izycasino13.top
izycasino14.top
izz11casino.online
izzi.casino
izzi7j.top
izzi8.casino
izzi69.buzz
izzi1000.top
izzi1994.top
izzi6483.top
izziarmenia5.site
izzibudushego1.ru
izzibudushego8.ru
izzibudushego12.ru
izzibudushego13.ru
izzicas.top
izzicas1000.top
izzicasin51.top
izzicasin52.top
izzicasin53.top
izzicasino.app
izzicasino.club
izzicasino.com
izzicasino.lol
izzicasino.mom
izzicasino.org
izzicasino.space
izzicasino.today
izzicasino.vip
izzicasino.xyz
izzicasino1.com
izzicasino2.com
izzicasino2play.com
izzicasino3.com
izzicasino4.com
izzicasino5.com
izzicasino6.com
izzicasino7.com
izzicasino8.com
izzicasino9.com
izzicasino10.com
izzicasino11.com
izzicasino12.com
izzicasino13.com
izzicasino14.com
izzicasino15.com
izzicasino16.com
izzicasino17.com
izzicasino18.com
izzicasino19.com
izzicasino20.com
izzicasino21.com
izzicasino22.com
izzicasino23.buzz
izzicasino23.com
izzicasino24.com
izzicasino25.com
izzicasino25g.buzz
izzicasino26.com
izzicasino27.com
izzicasino28.com
izzicasino29.com
izzicasino30.com
izzicasino31.com
izzicasino32.com
izzicasino33.com
izzicasino34.com
izzicasino35.com
izzicasino36.com
izzicasino37.com
izzicasino38.com
izzicasino39.com
izzicasino40.com
izzicasino41.com
izzicasino42.com
izzicasino43.com
izzicasino44.com
izzicasino45.com
izzicasino46.com
izzicasino47.com
izzicasino48.com
izzicasino49.com
izzicasino50.com
izzicasino51.com
izzicasino52.com
izzicasino53.com
izzicasino54.com
izzicasino56.com
izzicasino58.com
izzicasino61.com
izzicasino63.com
izzicasino64.com
izzicasino67.com
izzicasino68.com
izzicasino70.com
izzicasino71.com
izzicasino72.com
izzicasino73.com
izzicasino75.com
izzicasino76.com
izzicasino77.com
izzicasino78.com
izzicasino80.com
izzicasino81.com
izzicasino82.com
izzicasino83.com
izzicasino85.com
izzicasino87.com
izzicasino88.com
izzicasino89.com
izzicasino90.com
izzicasino91.com
izzicasino92.com
izzicasino93.com
izzicasino94.com
izzicasino95.com
izzicasino96.com
izzicasino97.com
izzicasino98.com
izzicasino99.com
izzicasino100.com
izzicasino101.com
izzicasino102.com
izzicasino103.com
izzicasino104.com
izzicasino106.com
izzicasino107.com
izzicasino108.com
izzicasino109.com
izzicasino110.com
izzicasino111.com
izzicasino113.com
izzicasino114.com
izzicasino117.com
izzicasino119.com
izzicasino122.com
izzicasino127.com
izzicasino130.com
izzicasino142.com
izzicasino147.com
izzicasino150.com
izzicasino152.com
izzicasino154.com
izzicasino157.com
izzicasino157b.top
izzicasino158.com
izzicasino171.com
izzicasino173.com
izzicasino174.com
izzicasino176.com
izzicasino177.com
izzicasino178.com
izzicasino179.com
izzicasino180.com
izzicasino181.com
izzicasino182.com
izzicasino182.ru
izzicasino184.com
izzicasino187.com
izzicasino188.com
izzicasino194.com
izzicasino195.com
izzicasino198.com
izzicasino199.com
izzicasino200.com
izzicasino201.com
izzicasino202.com
izzicasino203.com
izzicasino204.com
izzicasino205.com
izzicasino208.com
izzicasino219.com
izzicasino220.com
izzicasino222.com
izzicasino223.com
izzicasino224.com
izzicasino227.com
izzicasino229.com
izzicasino231.com
izzicasino233.com
izzicasino244.com
izzicasino381z.casino
izzicasino777.com
izzicasino1000.com
izzicasino1001.com
izzicasino1002.com
izzicasino1003.com
izzicasino1004.com
izzicasino1005.com
izzicasino1006.com
izzicasino1007.com
izzicasino1008.com
izzicasino1009.com
izzicasino1010.com
izzicasino1011.com
izzicasino1012.com
izzicasino1013.com
izzicasino1014.com
izzicasino1015.com
izzicasino1016.com
izzicasino1017.com
izzicasino1018.com
izzicasino1019.com
izzicasino1021.com
izzicasino1022.com
izzicasino1023.com
izzicasino1025.com
izzicasino1026.com
izzicasino1027.com
izzicasino1028.com
izzicasino1029.com
izzicasino1030.com
izzicasino1033.com
izzicasino1036.com
izzicasino1037.com
izzicasino1038.com
izzicasino1039.com
izzicasino1040.com
izzicasino1041.com
izzicasino1042.com
izzicasino1043.com
izzicasino1044.com
izzicasino1045.com
izzicasino1046.com
izzicasino1047.com
izzicasino1048.com
izzicasino1049.com
izzicasino1050.com
izzicasino1051.com
izzicasino1052.com
izzicasino1053.com
izzicasino1054.com
izzicasino1055.com
izzicasino1056.com
izzicasino1057.com
izzicasino1058.com
izzicasino1059.com
izzicasino1060.com
izzicasino1061.com
izzicasino1062.com
izzicasino1063.com
izzicasino1064.com
izzicasino1065.com
izzicasino1101.com
izzicasino1102.com
izzicasino1103.com
izzicasino1104.com
izzicasino1106.com
izzicasino1107.com
izzicasino1108.com
izzicasino1109.com
izzicasino1110.com
izzicasino1111.com
izzicasino1112.com
izzicasino1113.com
izzicasino1114.com
izzicasino1115.com
izzicasino1116.com
izzicasino1117.com
izzicasino1118.com
izzicasino1119.com
izzicasino1201.com
izzicasino1202.com
izzicasino1203.com
izzicasino1204.com
izzicasino1208.com
izzicasino1209.com
izzicasino1210.com
izzicasino1211.com
izzicasino1212.com
izzicasino1213.com
izzicasino1214.com
izzicasino1215.com
izzicasino1216.com
izzicasino1217.com
izzicasino1218.com
izzicasino1219.com
izzicasino1220.com
izzicasino1221.com
izzicasino1222.com
izzicasino1301.com
izzicasino1303.com
izzicasino1304.com
izzicasino1305.com
izzicasino1306.com
izzicasino1307.com
izzicasino1307.ru
izzicasino1308.com
izzicasino1309.com
izzicasino1310.com
izzicasino1311.com
izzicasino1312.com
izzicasino1313.com
izzicasino1314.com
izzicasino1315.com
izzicasino1316.com
izzicasino1317.com
izzicasino1318.com
izzicasino1319.com
izzicasino1320.com
izzicasino1322.com
izzicasino1401.com
izzicasino1402.com
izzicasino1403.com
izzicasino1404.com
izzicasino1405.com
izzicasino1406.com
izzicasino1407.com
izzicasino1408.com
izzicasino1409.com
izzicasino1410.com
izzicasino1411.com
izzicasino1412.com
izzicasino1413.com
izzicasino1414.com
izzicasino1415.com
izzicasino1416.com
izzicasino1417.com
izzicasino1418.com
izzicasino1419.com
izzicasino1501.com
izzicasino1502.com
izzicasino1503.com
izzicasino1504.com
izzicasino1505.com
izzicasino1506.com
izzicasino1507.com
izzicasino1508.com
izzicasino1509.com
izzicasino1510.com
izzicasino1511.com
izzicasino1512.com
izzicasino1513.com
izzicasino1514.com
izzicasino1515.com
izzicasino1516.com
izzicasino1517.com
izzicasino1601.com
izzicasino1602.com
izzicasino1603.com
izzicasino1604.com
izzicasino1606.com
izzicasino1607.com
izzicasino1608.com
izzicasino1609.com
izzicasino1610.com
izzicasino1611.com
izzicasino1612.com
izzicasino1613.com
izzicasino1614.com
izzicasino1615.com
izzicasino1616.com
izzicasino1617.com
izzicasino1618.com
izzicasino1619.com
izzicasino1620.com
izzicasino1621.com
izzicasino1622.com
izzicasino1623.com
izzicasino1701.com
izzicasino1702.com
izzicasino1703.com
izzicasino1705.com
izzicasino1706.com
izzicasino1707.com
izzicasino1708.com
izzicasino1709.com
izzicasino1710.com
izzicasino1711.com
izzicasino1712.com
izzicasino1713.com
izzicasino1714.com
izzicasino1715.com
izzicasino1716.com
izzicasino1717.com
izzicasino1718.com
izzicasino1719.com
izzicasino1720.com
izzicasino1801.com
izzicasino1802.com
izzicasino1803.com
izzicasino1804.com
izzicasino1805.com
izzicasino1806.com
izzicasino1807.com
izzicasino1808.com
izzicasino1811.com
izzicasino1812.com
izzicasino1813.com
izzicasino1814.com
izzicasino1815.com
izzicasino1816.com
izzicasino1817.com
izzicasino1818.com
izzicasino1819.com
izzicasino1820.com
izzicasino1821.com
izzicasino1822.com
izzicasino1823.com
izzicasino1824.com
izzicasino1825.com
izzicasino1826.com
izzicasino1827.com
izzicasino1828.com
izzicasino1829.com
izzicasino1901.com
izzicasino1902.com
izzicasino1904.com
izzicasino1905.com
izzicasino1906.com
izzicasino1907.com
izzicasino1908.com
izzicasino1909.com
izzicasino1910.com
izzicasinoclub1.top
izzicasinodep1.top
izzicasinodep2.top
izzicasinodep3.top
izzicasinoeto1.top
izzicasinoeto2.top
izzicasinoeto3.top
izzicasinoeto5.top
izzicasinofm1.top
izzicasinofm2.top
izzicasinogame7.top
izzicasinoj76.buzz
izzicasinokley1.top
izzicasinokley2.top
izzicasinokley3.top
izzicasinokz.space
izzicasinomsk4.top
izzicasinoonl1.top
izzicasinoonline.com
izzicasinoreg1.top
izzicasinoreg2.top
izzicasinoreg3.top
izzicasinoslots.com
izzicasinoslots58.top
izzicasinoslots-bonus2.top
izzicasinoslots-bonus3.top
izzicasinos-play1.top
izzicasinovip.com
izzicasinovip22.com
izzicasinovip30.com
izzicasinovip42.com
izzicasinovip44.com
izzicasinovip51.com
izzicasinovip53.com
izzicasinovip59.com
izzicasinovip61.com
izzicasinovscrus6.ru
izzicasinovscrus7.ru
izzicasinoya3.top
izzicasinoya4.top
izzicasino-1ne1.top
izzicasino-1ne2.top
izzicasino-1ne3.top
izzicasino-24.com
izzicasino-77.buzz
izzicasino-acb1.top
izzicasino-acb6.top
izzicasino-acb7.top
izzicasino-afory3.ru
izzicasino-afory4.ru
izzicasino-afory5.ru
izzicasino-afory6.ru
izzicasino-afory7.ru
izzicasino-afory8.ru
izzicasino-afory9.ru
izzicasino-afory10.ru
izzicasino-altaty1.ru
izzicasino-altaty4.ru
izzicasino-altaty5.ru
izzicasino-amp.buzz
izzicasino-au.com
izzicasino-bel.ru
izzicasino-bel1.ru
izzicasino-bill1.top
izzicasino-bill2.top
izzicasino-bill3.top
izzicasino-bill5.top
izzicasino-bir26.top
izzicasino-bir27.top
izzicasino-bir28.top
izzicasino-bonus2.top
izzicasino-bonus3.top
izzicasino-bonus5.top
izzicasino-bonus7.top
izzicasino-br.com
izzicasino-brasil.com
izzicasino-bsm21.top
izzicasino-bsm22.top
izzicasino-ca.com
izzicasino-chr41.ru
izzicasino-chr44.ru
izzicasino-coo10.top
izzicasino-coo13.top
izzicasino-de.de
izzicasino-digi5.ru
izzicasino-digi6.ru
izzicasino-digi7.ru
izzicasino-digi8.ru
izzicasino-digi9.ru
izzicasino-doma5.top
izzicasino-doma6.top
izzicasino-dp21.top
izzicasino-dp22.top
izzicasino-dp23.top
izzicasino-dp28.top
izzicasino-dp212.top
izzicasino-dp213.top
izzicasino-dp214.top
izzicasino-drmarty3.ru
izzicasino-drmarty4.ru
izzicasino-drumwavy3.ru
izzicasino-finansy6.ru
izzicasino-finansy7.ru
izzicasino-finansy8.ru
izzicasino-get8.top
izzicasino-get9.top
izzicasino-get10.top
izzicasino-get11.top
izzicasino-get12.top
izzicasino-gk5.ru
izzicasino-gk6.ru
izzicasino-gk7.ru
izzicasino-gk8.ru
izzicasino-gkd8.top
izzicasino-gkh.com
izzicasino-gkh87.top
izzicasino-gp1.top
izzicasino-grantp1.top
izzicasino-grantp8.top
izzicasino-grantp9.top
izzicasino-grantp10.top
izzicasino-in1.ru
izzicasino-in5.ru
izzicasino-inter1.ru
izzicasino-inter5.ru
izzicasino-inter6.ru
izzicasino-inter7.ru
izzicasino-kk.buzz
izzicasino-kley2.top
izzicasino-kley6.top
izzicasino-kley7.top
izzicasino-komfily3.ru
izzicasino-komfily4.ru
izzicasino-komfily5.ru
izzicasino-komfily7.ru
izzicasino-konchetsy5.ru
izzicasino-konchetsy6.ru
izzicasino-krepky5.ru
izzicasino-krepky6.ru
izzicasino-krepky7.ru
izzicasino-kz.com
izzicasino-kz.org
izzicasino-leblog.com
izzicasino-lemestia1.ru
izzicasino-lemestia6.ru
izzicasino-lemestia7.ru
izzicasino-lisafazany4.ru
izzicasino-lisafazany5.ru
izzicasino-lisafazany6.ru
izzicasino-lisafazany7.ru
izzicasino-lisafazany8.ru
izzicasino-lisafazany9.ru
izzicasino-lisafazany10.ru
izzicasino-lkmc3.top
izzicasino-melo3.top
izzicasino-melo7.top
izzicasino-melo8.top
izzicasino-mosphosay3.ru
izzicasino-nassled.com
izzicasino-now.com
izzicasino-online.com
izzicasino-par1.top
izzicasino-par4.top
izzicasino-par5.top
izzicasino-park.top
izzicasino-phy4.top
izzicasino-phy5.top
izzicasino-phy6.top
izzicasino-pobeda23.top
izzicasino-pobeda24.top
izzicasino-rastem1.top
izzicasino-rastem6.top
izzicasino-rastem7.top
izzicasino-real1.top
izzicasino-rost3.top
izzicasino-rost4.top
izzicasino-rost5.top
izzicasino-rpaf.com
izzicasino-ru.top
izzicasino-sam51.ru
izzicasino-sam516.ru
izzicasino-sam517.ru
izzicasino-sam518.ru
izzicasino-shapki1.top
izzicasino-shapki2.top
izzicasino-shapki3.top
izzicasino-slot1.ru
izzicasino-slot2.ru
izzicasino-smartregy4.ru
izzicasino-smartregy5.ru
izzicasino-smartregy6.ru
izzicasino-sob3.top
izzicasino-sob4.top
izzicasino-tap4.top
izzicasino-tap8.top
izzicasino-tap9.top
izzicasino-top.buzz
izzicasino-top.ru
izzicasino-top.world
izzicasino-tut5.top
izzicasino-ur1.top
izzicasino-ur8.top
izzicasino-ur9.top
izzicasino-urpriboy1.ru
izzicasino-urpriboy5.ru
izzicasino-vangohay3.ru
izzicasino-vangohay4.ru
izzicasino-vip.buzz
izzicasino-vip4.top
izzicasino-vip5.top
izzicasino-vip6.top
izzicasino-vo9.top
izzicasino-vo10.top
izzicasino-vpn.buzz
izzicasino-wd5.ru
izzicasino-wd6.ru
izzicasino-wd7.ru
izzicasino-wd8.ru
izzicasino-wd9.ru
izzicasino-web1.top
izzicasino-web5.top
izzicasino-web6.top
izzicasino-whit3.top
izzicasino-win.buzz
izzicasino-x5.top
izzicasino-x6.top
izzicasino-zulechy7.ru
izzicasino-zulechy8.ru
izzicasnevidimka1.top
izzicasnevidimka2.top
izzicasnevidimka3.top
izzicasnevidimka4.top
izzicasonline4.top
izzicasonline5.top
izzicasrsf5.ru
izzicasrsf6.ru
izzicassino.com
izzicassino-online3.ru
izzicas-51.lol
izzicas-52.lol
izzicas-53.lol
izzicas-54.lol
izzicaz61.lol
izzicaz62.lol
izzicaz63.lol
izzicazino.com
izzicazinoslotsss4.top
izzicazinoslotsss8.top
izzicazinoslotsss9.top
izzicazino-akul3.top
izzicazino-akul5.top
izzicazino-akul6.top
izzicazino-hor3.top
izzicazino-hor4.top
izzicazzino4.top
izzicazzino7.top
izzicazzino8.top
izzicazzinoclubtop1.ru
izzicazzinoclubtop9.ru
izzicazzinoclubtop11.ru
izzicazzinoclubtop12.ru
izziclub4.top
izziclub5.top
izzie.ru
izzii1-top-amp.ru
izzikasino.com
izzikasino.site
izzikasino-kz.site
izzikazinocult1.ru
izzikazinocult8.ru
izzikazinocult9.ru
izzikofficial.com
izziofficial3.top
izziofficial4.top
izziofficial5.top
izzionlinecasino.com
izziplay2.top
izziwo.top
izzi-1.kz
izzi-1amp-sitee.ru
izzi-amp-sitee.ru
izzi-app1.top
izzi-balwv01.com
izzi-brazil.com
izzi-casino.art
izzi-casino.bet
izzi-casino.bid
izzi-casino.cafe
izzi-casino.cfd
izzi-casino.com
izzi-casino.digital
izzi-casino.ink
izzi-casino.lat
izzi-casino.live
izzi-casino.lol
izzi-casino.mom
izzi-casino.net
izzi-casino.online
izzi-casino.org
izzi-casino.ru
izzi-casino.sbs
izzi-casino.space
izzi-casino.today
izzi-casino.win
izzi-casino.world
izzi-casino0g0u.buzz
izzi-casino1ljh.buzz
izzi-casino3v0j.buzz
izzi-casino4i02.buzz
izzi-casino5pg3.buzz
izzi-casino5zt7.buzz
izzi-casino7mik.buzz
izzi-casino7niz.buzz
izzi-casino14.ru
izzi-casino14.top
izzi-casino18.top
izzi-casino19.top
izzi-casino40js.buzz
izzi-casino61xp.buzz
izzi-casinoa.space
izzi-casinoonline-energ7.ru
izzi-casinoonline-energ10.ru
izzi-casinoonline-energ11.ru
izzi-casino-114.online
izzi-casino-account1.ru
izzi-casino-account17.top
izzi-casino-account18.top
izzi-casino-anom1.ru
izzi-casino-apk.ru
izzi-casino-aviled23.top
izzi-casino-aviled25.top
izzi-casino-aviled26.top
izzi-casino-aviled27.top
izzi-casino-avto1.ru
izzi-casino-avto6.ru
izzi-casino-belnab7.ru
izzi-casino-belnab8.ru
izzi-casino-belnab9.ru
izzi-casino-belnab11.ru
izzi-casino-belnab12.ru
izzi-casino-belnab13.ru
izzi-casino-bf3.top
izzi-casino-bf10.top
izzi-casino-buketso5.ru
izzi-casino-buketso6.ru
izzi-casino-buketso7.ru
izzi-casino-buketso8.ru
izzi-casino-dengor5.top
izzi-casino-fbhk3.ru
izzi-casino-fmcspo.com
izzi-casino-fmcspo4.ru
izzi-casino-futu2.top
izzi-casino-futu3.top
izzi-casino-futu4.top
izzi-casino-futu5.top
izzi-casino-future8.top
izzi-casino-future9.top
izzi-casino-gde.lol
izzi-casino-golos7.top
izzi-casino-golos8.top
izzi-casino-gym2.ru
izzi-casino-gym3.ru
izzi-casino-gym4.ru
izzi-casino-gym6.ru
izzi-casino-gym9.ru
izzi-casino-gym10.ru
izzi-casino-kazfory3.ru
izzi-casino-kazfory4.ru
izzi-casino-lega1.ru
izzi-casino-lega2.ru
izzi-casino-lega3.ru
izzi-casino-lega4.ru
izzi-casino-lega11.ru
izzi-casino-lega12.ru
izzi-casino-medppp1.top
izzi-casino-medppp2.top
izzi-casino-medppp8.top
izzi-casino-med-tour5.ru
izzi-casino-mn2.ru
izzi-casino-mn3.ru
izzi-casino-news.ru
izzi-casino-obzor5.top
izzi-casino-oneshop5.ru
izzi-casino-oneshop6.ru
izzi-casino-oneshop7.ru
izzi-casino-oneshop8.ru
izzi-casino-online.com
izzi-casino-organpr5.top
izzi-casino-pettech5.top
izzi-casino-pettech6.top
izzi-casino-pettech7.top
izzi-casino-phyac.com
izzi-casino-play.ca
izzi-casino-pravd5.ru
izzi-casino-pravd6.ru
izzi-casino-prof4.ru
izzi-casino-prof5.ru
izzi-casino-prof6.ru
izzi-casino-refdv3.top
izzi-casino-refdv4.top
izzi-casino-refdv5.top
izzi-casino-refdv7.top
izzi-casino-refdv8.top
izzi-casino-sberinny3.ru
izzi-casino-sberinny4.ru
izzi-casino-sberinny5.ru
izzi-casino-sberinny6.ru
izzi-casino-sberinny7.ru
izzi-casino-sberinny8.ru
izzi-casino-sberinny9.ru
izzi-casino-sberinny10.ru
izzi-casino-sberinny11.ru
izzi-casino-sberinny12.ru
izzi-casino-stroyaist5.ru
izzi-casino-top.lol
izzi-casino-uznavay20213.ru
izzi-casino-volvo2.ru
izzi-casino-volvo6.ru
izzi-casino-volvo7.ru
izzi-casino-vv1.ru
izzi-casino-vv2.ru
izzi-casino-vv3.ru
izzi-casino-vv4.ru
izzi-casino-vv5.ru
izzi-casino-wedexpo6.ru
izzi-casino-wedexpo7.ru
izzi-casino-x4.top
izzi-casino-x5.top
izzi-casino-x6.top
izzi-casino-youlove1.ru
izzi-casino-youlove2.ru
izzi-casino-youlove8.ru
izzi-casino-youlove9.ru
izzi-casino-youlove10.ru
izzi-casino-youlove11.ru
izzi-casino-zvezddy3.ru
izzi-casino-zvezddy4.ru
izzi-casino-zvezddy5.ru
izzi-cassino.com
izzi-cazin0-3.top
izzi-cazin0-4.top
izzi-cazin0-5.top
izzi-cazinonline6.top
izzi-cazinonline7.top
izzi-cazinos.live
izzi-cazino-official.ru
izzi-fr01.com
izzi-irrs01.com
izzi-kasino1.top
izzi-kasino2.top
izzi-kasino3.top
izzi-kasino4.top
izzi-kasino5.top
izzi-kasinos-game.ru
izzi-kasino-online.ru
izzi-kasino-tax9.top
izzi-kasino-tax10.top
izzi-kazino.click
izzi-kazinosonline31.top
izzi-kazino-top.ru
izzi-lego11.top
izzi-lego13.top
izzi-lego16.top
izzi-lego17.top
izzi-lego18.top
izzi-mezhy1.ru
izzi-mezhy2.ru
izzi-mezhy3.ru
izzi-mezhy4.ru
izzi-mezhy5.ru
izzi-nevidimka1.info
izzi-nevidimka3.ru
izzi-on.ru
izzi-online-casino24.top
izzi-online-casino26.top
izzi-online-casino29.top
izzi-online-casino34.top
izzi-pem1.ru
izzi-pem2.ru
izzi-pem3.ru
izzi-pem4.ru
izzi-pem5.ru
izzi-pensinvesty3.ru
izzi-pensinvesty5.ru
izzi-pensinvesty6.ru
izzi-pensinvesty7.ru
izzi-play.com
izzi-slot.pro
izzi-slots3.top
izzi-spb2.top
izzi-spb5.top
izzi-taxi.ru
izzi-yancenty4.ru
izzi-yancenty5.ru
izzi-yancenty6.ru
izzi--casinos.ru
izzumg.site
izzumg2.site
izzumya.site
izzumya2.site
izzumya3.site
izzumya4.site
izzumya5.site
izzycasino11.com
iz-ir23.com
iz-konopli.ru
j0ycasino.com
j0-1xbet.top
j1hzy-azinomo-bile.icu
j1k2l3.sbs
j1xbet.ru
j2nx3mpwi.com
j2t.com
j3anmartine.ru
j3xo07f.top
j4fme.ru
j6j.vodka
j6traders.com
j7mg7zywu6zh2q.xyz
j8club.ru
j19ds8alpnephf.live
j103.ru
j104.ru
jaanikirik.ru
jabarchives.com
jabka.gg
jabka.skin
jabutiedu.org
jacivas.com
jackasked.com
jackbarbershop.ru
jackboxmulti.top
jackboxpearlupgrade.top
jackbrown.ru
jackcasino.online
jackcasino.ru
jackclubgames.com
jackdr.com
jackerson.online
jackerson.ru
jackfrostgame.top
jackimov.ru
jackmobilecasinos.com
jackoffit.com
jackp0t.casino
jackperfect.com
jackpoker-ru.com
jackpot.bet
jackpot.com
jackpot1.casino
jackpot3.casino
jackpot21.com
jackpot23.casino
jackpot666vodka.ru
jackpotbest.com
jackpotcash.com
jackpotcasino-bet.ru
jackpotcasino-games.com
jackpotcasino-login.ru
jackpotcasino-site.ru
jackpotcasino-slots.ru
jackpotcasino-top.ru
jackpotcazinos.com
jackpotcharm.casino
jackpotcharm.net
jackpotcharm1.com
jackpotcity.eu
jackpotcity1.com
jackpotcity2.com
jackpotcity3.com
jackpotcity4.com
jackpotcity5.com
jackpotcitycasino.win
jackpotcitycasino1.com
jackpotcity-casino.bet
jackpotfivetimeswins.top
jackpotforgame.com
jackpotgrandcasino.org
jackpotgrandcasino.us
jackpotik.com
jackpotinside.com
jackpotinsight.com
jackpotkazino-top.ru
jackpotsjoycasino.com
jackpotslayer.com
jackpotslot.online
jackpotslot-zjj.site
jackpotter.com
jackpotter-6.top
jackpottop.com
jackpotvipslots.com
jackpotvolcano.com
jackpotvulcan.com
jackpot-777.cc
jackpot-777-club.com
jackpot-avtomaty.icu
jackpot-casino.art
jackpot-casino.click
jackpot-casino.fun
jackpot-casino.help
jackpot-casino.icu
jackpot-casino.lat
jackpot-casino.site
jackpot-casino.world
jackpot-casino.xyz
jackpot-casinom.ru
jackpot-casinon.ru
jackpot-casinos.space
jackpot-casino-n.ru
jackpot-casino-top.ru
jackpot-cazino.xyz
jackpot-finlands.cyou
jackpot-game.xyz
jackpot-games.xyz
jackpot-kasino.xyz
jackpot-klub.net
jackpot-mne.com
jackpot-official.ru
jackpot-online.xyz
jackpot-platform.com
jackpot-plays.xyz
jackpot-slot.xyz
jackpot-slots.online
jackpot-slots.site
jackpot-slots-casino.xyz
jackpot-slots-online-casino.online
jackpot-sloty.com
jackpot-spins.com
jackpot-vavada487.ru
jackpot-village.com
jackpot-vip-cazino.com
jackpot-vulcan-platinum.buzz
jackpot-vulcan-russia.cfd
jackpot-vulkan.space
jackpot-world.com
jackpot--casino.ru
jackpot--kazino.ru
jackrussell.nu
jackschlehr.com
jacksclub.cc
jacksclub.io
jacksonoklahoma.com
jacksparrow.site
jacksride.top
jackthewinner.top
jack-casino.com
jack-london46.ru
jack-playcard.com
jack-poker.com
jack-poker.online
jack-pot.site
jack-pot-casino.com
jack-reacher-lordfilms.ru
jacob-hensley.com
jac-autolight.ru
jac-dv.ru
jac-leosmart.ru
jac-m2-ekb.ru
jac-smr.ru
jadebrothers.com
jadecoins.top
jadeharrisva.com
jadrofinspirex.com
jadvcars.ru
jaecoo-forwardauto.ru
jaecoo-rrt-murmansk.ru
jaeluke.com
jaff.site
jaffnakadai.com
jagerbeer.ru
jagerhaus.ru
jagger-hall.ru
jaguar-autoplus.ru
jaguar-cars.kz
jagunowka.ru
jahcooking.com
jahep-ilc.org
jahforum.net
jahforum.org
jahfunny.net
jahgrow.com
jahnews.nl
jahrushrf.online
jahrushrf.ru
jahseeds.ua
jahstrains.com
jahtools.com
jaiganticevents.com
jailau.kz
jainworld.com
jain-nails.ru
jajvetubt.com
jakepaleschic.com
jakjon.com
jakmarija.ru
jakob-winter.ru
jako-russia.ru
jakpolak.com
jakta.rs
jakutil.cz
jak-fluxrowtech.com
jal787.ru
jalanjaditajir.com
jalapenopetesla.com
jalgyz-narat.ru
jalil-lordfilm.store
jalil-nk.ru
jallacasino.ee
jalloh.com
jalobakniga.ru
jalousie-moskva.ru
jaluzilider.ru
jaluzishtori.ru
jaluzityul.ru
jamblog.ru
jambolab.info
jamdom.ru
jamenga.ru
jamesclemens.com
jamesdeen.com
jamesjeremymiller.com
jamesoexpressfx.com
jamestown.org
jameswelchman.com
jami.net
jamieaugust.com
jamining.com
jamix.cc
jammer4sale.com
jamminjars.casino
jamminjarsdemo.com
jammin-jarz.ru
jammix.ru
jammwol.ru
jamnikadm.ru
jamobur71.ru
jamondepatanegra.com
jamones.ru
jamp-group.ru
jamvideo.ru
jam-bo.ru
jam-club.net
jam-news.net
janapp.ru
jana-moblapm.info
jancel.ru
janeiredale-group.ru
janelojohnson.com
jane-shop.ru
janhist.ru
janime.top
janisjoplin.help
jannajadanova.ru
jannetridener.com
jannyai.com
janrovaya.online
janrovaya.ru
janthex.live
janus-shop.ru
jao-da.com
jap1xbet.com
japancarfest.ru
japaneseanimaltube.cyou
japanesebeauties.one
japanesecoin.top
japanesegayxxx.cc
japaneseporn.su
japanesepornpictures.com
japanesescat.pro
japaneseslurp.com
japanesetwink.cc
japanesezoo.pro
japanese-entertainment.com
japanese-medicines.com
japanese-porn-videos.com
japanese-twink.com
japangay.cc
japangayfuck.cc
japangayporn.cc
japangaypornhall.cc
japangayporntop.cc
japangayporntube.cc
japangaysex.click
japangaysex.com
japangaysexhard.cc
japanhdv.com
japaninporn.com
japanisgood.ru
japanmotors38.online
japanmotors38.ru
japanonly.ru
japanpeo.com
japanpharma.ru
japanporn.su
japanswhores.com
japantrek-chita.ru
japantwink.cc
japantwinkxxx.com
japan-budo.ru
japan-health.net
japan-roll.ru
japan-sakura.ru
japan-shop-24.ru
japan-yes.ru
japoedy.com
japoedy.top
japoloy8.ru
japono4ka.ru
jappydolls.net
jappy-gb-bilder.com
japteka.com
japxtube.com
jap-rf.ru
jarabikes.ru
jaredtheis.com
jarim.ru
jark-tech.pro
jars-ceramistes.ru
jars-jammin.ru
jaruga.ru
jarvisprestidge.com
jarvistradepro.com
jasamsebemaster.ru
jasanportdex-tech.com
jascongress.kz
jasgalym.kz
jasnybitnex.com
jasnybitralis-app.com
jasnyprofinex.com
jasny-bitnex-platform.com
jasny-bitralissolution.com
jaso.org
jasonalexanderco.com
jasonebin.com
jasonjetmusic.com
jasonresearchlab.com
jason-cochran.com
jason-statham-lordfilm.ru
jaspermultichannel.com
jastchasterkan.site
jasu2020.com
jasu2021.com
jatnet.ru
jauto.top
jav.autos
jav.beauty
jav.country
jav.dance
jav.directory
jav.gallery
jav.guru
jav.hair
jav.homes
jav.house
jav.makeup
jav.nagoya
jav.okinawa
jav.pictures
jav.rocks
jav.sexy
jav.skin
jav.yokohama
jav88.pro
javacreativemedia.com
javafooty.com
javaforall.ru
javavada.com
javbitcoin.com
javboyanal.cc
javbtc.com
javbukkake.com
javcomics.space
javdb.com
javdoe.sh
javdragon.com
javfilms.com
javfindx.com
javfor.tv
javfucktube.vip
javfull.net
javgayanal.cc
javgg.net
javgiga.com
javguru.pics
javhd.com
javhd.plus
javhd.vip
javhddot.com
javher.com
javhub.net
javierdepascual.com
javlove.org
javm.ru
javmaleporn.cc
javmalexxx.cc
javmenu.com
javpark.net
javporn.video
javpornhd.xyz
javpornhub.com
javqera.live
javryx.info
javstar.mobi
javteentube.com
javtrailers.com
javtube.com
javunsensored.net
javwind.com
jav-dl.com
jav-fetish.com
jav-fetish.site
jax-lordfilm.ru
jay1uxo.icu
jayb.cam
jazinos.ru
jaztelemark.com
jazzdays.ru
jazzmafia.ru
jazzmanfest.ru
jazzmartini.ru
jazzrussia.online
jazzrussia.ru
jazz-blues-loft-bar.ru
ja-1xbet.top
ja-babushka.ru
ja-chelovek.ru
ja-dv.ru
jb7pokerdom.com
jbauto.ru
jbcam.al
jbcam.cz
jbcasino.ru
jbcnn.ru
jbetcasino.com
jbforumzone.ru
jbgirllsgre.top
jbhub.st
jbhub.top
jbhub.vip
jbk3.ru
jblackspurt.cc
jbooks.club
jbooks.mobi
jbowerstherapy.com
jbparadiess.top
jbpcourses.ru
jbs.al
jbslove.com
jbssmokeshack.com
jbstarzmu.top
jbteen.cc
jbteen.cz
jbvip.su
jbvline.com
jbwvsjmb.com
jbzcms.gr
jbzone.top
jb-forum.ru
jb-kazino.ru
jc7pd.com
jc7pokerdom.com
jc77pokerdom.xyz
jcc.al
jckp-game.com
jclforwarding.com
jcmuofficialblog.com
jcolemusic.com
jcomic.net
jcourtleigh.com
jcreator.ru
jcrjuris.com
jcsustem.com
jc-decor.ru
jd7pokerdom.com
jdforum.net
jdhybzc.com
jdjmq3iy-4eku.info
jdkfjkfwwc.xyz
jdmcars.ru
jdn32nhfm.com
jdorama.ru
jdpaintrus.ru
jdservice.ru
jdyscc.com
jd-doc.ru
jd-lordfilm.ru
je7pokerdom.com
jea24.at
jea34.at
jeanfery.ru
jeanlouisdavidgum.ru
jeanne-garrault.com
jeanpattou.com
jeanskosmetic.ru
jeanssymphony.ru
jeanstorg.ru
jeans-expo.ru
jeans-stil.ru
jeartj.com
jeddington-film.online
jedicode.ru
jedidiahent.com
jediru.net
jednoreki.pl
jeek.ru
jeepgarage.ru
jeep-agrad.ru
jeep-arkont.ru
jeep-motor.ru
jeep-sev.ru
jeet-city.online
jeffmbourne.com
jeffreyscoffee.ru
jeffsmodels.com
jegamanzi.net
jega-manzi.info
jejart.com
jek-miner.bot
jelloustoun-lordfilm.com
jellyvalley.top
jeltok-tomsk.ru
jemchujina42.ru
jemchujina-penza.ru
jemchujnaya.ru
jemetedunes.ru
jemtrade.com
jendodrillhistoryathome.com
jenimsya.ru
jenniferkaren.com
jennifer-klin.ru
jennycasino.com
jepidemija-serial.online
jerdy.com
jeremih.com
jerkdevice.tv
jerkmate.com
jerkroom.com
jerkspotla.com
jerkwell.com
jerk-porn.com
jerlimza.click
jerry24.vip
jerry-merry.ru
jerseysteam.com
jertewal.top
jertewes.top
jertexor.top
jesket.com
jessespevack.com
jessicaannbooth.com
jessicawayne.com
jess-jewels.ru
jesterspins.top
jestyanka-pve.ru
jesuismaidan.ru
jesuitsheanerrelays.com
jesus2020sverige.com
jesusiscuming.com
jesusiskinginvestmentgroup.com
jesusreturns.ru
jet.casino
jet1.casino
jet1casino.com
jet2.casino
jet2-nsk.ru
jet3.casino
jet4.casino
jet4betcasino.com
jet5.casino
jet6.casino
jet7.casino
jet8.casino
jet9.casino
jet10.casino
jet11.casino
jet12.casino
jet13.casino
jet14.casino
jet15.casino
jet16.casino
jet17.casino
jet18.casino
jet19.casino
jet20.casino
jet21.casino
jet22.casino
jet23.casino
jet24.casino
jet25.casino
jet26.casino
jet27.casino
jet28.casino
jet29.casino
jet30.casino
jet31.casino
jet32.casino
jet33.casino
jet39.casino
jet41.casino
jet42.casino
jet43.casino
jet44.casino
jet45.casino
jet46.casino
jet47.casino
jet48.casino
jet49.casino
jet50.casino
jet51.casino
jet53.casino
jet54.casino
jet55.casino
jet56.casino
jet57.casino
jet58.casino
jet59.casino
jet60.casino
jet61.casino
jet62.casino
jet63.casino
jet64.casino
jet65.casino
jet66.casino
jet67.casino
jet68.casino
jet69.buzz
jet69.casino
jet70.buzz
jet70.casino
jet71.casino
jet72.casino
jet73.casino
jet74.casino
jet75.casino
jet77.casino
jet78.casino
jet79.casino
jet80.casino
jet81.casino
jet82.casino
jet83.casino
jet84.casino
jet85.casino
jet86.casino
jet87.casino
jet88.casino
jet89.casino
jet90.casino
jet91.casino
jet92.casino
jet93.casino
jet94.casino
jet95.casino
jet96.casino
jet97.casino
jet98.casino
jet100.casino
jet101.casino
jet102.casino
jet103.casino
jet104.casino
jet105.casino
jet106.casino
jet107.casino
jet108.casino
jet109.casino
jet110.casino
jet111.casino
jet112.casino
jet113.casino
jet114.casino
jet115.casino
jet116.casino
jet117.casino
jet118.casino
jet119.casino
jet120.casino
jet121.casino
jet122.casino
jet123.casino
jet124.casino
jet125.casino
jet126.casino
jet127.casino
jet128.casino
jet129.casino
jet130.casino
jet131.casino
jet132.casino
jet133.casino
jet134.casino
jet135.casino
jet136.casino
jet137.casino
jet138.casino
jet139.casino
jet140.casino
jet141.casino
jet142.casino
jet143.casino
jet144.casino
jet145.casino
jet146.casino
jet147.casino
jet148.casino
jet149.casino
jet150.casino
jet151.casino
jet152.casino
jet154.casino
jet155.casino
jet156.casino
jet157.casino
jet158.casino
jet159.casino
jet160.casino
jet161.casino
jet162.casino
jet164.casino
jet165.casino
jet166.casino
jet168.casino
jet169.casino
jet170.casino
jet171.casino
jet172.casino
jet174.casino
jet175.casino
jet176.casino
jet177.casino
jet178.casino
jet179.casino
jet180.casino
jet181.casino
jet182.casino
jet183.casino
jet184.casino
jet185.casino
jet186.casino
jet187.casino
jet188.casino
jet191.casino
jet193.casino
jet194.casino
jet195.casino
jet196.casino
jet197.casino
jet204.casino
jet205.casino
jet206.casino
jet209.casino
jet210.casino
jet215.casino
jet224.casino
jet225.casino
jet226.casino
jet227.casino
jet228.casino
jet229.casino
jet230.casino
jet231.casino
jet232.casino
jet233.casino
jet234.casino
jet235.casino
jet236.casino
jet238.casino
jet239.casino
jet240.casino
jet241.casino
jet242.casino
jet244.casino
jet245.casino
jet249.casino
jet250.casino
jet253.casino
jet264.casino
jet265.casino
jet268.casino
jet269.casino
jet271.casino
jet272.casino
jet273.casino
jet276.casino
jet277.casino
jet279.casino
jet287.casino
jet306.ru
jet315.ru
jet777.xyz
jet789.casino
jet790.casino
jet1200.top
jetais.ru
jetarena.life
jetauthpoint.com
jetauthpoint777.com
jetbet357.casino
jetbet358.casino
jetbet778.casino
jetbetting.life
jetbetzone.xyz
jetbigwin.life
jetbigwin.xyz
jetblaze.life
jetblitz.life
jetblue-investec.org
jetbonus.xyz
jetbrains.ai
jetbrains.com
jetbuta1.ru
jetbuta11.ru
jetbuta12.ru
jetbuta13.ru
jetb-media1.com
jetb-media4.com
jetcasart1.top
jetcasart6.top
jetcasart7.top
jetcashout.xyz
jetcasinfo1.ru
jetcasinfo4.ru
jetcasinfo5.ru
jetcasino.app
jetcasino.at
jetcasino.ca
jetcasino.cfd
jetcasino.es
jetcasino.fi
jetcasino.games
jetcasino.group
jetcasino.in
jetcasino.link
jetcasino.lt
jetcasino.mx
jetcasino.name
jetcasino.pl
jetcasino.pro
jetcasino.tech
jetcasino.win
jetcasino1best.ru
jetcasino1conf.ru
jetcasino1evo.ru
jetcasino1onl.top
jetcasino1true.ru
jetcasino2best.ru
jetcasino2onl.top
jetcasino2true.ru
jetcasino3best.ru
jetcasino3onl.top
jetcasino3true.ru
jetcasino4best.ru
jetcasino4onl.top
jetcasino6evo.ru
jetcasino7evo.ru
jetcasino8.ru
jetcasino8best.ru
jetcasino9.ru
jetcasino9true.ru
jetcasino10best.ru
jetcasino10true.ru
jetcasino11best.ru
jetcasino11true.ru
jetcasino12best.ru
jetcasino12true.ru
jetcasino13best.ru
jetcasino13true.ru
jetcasino14best.ru
jetcasino14conf.ru
jetcasino15best.ru
jetcasino15conf.ru
jetcasino24.de
jetcasino77.ru
jetcasino100.com
jetcasino101.com
jetcasino102.com
jetcasino103.com
jetcasino104.com
jetcasino105.com
jetcasino106.com
jetcasino107.com
jetcasino108.com
jetcasino109.com
jetcasino110.com
jetcasino111.com
jetcasino112.com
jetcasino113.com
jetcasino114.com
jetcasino115.com
jetcasino116.com
jetcasino117.com
jetcasino118.com
jetcasino119.com
jetcasino120.com
jetcasino121.com
jetcasino122.com
jetcasino123.com
jetcasino124.com
jetcasino125.com
jetcasino126.com
jetcasino127.com
jetcasino128.com
jetcasino129.com
jetcasino130.com
jetcasino131.com
jetcasino132.com
jetcasino133.com
jetcasino134.com
jetcasino135.com
jetcasino136.com
jetcasino137.com
jetcasino138.com
jetcasino139.com
jetcasino140.com
jetcasino141.com
jetcasino142.com
jetcasino143.com
jetcasino144.com
jetcasino145.com
jetcasino146.com
jetcasino147.com
jetcasino148.com
jetcasino149.com
jetcasino150.com
jetcasino151.com
jetcasino152.com
jetcasino153.com
jetcasino154.com
jetcasino155.com
jetcasino156.com
jetcasino157.com
jetcasino158.com
jetcasino159.com
jetcasino161.com
jetcasino162.com
jetcasino163.com
jetcasino164.com
jetcasino165.com
jetcasino166.com
jetcasino167.com
jetcasino168.com
jetcasino169.com
jetcasino170.com
jetcasino171.com
jetcasino172.com
jetcasino173.com
jetcasino174.com
jetcasino175.com
jetcasino176.com
jetcasino177.com
jetcasino178.com
jetcasino179.com
jetcasino180.com
jetcasino181.com
jetcasino182.com
jetcasino183.com
jetcasino184.com
jetcasino185.com
jetcasino186.com
jetcasino187.com
jetcasino188.com
jetcasino189.com
jetcasino190.com
jetcasino191.com
jetcasino192.com
jetcasino193.com
jetcasino194.com
jetcasino195.com
jetcasino196.com
jetcasino197.com
jetcasino198.com
jetcasino199.com
jetcasino200.com
jetcasino201.com
jetcasino202.com
jetcasino203.com
jetcasino204.com
jetcasino205.com
jetcasino206.com
jetcasino207.com
jetcasino208.com
jetcasino209.com
jetcasino210.com
jetcasino211.com
jetcasino212.com
jetcasino214.com
jetcasino215.com
jetcasino216.com
jetcasino217.com
jetcasino218.com
jetcasino219.com
jetcasino220.com
jetcasino221.com
jetcasino222.com
jetcasino223.com
jetcasino300.com
jetcasino301.com
jetcasino302.com
jetcasino303.com
jetcasino304.com
jetcasino305.com
jetcasino306.com
jetcasino307.com
jetcasino308.com
jetcasino309.com
jetcasino310.com
jetcasino311.com
jetcasino312.com
jetcasino313.com
jetcasino314.com
jetcasino315.com
jetcasino316.com
jetcasino317.com
jetcasino318.com
jetcasino319.com
jetcasino320.com
jetcasino321.com
jetcasino322.com
jetcasino323.com
jetcasino324.com
jetcasino325.com
jetcasino326.com
jetcasino327.com
jetcasino328.com
jetcasino329.com
jetcasino400.com
jetcasino401.com
jetcasino402.com
jetcasino403.com
jetcasino404.com
jetcasino405.com
jetcasino406.com
jetcasino407.com
jetcasino408.com
jetcasino409.com
jetcasino410.com
jetcasino411.com
jetcasino412.com
jetcasino413.com
jetcasino414.com
jetcasino415.com
jetcasino416.com
jetcasino417.com
jetcasino418.com
jetcasino500.com
jetcasino501.com
jetcasino502.com
jetcasino503.com
jetcasino504.com
jetcasino505.com
jetcasino506.com
jetcasino507.com
jetcasino508.com
jetcasino509.com
jetcasino510.com
jetcasino511.com
jetcasino512.com
jetcasino513.com
jetcasino514.com
jetcasino515.com
jetcasino516.com
jetcasino517.com
jetcasino518.com
jetcasino519.com
jetcasino520.com
jetcasino521.com
jetcasino522.com
jetcasino600.com
jetcasino601.com
jetcasino602.com
jetcasino603.com
jetcasino604.com
jetcasino605.com
jetcasino606.com
jetcasino700.com
jetcasino701.com
jetcasino702.com
jetcasino703.com
jetcasino704.com
jetcasino705.com
jetcasino706.com
jetcasino707.com
jetcasino708.com
jetcasino709.com
jetcasino710.com
jetcasino711.com
jetcasino712.com
jetcasino713.com
jetcasino714.com
jetcasino715.com
jetcasino716.com
jetcasino717.com
jetcasino718.com
jetcasino800.com
jetcasino801.com
jetcasino802.com
jetcasino803.com
jetcasino804.com
jetcasino805.com
jetcasino806.com
jetcasino807.com
jetcasino808.com
jetcasino809.com
jetcasino810.com
jetcasino811.com
jetcasino812.com
jetcasino813.com
jetcasino814.com
jetcasino815.com
jetcasino816.com
jetcasino817.com
jetcasino818.com
jetcasino900.com
jetcasino901.com
jetcasino902.com
jetcasino903.com
jetcasino904.com
jetcasino905.com
jetcasino906.com
jetcasino907.com
jetcasino908.com
jetcasino909.com
jetcasino910.com
jetcasino911.com
jetcasino912.com
jetcasino1000.com
jetcasino1001.com
jetcasino1002.com
jetcasino1003.com
jetcasino1004.com
jetcasino1005.com
jetcasino1006.com
jetcasino1007.com
jetcasino1008.com
jetcasino1010.bet
jetcasino1010.com
jetcasino1011.com
jetcasino1012.com
jetcasino1013.com
jetcasino1014.com
jetcasino1015.com
jetcasino1018.com
jetcasino1019.com
jetcasino1020.com
jetcasino1021.com
jetcasino1022.com
jetcasino1023.com
jetcasino1024.com
jetcasino1025.com
jetcasino1026.com
jetcasino1027.com
jetcasino1500.top
jetcasino2000.com
jetcasino2001.com
jetcasino2002.com
jetcasino2003.com
jetcasino2004.com
jetcasino2005.com
jetcasino2006.com
jetcasino2007.com
jetcasino2008.com
jetcasino2009.com
jetcasino2010.com
jetcasino2024.com
jetcasino3000.com
jetcasino3001.com
jetcasino3002.com
jetcasino3003.com
jetcasino3004.com
jetcasino3005.com
jetcasino3006.com
jetcasino3007.com
jetcasino3008.com
jetcasino4000.com
jetcasino4001.com
jetcasino4002.com
jetcasino4003.com
jetcasino4004.com
jetcasino4005.com
jetcasino4006.com
jetcasino4007.com
jetcasino4008.com
jetcasino4009.com
jetcasino4010.com
jetcasino4011.com
jetcasino4012.com
jetcasino5000.com
jetcasino5001.com
jetcasino5002.com
jetcasino5004.com
jetcasino5005.com
jetcasino5006.com
jetcasino5007.com
jetcasino5008.com
jetcasino5009.com
jetcasino5010.com
jetcasino5011.com
jetcasino5012.com
jetcasino5013.com
jetcasino6000.com
jetcasino6002.com
jetcasino6003.com
jetcasino6004.com
jetcasino6005.com
jetcasino6006.com
jetcasino6007.com
jetcasino6008.com
jetcasino08733.site
jetcasino10000.com
jetcasino10001.com
jetcasino10002.com
jetcasino10003.com
jetcasino10004.com
jetcasino10005.com
jetcasino10006.com
jetcasino10007.com
jetcasino10008.com
jetcasino10009.com
jetcasino10010.com
jetcasino10013.com
jetcasino10014.com
jetcasino10015.com
jetcasino10016.com
jetcasino10017.com
jetcasino10018.com
jetcasino10019.com
jetcasino10020.com
jetcasino10021.com
jetcasino10022.com
jetcasino10023.com
jetcasino10024.com
jetcasino10025.com
jetcasino10026.com
jetcasino10027.com
jetcasinoaustralia.com
jetcasinobe1.top
jetcasinobe2.top
jetcasinobe3.top
jetcasinobe4.top
jetcasinobe5.top
jetcasinobe6.top
jetcasinobonus.ca
jetcasinocanada.com
jetcasinoclick1.top
jetcasinoclick2.top
jetcasinoclick3.top
jetcasinoclick4.top
jetcasinologin11.com
jetcasinologin57.com
jetcasinomtp2.ru
jetcasinomtp3.ru
jetcasinomtp4.ru
jetcasinomtp11.ru
jetcasinomtp13.ru
jetcasinomtp14.ru
jetcasinomtp15.ru
jetcasinoofficial1.top
jetcasinoofficial2.top
jetcasinoofficial3.top
jetcasinoofficial4.top
jetcasinoofficial5.top
jetcasinoofficial6.top
jetcasinoonline.com
jetcasinoonline.org
jetcasinoplays.ru
jetcasinoplays-rub.ru
jetcasinoplay-rub.ru
jetcasinoreg2.top
jetcasinoru.com
jetcasinoru.top
jetcasinorubicon1.ru
jetcasinos.org
jetcasinosca.com
jetcasinosite.com
jetcasinosite.ru
jetcasinoslots.ca
jetcasinosofficial1.top
jetcasinossite29.top
jetcasinossite210.top
jetcasinos-online3.top
jetcasinos-online5.top
jetcasinos-online6.top
jetcasinos-online7.top
jetcasinos-rf101.top
jetcasinos-rf1014.top
jetcasinos-rf1015.top
jetcasinotop1.top
jetcasinotop3.top
jetcasinotop4.top
jetcasinotop5.top
jetcasinoua.com
jetcasinowin.ru
jetcasinowinner.ru
jetcasino-001.buzz
jetcasino-77.buzz
jetcasino-101.ru
jetcasino-104.com
jetcasino-167bf.ru
jetcasino-200.com
jetcasino-237va.ru
jetcasino-354kh.ru
jetcasino-395ut.ru
jetcasino-403.com
jetcasino-448zc.ru
jetcasino-487gu.ru
jetcasino-510er.ru
jetcasino-561qw.ru
jetcasino-629cx.ru
jetcasino-794az.ru
jetcasino-2000.com
jetcasino-act2.top
jetcasino-act3.top
jetcasino-akkur1.top
jetcasino-akkur2.top
jetcasino-akkur9.top
jetcasino-akkur10.top
jetcasino-alan4.ru
jetcasino-alan5.ru
jetcasino-alan6.ru
jetcasino-alan7.ru
jetcasino-alan8.ru
jetcasino-alan9.ru
jetcasino-antidepry3.ru
jetcasino-antidepry4.ru
jetcasino-antidepry5.ru
jetcasino-antidepry6.ru
jetcasino-antidepry7.ru
jetcasino-antidepry8.ru
jetcasino-antidepry9.ru
jetcasino-antidepry10.ru
jetcasino-app.com
jetcasino-app1.top
jetcasino-app15.top
jetcasino-app16.top
jetcasino-ar.com
jetcasino-arf1.top
jetcasino-arf16.top
jetcasino-au.com
jetcasino-aus.com
jetcasino-australia.com
jetcasino-avt1.ru
jetcasino-avt5.ru
jetcasino-avt6.ru
jetcasino-avto3.top
jetcasino-avto7.top
jetcasino-avto8.top
jetcasino-awar10.top
jetcasino-awar11.top
jetcasino-baum3.top
jetcasino-baum4.top
jetcasino-be8.top
jetcasino-bill1.top
jetcasino-bill3.top
jetcasino-bill4.top
jetcasino-biz13.top
jetcasino-bizpy6.top
jetcasino-bizpy7.top
jetcasino-bizpy8.top
jetcasino-br.com
jetcasino-brasil.com
jetcasino-ca.ca
jetcasino-ca.net
jetcasino-canada.com
jetcasino-chelgoy1.ru
jetcasino-chelgoy2.ru
jetcasino-chelgoy4.ru
jetcasino-chelgoy5.ru
jetcasino-chelgoy6.ru
jetcasino-chelgoy7.ru
jetcasino-chelgoy8.ru
jetcasino-clus9.top
jetcasino-clus11.top
jetcasino-clus12.top
jetcasino-clus13.top
jetcasino-cod1.top
jetcasino-cod6.top
jetcasino-cod8.top
jetcasino-cod9.top
jetcasino-cod10.top
jetcasino-cok1.top
jetcasino-cok4.top
jetcasino-cok5.top
jetcasino-cok8.top
jetcasino-cok9.top
jetcasino-detky1.ru
jetcasino-detky2.ru
jetcasino-detky3.ru
jetcasino-detky4.ru
jetcasino-detky5.ru
jetcasino-detky6.ru
jetcasino-detky7.ru
jetcasino-detky8.ru
jetcasino-di1.top
jetcasino-di2.top
jetcasino-di12.top
jetcasino-di13.top
jetcasino-di14.top
jetcasino-di15.top
jetcasino-domr1.top
jetcasino-domr9.top
jetcasino-domr11.top
jetcasino-domr12.top
jetcasino-dub13.top
jetcasino-dub14.top
jetcasino-dub15.top
jetcasino-dvit1.top
jetcasino-dvit5.top
jetcasino-dvit6.top
jetcasino-eco1.top
jetcasino-eco8.top
jetcasino-eco9.top
jetcasino-eco10.top
jetcasino-ecot10.top
jetcasino-ecot12.top
jetcasino-ecot13.top
jetcasino-eld71.top
jetcasino-eld710.top
jetcasino-eld711.top
jetcasino-elem1.ru
jetcasino-elem8.ru
jetcasino-elem9.ru
jetcasino-elem11.ru
jetcasino-elem12.ru
jetcasino-elem13.ru
jetcasino-elem14.ru
jetcasino-elem15.ru
jetcasino-elem16.ru
jetcasino-elem17.ru
jetcasino-euro7.ru
jetcasino-euro8.ru
jetcasino-euro9.ru
jetcasino-euro10.ru
jetcasino-faqq1.top
jetcasino-faqq12.top
jetcasino-faqq13.top
jetcasino-faqq14.top
jetcasino-fest2.ru
jetcasino-festi1.ru
jetcasino-festi4.ru
jetcasino-film14.ru
jetcasino-film15.ru
jetcasino-film16.ru
jetcasino-fo1.top
jetcasino-fo2.top
jetcasino-fo3.top
jetcasino-formuy1.top
jetcasino-formuy2.top
jetcasino-formuy3.top
jetcasino-formuy4.top
jetcasino-froids1.top
jetcasino-future36.top
jetcasino-future39.top
jetcasino-gand1.top
jetcasino-gand7.top
jetcasino-garmonia.ru
jetcasino-gold1.top
jetcasino-gold3.top
jetcasino-gold4.top
jetcasino-gold5.top
jetcasino-gold6.top
jetcasino-gold7.top
jetcasino-home11.top
jetcasino-home16.top
jetcasino-home17.top
jetcasino-home110.top
jetcasino-home111.top
jetcasino-home112.top
jetcasino-home113.top
jetcasino-hyper.ru
jetcasino-ic1.ru
jetcasino-ic4.ru
jetcasino-ic5.ru
jetcasino-ic6.ru
jetcasino-ic7.ru
jetcasino-id101.top
jetcasino-id102.top
jetcasino-india.in
jetcasino-info.lol
jetcasino-inter1.top
jetcasino-inter2.top
jetcasino-inter10.top
jetcasino-inter13.top
jetcasino-inter14.top
jetcasino-inter15.top
jetcasino-inter16.top
jetcasino-italia.com
jetcasino-jao3.ru
jetcasino-jao10.ru
jetcasino-jao11.ru
jetcasino-jao12.ru
jetcasino-jao13.ru
jetcasino-jao14.ru
jetcasino-jao15.ru
jetcasino-jet1.ru
jetcasino-jet2.ru
jetcasino-jet3.ru
jetcasino-jet4.ru
jetcasino-jet5.ru
jetcasino-jon.ca
jetcasino-jugar.com
jetcasino-kurskch12.top
jetcasino-kurskch13.top
jetcasino-kz.com
jetcasino-kz2.com
jetcasino-l11.top
jetcasino-l13.top
jetcasino-l14.top
jetcasino-l15.top
jetcasino-lada5.ru
jetcasino-lada6.ru
jetcasino-left85.ru
jetcasino-legal5.top
jetcasino-legal6.top
jetcasino-legal10.top
jetcasino-lexgard51.top
jetcasino-lexgard511.top
jetcasino-lexgard512.top
jetcasino-lub1.pro
jetcasino-lub3.pro
jetcasino-lub11.ru
jetcasino-lub15.ru
jetcasino-lub19.ru
jetcasino-lub110.ru
jetcasino-meb1.top
jetcasino-meb10.top
jetcasino-meb11.top
jetcasino-mir-1.ru
jetcasino-mir-2.ru
jetcasino-mo16.ru
jetcasino-mo17.ru
jetcasino-mo18.ru
jetcasino-mo19.ru
jetcasino-mtp2.top
jetcasino-newyear1.top
jetcasino-newyear7.top
jetcasino-newyear8.top
jetcasino-ngo1.top
jetcasino-ngo4.top
jetcasino-ngo5.top
jetcasino-ngo6.top
jetcasino-np81.ru
jetcasino-off1.top
jetcasino-official.com
jetcasino-official.icu
jetcasino-official.top
jetcasino-official1.top
jetcasino-official2.top
jetcasino-officials.ru
jetcasino-oficial.icu
jetcasino-oknachoy3.ru
jetcasino-oknachoy4.ru
jetcasino-oknachoy5.ru
jetcasino-oknachoy6.ru
jetcasino-omk11.top
jetcasino-omk17.top
jetcasino-omk18.top
jetcasino-omk19.top
jetcasino-onemory3.ru
jetcasino-onemory4.ru
jetcasino-onemory5.ru
jetcasino-onemory6.ru
jetcasino-onemory7.ru
jetcasino-onemory8.ru
jetcasino-onemory9.ru
jetcasino-onemory10.ru
jetcasino-onemory11.ru
jetcasino-onemory12.ru
jetcasino-online.ca
jetcasino-online.com
jetcasino-online.org
jetcasino-op1.ru
jetcasino-op4.ru
jetcasino-op13.ru
jetcasino-op14.ru
jetcasino-oren34.top
jetcasino-oren35.top
jetcasino-oren36.top
jetcasino-ote2.top
jetcasino-pay101.ru
jetcasino-pay102.ru
jetcasino-pen3.top
jetcasino-plays.ru
jetcasino-pni1.top
jetcasino-pni10.top
jetcasino-pni11.top
jetcasino-poehali21.top
jetcasino-poehali22.top
jetcasino-poehali28.top
jetcasino-poehali29.top
jetcasino-pr5.top
jetcasino-pr8.top
jetcasino-pr9.top
jetcasino-pr10.top
jetcasino-pr11.top
jetcasino-prokzy7.ru
jetcasino-prokzy8.ru
jetcasino-purestoray5.ru
jetcasino-purestoray6.ru
jetcasino-reg.buzz
jetcasino-rem1.ru
jetcasino-rem2.ru
jetcasino-rept1.top
jetcasino-rept4.top
jetcasino-rept5.top
jetcasino-rept6.top
jetcasino-roadglory4.ru
jetcasino-roadglory5.ru
jetcasino-roadglory6.ru
jetcasino-roadglory7.ru
jetcasino-roadglory8.ru
jetcasino-roadglory9.ru
jetcasino-rog9.top
jetcasino-rog12.top
jetcasino-rog13.top
jetcasino-ru.com
jetcasino-run6.top
jetcasino-run7.top
jetcasino-runnin.com
jetcasino-school48.top
jetcasino-school410.top
jetcasino-school411.top
jetcasino-sdg.com
jetcasino-semzv1.top
jetcasino-semzv11.top
jetcasino-semzv12.top
jetcasino-semzv13.top
jetcasino-shkola1.ru
jetcasino-shkola8.ru
jetcasino-shkola9.ru
jetcasino-sibnpy3.ru
jetcasino-sibnpy4.ru
jetcasino-sibnpy5.ru
jetcasino-site.top
jetcasino-skyy1.top
jetcasino-skyy2.top
jetcasino-skyy3.top
jetcasino-skyy4.top
jetcasino-skyy5.top
jetcasino-skyy6.top
jetcasino-skyy13.top
jetcasino-skyy14.top
jetcasino-skyy15.top
jetcasino-slot1.ru
jetcasino-slot2.ru
jetcasino-slot3.ru
jetcasino-spielen.de
jetcasino-splitty1.ru
jetcasino-splitty2.ru
jetcasino-splitty3.ru
jetcasino-splitty4.ru
jetcasino-splitty8.ru
jetcasino-splitty9.ru
jetcasino-splitty10.ru
jetcasino-splitty11.ru
jetcasino-splitty12.ru
jetcasino-sport1.top
jetcasino-sport2.top
jetcasino-sport3.top
jetcasino-sport4.top
jetcasino-sport5.top
jetcasino-sport7.top
jetcasino-sport8.top
jetcasino-start1.top
jetcasino-start10.top
jetcasino-start11.top
jetcasino-stom1.top
jetcasino-stom2.top
jetcasino-stom9.top
jetcasino-stom10.top
jetcasino-stom11.top
jetcasino-stom12.top
jetcasino-suomi.com
jetcasino-svoy1.ru
jetcasino-svoy2.ru
jetcasino-svoy3.ru
jetcasino-svoy4.ru
jetcasino-svoy5.ru
jetcasino-tap4.top
jetcasino-tap8.top
jetcasino-tap9.top
jetcasino-ter3.ru
jetcasino-tm1.ru
jetcasino-tm2.ru
jetcasino-tm3.ru
jetcasino-tm4.ru
jetcasino-tm5.ru
jetcasino-tm6.ru
jetcasino-tm9.ru
jetcasino-tm11.ru
jetcasino-tm12.ru
jetcasino-tm13.ru
jetcasino-tm14.ru
jetcasino-tm15.ru
jetcasino-top.buzz
jetcasino-topticket11.top
jetcasino-topticket12.top
jetcasino-topticket13.top
jetcasino-topticket14.top
jetcasino-toy2.ru
jetcasino-toy9.ru
jetcasino-toy10.ru
jetcasino-toy11.ru
jetcasino-toy12.ru
jetcasino-tum1.top
jetcasino-tum11.top
jetcasino-tum12.top
jetcasino-tvss9.top
jetcasino-tvss13.top
jetcasino-tvss14.top
jetcasino-tvss15.top
jetcasino-uf1.top
jetcasino-uf4.top
jetcasino-uf5.top
jetcasino-uf6.top
jetcasino-uf7.top
jetcasino-velbolgy6.ru
jetcasino-velbolgy7.ru
jetcasino-vip.buzz
jetcasino-vmesty4.ru
jetcasino-vmesty5.ru
jetcasino-web2.top
jetcasino-web3.top
jetcasino-wolf5.top
jetcasino-wolf10.top
jetcasino-wsbizy5.ru
jetcasino-wsbizy6.ru
jetcasino-www.buzz
jetcasino-yar.com
jetcasino-yug1.ru
jetcasino-yug2.ru
jetcasino-zeley1.ru
jetcasino-zeley2.ru
jetcasino-zeley3.ru
jetcasino-zeley4.ru
jetcasino-zeley5.ru
jetcasino-zeley6.ru
jetcasino-zeley7.ru
jetcasino-zeley8.ru
jetcasino-zerkalo-as154.ru
jetcasino-zerkalo-ck576.ru
jetcasino-zerkalo-fd267.ru
jetcasino-zerkalo-gh319.ru
jetcasino-zerkalo-kg843.ru
jetcasino-zerkalo-mn792.ru
jetcasino-zerkalo-zu637.ru
jetcasnar1.ru
jetcasnar4.ru
jetcasnar5.ru
jetcasnar7.ru
jetcassinobrasil.com
jetcassinoinfo1.top
jetcassino-russia1.top
jetcassino-russia9.top
jetcassino-russia10.top
jetcas-online14.top
jetcas-online15.top
jetcazino.xyz
jetcazino0-play1.top
jetcazino0-play2.top
jetcazinoplays.ru
jetcazinoplays-rub.ru
jetcazino-gamer1.top
jetcazino-gamer5.top
jetcazino-gamer6.top
jetcazino-itstarty4.top
jetcazino-itstarty5.top
jetcazino-itstarty6.top
jetcazino-plays.ru
jetcazplay1.ru
jetcazplay4.ru
jetcazplay5.ru
jetcazzino1.top
jetcazzino2.top
jetcazzino3.top
jetcazzino-nok-game6.top
jetcazzino-nok-game8.top
jetcazzino-nok-game9.top
jetcazzino-ozero2.ru
jetcazzino-ozero6.ru
jetcazzino-ozero8.ru
jetcazzino-ozero9.ru
jetcazzino-ozero10.ru
jetcazzino-ozero11.ru
jetcazzino-ozero12.ru
jetcazzino-topovoye13.top
jetcazzino-topovoye15.top
jetchampion.xyz
jetchance.buzz
jetchance.click
jetchance.lol
jetchance.mom
jetchance.xyz
jetcloudapp.com
jetclub.xyz
jetcluby1.xyz
jetcluby2.xyz
jetcraze.life
jetem.ru
jetenglish.ru
jeterna-sestry.online
jeterna-sestry.ru
jetfast.xyz
jetfastbet.xyz
jetfilm.club
jetfilm.org
jetfilm.site
jetfilmhd.xyz
jetfilmizle.vip
jetfire.xyz
jetgains.xyz
jetgamble.life
jetgame.online
jetgamer.xyz
jetglory.life
jetglow.top
jetgold.life
jethackers.ru
jetix24.biz
jetixbet.com
jetjack.xyz
jetjackpot.life
jetjackpot.xyz
jetjump.xyz
jetkasino.com
jetkasino.de
jetkasino.top
jetkasino10.com
jetkasino13.com
jetkasino17.com
jetkasino37.top
jetkasino46.com
jetkasino48.com
jetkasino49.com
jetkasino50.com
jetkasino51.com
jetkasino57.com
jetkasino58.com
jetkasino311.top
jetkasino312.top
jetkasinoofficial.top
jetkasinoplay7.top
jetkasinoplay8.top
jetkasinotopslots-fest4.top
jetkasinotopslots-fest6.top
jetkasinotopslots-fest7.top
jetkazinokz.com
jetkazinokz1.com
jetkazinokz2.com
jetkazinokz3.com
jetkazinokz4.com
jetkazinokz6.com
jetkazinokz7.com
jetkazinokz8.com
jetkazinokz9.com
jetkazinokz10.com
jetkazinokz12.com
jetkazinokz13.com
jetkazinokz14.com
jetkazinokz16.com
jetkazinoz.xyz
jetkcasruche5.top
jetkcasruche7.top
jetkcasruche8.top
jetlagfilm.online
jetlagsctocks.com
jetline.kz
jetluck.life
jetluckyru.ru
jetluckys.com
jetmania.life
jetmax.life
jetmax.xyz
jetminer.xyz
jetmoney.xyz
jeton.game
jeton.games
jetoncasino.com
jetonline1.top
jetools.ru
jetotrading.com
jetour-camp.ru
jetour-gedon.ru
jetour-tempauto.ru
jetour-torgmash.ru
jetplay.casino
jetplay3.top
jetplay4.top
jetplay5.top
jetplay6.top
jetplaybet.xyz
jetplayx.xyz
jetplayy1.xyz
jetproexchange.com
jetra.ru
jetrich.xyz
jetroll.xyz
jetrush.life
jetseencas1.ru
jetseencas8.ru
jetseencas10.ru
jetsetdiet.ru
jetsetsport.ru
jetsex.pro
jetshine.pro
jetslots.in
jetspin.com
jetspins.ru
jetspinwin.life
jetsrewards.ca
jetstack.life
jetstars.xyz
jetstockmarket.com
jetstorm.xyz
jetstrike.xyz
jetta6club.ru
jetta-service.ru
jettmlfunny.lol
jettmlpeak.click
jettmlrise.top
jettmlstar.click
jetton.bid
jetton.buzz
jetton.cab
jetton.casino
jetton.center
jetton.chat
jetton.city
jetton.fan
jetton.game
jetton.games
jetton.icu
jetton.in
jetton.investments
jetton.legal
jetton.life
jetton.lol
jetton.media
jetton.mobi
jetton.onl
jetton.online
jetton.party
jetton.plus
jetton.press
jetton.reviews
jetton.su
jetton.to
jetton.today
jetton.uno
jetton.vin
jetton.website
jetton.work
jetton.ws
jetton.zone
jetton1.com
jetton061125.casino
jettonaz.casino
jettonbigwin.ru
jettonbonus.ru
jettonbonusguide.ru
jettonbox.ru
jettoncashback.ru
jettoncasino.bond
jettoncasino.life
jettoncasino.live
jettoncasino.org
jettoncasino1.ru
jettoncasino24.ru
jettoncasino51361.site
jettoncasinoapk.ru
jettoncasinoapp.ru
jettoncasinofun.ru
jettoncasinogames.ru
jettoncasinokz.com
jettoncasinotg.ru
jettoncasino-kz.com
jettoncasino-spin.space
jettoncasino-win.space
jettoncazino.com
jettoncazinos.top
jettonclubvip.ru
jettonfan.com
jettonfreespins.ru
jettongame.com
jettongame.ru
jettongames.app
jettongames.bet
jettongames.casino
jettongames.in
jettongames.live
jettongames.net
jettongames.pro
jettongames.top
jettongames1.ru
jettongamesbonus.ru
jettongamescasino.xyz
jettongamesclub.ru
jettongameskz.com
jettongamespromokod.ru
jettongamess.top
jettoninvestments.com
jettonkazino.su
jettonkazinowin.top
jettonkazinoz.ru
jettonkz.app
jettonkz.casino
jettonkz.com
jettonn.legal
jettonngames.ru
jettonofficial.ru
jettonofficialsite.ru
jettononlinegame.ru
jettonpartners.ru
jettonplaynow.ru
jettonpromo.ru
jettonpromobonus.ru
jettonpromokod.ru
jettonslotgame.ru
jettonspin.ru
jettonspins.ru
jettonstartbonus.ru
jettontoken.ru
jettonuz.casino
jettonuz.com
jettonvipgames.ru
jettonwelcomeplay.ru
jettonx.casino
jettonzerkalo.com
jettonzerkalo.ru
jettonzerkaloofficial.ru
jetton-arena.buzz
jetton-bonus.pro
jetton-bonus.space
jetton-bonus.store
jetton-bonus.tech
jetton-bonus.website
jetton-bot.ru
jetton-bot.store
jetton-bot-casino.com
jetton-casin.bond
jetton-casin.ru
jetton-casino.buzz
jetton-casino.games
jetton-casino.info
jetton-casino.life
jetton-casino.live
jetton-casino.space
jetton-casino1.ru
jetton-casino169.buzz
jetton-casino25643.buzz
jetton-casinochampion.makeup
jetton-casinoempire.lol
jetton-casinoempire.makeup
jetton-casino-001.ru
jetton-casino-002.ru
jetton-casino-003.ru
jetton-casino-004.ru
jetton-casino-005.ru
jetton-casino-006.ru
jetton-casino-007.ru
jetton-casino-008.ru
jetton-casino-009.ru
jetton-casino-010.ru
jetton-casino-apk.space
jetton-casino-bot.com
jetton-casino-kz.com
jetton-casino-win.icu
jetton-casino-zerkalo.bond
jetton-cazin.top
jetton-cazino.com
jetton-cazino.su
jetton-cazinos.su
jetton-cazinos.top
jetton-club.buzz
jetton-email.com
jetton-fan.com
jetton-fan.top
jetton-game.com
jetton-games.com
jetton-games.live
jetton-games.net
jetton-games-indonesia.com
jetton-games-kz.com
jetton-gamez.top
jetton-info.com
jetton-kasino.su
jetton-kasinos.su
jetton-kazino.su
jetton-kazinos.su
jetton-kazinos.top
jetton-online.com
jetton-online-casino24.top
jetton-online-casino999.buzz
jetton-play.buzz
jetton-play.com
jetton-play.top
jetton-telegram.org
jetton-telegram.xyz
jetton-telegramm.xyz
jetton-ton.com
jetton-ua.com
jetton-uz.com
jetton-vibes.buzz
jettop.ru
jettt.buzz
jettt.click
jettt.lol
jettt.mom
jetvault.top
jetvegas.xyz
jetvet.ru
jetvip.casino
jetvip10.casino
jetvip11.casino
jetvip12.casino
jetvip13.casino
jetvip38.casino
jetvora.life
jetwager.xyz
jetwheel.top
jetwild.xyz
jetwinnerx.xyz
jetx.fun
jetx.icu
jetx.life
jetx.top
jetx.website
jetx1.com
jetx1-1win.click
jetx1-1win.cyou
jetx1-1win.sbs
jetx1-1win.xyz
jetxbetting.com
jetxcasinos.com
jetxgame.com
jetxgame.in
jetxgame.org
jetxgame.ru
jetxgamebet.com
jetxgamer.com
jetxjetix.games
jetxplay.top
jetxsignal.com
jetx-1win.click
jetx-1win.cyou
jetx-1win.ru
jetx-1win.sbs
jetx-1win.xyz
jetx-bet.casino
jetx-betgame.com
jetx-betting.com
jetx-casino.ru
jetx-crashgame.com
jetx-game.com
jetx-game.org
jetx-games.com
jetx-games.net
jetx-zerakalo.top
jetzmedia7.com
jetzone.top
jet-aviator.com
jet-bibliot4.top
jet-bibliot5.top
jet-bonusb.buzz
jet-but2.info
jet-but3.info
jet-cas.ca
jet-casik1.top
jet-casino.app
jet-casino.bet
jet-casino.ca
jet-casino.cl
jet-casino.fi
jet-casino.in
jet-casino.io
jet-casino.pl
jet-casino.website
jet-casino.win
jet-casino0cqp.buzz
jet-casino1iot.buzz
jet-casino1qgp.buzz
jet-casino1s5x.buzz
jet-casino2bps.buzz
jet-casino2je7.buzz
jet-casino5es7.buzz
jet-casino6iid.buzz
jet-casino6usb.buzz
jet-casino7gsr.buzz
jet-casino7hm3.buzz
jet-casino7pq5.buzz
jet-casino7ukx.buzz
jet-casino8i0i.buzz
jet-casino8jwh.buzz
jet-casino8sah.buzz
jet-casino09vn.buzz
jet-casino19rq.buzz
jet-casino21tf.buzz
jet-casino22l7.buzz
jet-casino25br.buzz
jet-casino77.ru
jet-casino220.top
jet-casino653q.buzz
jet-casinooooo9.top
jet-casinooooo10.top
jet-casinooooo11.top
jet-casinor.space
jet-casinos.com
jet-casinos.org
jet-casinoslots-ru1.ru
jet-casinoslots-ru6.ru
jet-casinoslots-ru9.ru
jet-casinoslots-ru10.ru
jet-casino-4handy5.ru
jet-casino-4handy6.ru
jet-casino-015.com
jet-casino-016.com
jet-casino-017.com
jet-casino-52ygy1.ru
jet-casino-52ygy2.ru
jet-casino-52ygy3.ru
jet-casino-52ygy6.ru
jet-casino-ace1.top
jet-casino-ace6.top
jet-casino-ace7.top
jet-casino-agile410.top
jet-casino-agile411.top
jet-casino-agile412.top
jet-casino-agile414.top
jet-casino-agile415.top
jet-casino-appx7.top
jet-casino-bel10.top
jet-casino-bel11.top
jet-casino-bel14.top
jet-casino-bel15.top
jet-casino-bel16.top
jet-casino-bot1.top
jet-casino-bot10.top
jet-casino-braille.com
jet-casino-ca.com
jet-casino-canada.com
jet-casino-comp3.top
jet-casino-comp7.top
jet-casino-comp8.top
jet-casino-comp12.top
jet-casino-comp13.top
jet-casino-de.de
jet-casino-dezinfy7.ru
jet-casino-diamondd-1.ru
jet-casino-diamondd-2.ru
jet-casino-diamondd-3.ru
jet-casino-diamondd-6.ru
jet-casino-diamondd-9.ru
jet-casino-diamondd-10.ru
jet-casino-diamondd-11.ru
jet-casino-diamondd-12.ru
jet-casino-diamondd-13.ru
jet-casino-diff1.ru
jet-casino-diff2.ru
jet-casino-diff3.ru
jet-casino-ecolog3.ru
jet-casino-ecolog4.ru
jet-casino-edutech1.top
jet-casino-edutech5.top
jet-casino-edutech7.top
jet-casino-fab1.ru
jet-casino-fab2.ru
jet-casino-fab3.ru
jet-casino-fab4.ru
jet-casino-fab5.ru
jet-casino-fab6.ru
jet-casino-fon.com
jet-casino-fon1.top
jet-casino-fon13.top
jet-casino-fon14.top
jet-casino-fondverba1.ru
jet-casino-fondverba2.ru
jet-casino-fondverba3.ru
jet-casino-fondverba54.ru
jet-casino-fondverba88.ru
jet-casino-for12.top
jet-casino-forbizlady.com
jet-casino-foy1.ru
jet-casino-foy2.ru
jet-casino-foy3.ru
jet-casino-foy4.ru
jet-casino-foy5.ru
jet-casino-foy6.ru
jet-casino-froid5.ru
jet-casino-froid6.ru
jet-casino-go1.ru
jet-casino-go2.ru
jet-casino-go3.ru
jet-casino-go4.ru
jet-casino-go5.ru
jet-casino-go6.ru
jet-casino-go7.ru
jet-casino-go8.ru
jet-casino-group1.top
jet-casino-group6.top
jet-casino-group7.top
jet-casino-home.com
jet-casino-ilomb4.ru
jet-casino-info5.top
jet-casino-info9.top
jet-casino-kainfy4.ru
jet-casino-login.com
jet-casino-mak59.top
jet-casino-mak512.top
jet-casino-mak513.top
jet-casino-moneyinv-3.ru
jet-casino-moneyinv-4.ru
jet-casino-moneyinv-5.ru
jet-casino-muz2.top
jet-casino-muz4.top
jet-casino-muz5.top
jet-casino-muzarty1.ru
jet-casino-muzarty7.ru
jet-casino-muzarty8.ru
jet-casino-muzarty9.ru
jet-casino-muzarty10.ru
jet-casino-muzarty11.ru
jet-casino-news.ru
jet-casino-nz.com
jet-casino-obraz17.top
jet-casino-obraz18.top
jet-casino-obraz111.top
jet-casino-obraz112.top
jet-casino-obzor4.top
jet-casino-obzor5.top
jet-casino-obzor8.top
jet-casino-obzor9.top
jet-casino-obzor10.top
jet-casino-official.top
jet-casino-page-4.top
jet-casino-page-5.top
jet-casino-page-6.top
jet-casino-pc8.top
jet-casino-pc9.top
jet-casino-pc10.top
jet-casino-pc11.top
jet-casino-play.pl
jet-casino-proff1.top
jet-casino-proff2.top
jet-casino-pt.com
jet-casino-qiwct4.ru
jet-casino-qiwct5.ru
jet-casino-qiwct6.ru
jet-casino-rep.ru
jet-casino-rostovn9.top
jet-casino-rostovn10.top
jet-casino-rostovn42.top
jet-casino-rostovn43.top
jet-casino-royaly2.ru
jet-casino-royaly4.ru
jet-casino-royaly5.ru
jet-casino-ru.com
jet-casino-rus9.top
jet-casino-rus11.top
jet-casino-rus12.top
jet-casino-rustest1.top
jet-casino-rustest4.top
jet-casino-rustest5.top
jet-casino-saratovniro3.ru
jet-casino-saratovniro9.ru
jet-casino-saratovniro10.ru
jet-casino-saratovniro11.ru
jet-casino-sdg1.top
jet-casino-sdg4.top
jet-casino-sdg5.top
jet-casino-sheh41.top
jet-casino-sheh44.top
jet-casino-sheh45.top
jet-casino-slot.at
jet-casino-slot.com
jet-casino-slots-rosnab3.top
jet-casino-slots-rosnab6.top
jet-casino-slots-rosnab7.top
jet-casino-slots-ru1.ru
jet-casino-slots-toop1.top
jet-casino-slots-toop6.top
jet-casino-slots-toop7.top
jet-casino-smittrades1.top
jet-casino-smittrades4.top
jet-casino-smittrades7.top
jet-casino-smittrades8.top
jet-casino-smittrades9.top
jet-casino-smittrades10.top
jet-casino-svarog1.ru
jet-casino-svarog6.ru
jet-casino-svarog7.ru
jet-casino-svobod3.top
jet-casino-svobod4.top
jet-casino-svobod5.top
jet-casino-svobod6.top
jet-casino-tearravny3.ru
jet-casino-tearravny4.ru
jet-casino-tearravny5.ru
jet-casino-tip1.top
jet-casino-tip8.top
jet-casino-tip9.top
jet-casino-tip11.top
jet-casino-tip12.top
jet-casino-tip13.top
jet-casino-top1.ru
jet-casino-top2.ru
jet-casino-top3.ru
jet-casino-tsindrom5.top
jet-casino-tsindrom6.top
jet-casino-tsindrom7.top
jet-casino-unartify4.ru
jet-casino-urconsspb5.ru
jet-casino-urconsspb6.ru
jet-casino-vekadomy4.ru
jet-casino-vekadomy5.ru
jet-casino-vmufy4.ru
jet-casino-vmufy7.ru
jet-casino-vmufy8.ru
jet-casino-win.com
jet-casino-win3.top
jet-casino-win7.top
jet-casino-win8.top
jet-casino-win9.top
jet-casino-wis5.top
jet-casino-wis7.top
jet-casino-wis8.top
jet-casino-wis9.top
jet-casino-wwf1.ru
jet-casino-zahorovod1.top
jet-casino-zahorovod2.top
jet-casino-zahorovod3.top
jet-casino-zahorovod5.top
jet-casino-zahorovod6.top
jet-cassino.com
jet-cazino1.ru
jet-cazino2.ru
jet-cazino3.ru
jet-cazino-cod5.top
jet-cazino-cod6.top
jet-cazino-cod7.top
jet-cazino-prof6.top
jet-cazzino-proj1.top
jet-cazzino-proj6.top
jet-cazzino-proj7.top
jet-cazzino-proj8.top
jet-cazzino-proj9.top
jet-cazzino-slots-online1.ru
jet-cazzino-slots-ugabox9.top
jet-cazzino-slots-zavconf6.top
jet-cazzino-slots-zavconf7.top
jet-eur1.ru
jet-eur2.ru
jet-eur3.ru
jet-eur4.ru
jet-eur5.ru
jet-eur6.ru
jet-kasino.com
jet-kasino.de
jet-kasino.net
jet-kasino-24.net
jet-kasino-game.ru
jet-kaz5.top
jet-kazino.com
jet-kazinoz2.top
jet-kazinoz5.top
jet-kazinoz6.top
jet-kcz1.top
jet-kcz2.top
jet-kzc1.top
jet-lesotely3.ru
jet-lesotely6.ru
jet-lesotely7.ru
jet-life.kz
jet-lucky-jet.ru
jet-lukii.ru
jet-nar8.info
jet-nar9.info
jet-official.org
jet-officialrussia.com
jet-onlinecasino.com
jet-power.ru
jet-primecapitalsafe.com
jet-rushplay.life
jet-seen8.info
jet-seen9.info
jet-seen-ru1.info
jet-sim.ru
jet-skating5.ru
jet-spin.xyz
jet-spincasino.ru
jet-spin-casino.ru
jet-systems66.ru
jet-ton.app
jet-ton.bet
jet-ton.center
jet-ton.click
jet-ton.com
jet-ton.games
jet-ton.io
jet-ton.kz
jet-ton.life
jet-ton.live
jet-ton.my
jet-ton.net
jet-ton.onl
jet-ton.org
jet-ton.press
jet-ton.pro
jet-ton.ru
jet-ton.space
jet-ton.su
jet-ton.tech
jet-ton.top
jet-tone-casino.ru
jet-ton-casino.live
jet-ton-games.live
jet-ton-games.ru
jet-town.org
jet-trevel.ru
jet-ubcafe26.ru
jet-x.games
jet-x.info
jet-x.top
jet-xgame.com
jet-x-game.casino
jet-x-game.com
jet-x-kazakhstan.com
jet-yam1.top
jet-yam2.top
jet-yam3.top
jet-yam4.top
jet-yam6.top
jeulia.fr
jeunesseglobal-russia.ru
jeux.ca
jeuxdefriv.net
jeux-gratuits.casino
jevite-clinic.ru
jewelboxjewelers.net
jewelcity.fr
jewelrytradesib.ru
jewishastrakhan.org
jewish-russia.ru
jews.lv
jexarion.courses
jexolune.info
jey.camp
jezbuyda.kz
jf7pokerdom.com
jfbnue.com
jfilm.site
jfj.fund
jfsbrokers.com
jfv-lordfilm.ru
jfxprime.com
jf-lordfilm.ru
jg8j4dl-0.com
jg77pokerdom.xyz
jgmhtok0m.com
jg-lordfilm.ru
jh7pokerdom.com
jhub.top
jhz-lordfilm.ru
ji77pokerdom.xyz
jiaearn.com
jiaogezhajiji.com
jiaozhouweb.com
jibizia.info
jieliangcar.com
jiezuo.org
jie-lin.com
jif.fund
jig.ru
jigglygirls.com
jihadology.net
jilibet.net
jilmariestephens.com
jilnox.ru
jimcifelli.com
jimfahad.com
jimgonder.xyz
jimmorrison.help
jimmywinreturn.com
jimmy-neutron.cc
jimny-rig.ru
jimpicotphotography.com
jimploof.com
jimwalshformayor.com
jinawii9.ru
jinglejewels.top
jingstrades.com
jinsek-boi.ru
jin-studio.ru
jisatsueizo.com
jishecorp.com
jisplatform.com
jisuxei.info
jitely.info
jivadom.ru
jiva-kurort.ru
jiveda.ru
jivemax.com
jivoeremeslo.ru
jivoi-kluch.ru
jivonews.ru
jiwisea2.ru
jizzbay.com
jizzberry.com
jizzbunker.com
jizzbunker.net
jizzbunker2.com
jizzex.com
jizzgayxxx.cc
jizzpornmovies.pro
ji-joycazzino.ru
ji-lordfilm.ru
jjew.ru
jjflordfilm.ru
jjgirls.com
jjgirls.me
jjk7pokerdom.com
jjooj.com
jjporno.com
jjupdates.com
jjw.al
jjy-lordfilm.ru
jk7pokerdom.com
jk77pokerdom.com
jk77pokerdom.xyz
jk4162.com
jkaliningrad.ru
jkasiege.net
jkbputilkovo.ru
jkdishinfo.com
jkdue.cfd
jkeni-azino777.icu
jkl7pokerdom.com
jknet.ru
jkoktskj2016.ru
jkrub.ru
jksjfkfsjksf.xyz
jksochi.ru
jkstyle.ru
jktomilino.ru
jkver.ru
jkwrjkddss.xyz
jk-aquamarine-sochi.ru
jk-forest.ru
jk-fresh.ru
jk-juris.ru
jk-nabokov.ru
jk-sibirskiy.ru
jk-silver.ru
jk-strelka.ru
jlbetcasino.info
jlb-services.fr
jlhlordfilm.ru
jofo.me
joyjoy.site
joyjoy.website
j-1.show
j-habitus.ru
j-journal.ru
j-mes.ru
j-oy.casino
j-oycasino.xyz
j-records.ru
j-trucks.ru
kabbalisten.de
kalyan4-you.ru
kartina.tv
kartina2.com
kasino-vulcan.xyz
katestube.com
kaz24.top
kazz09.fun
kaz-pin-up.casino
keistatinve.top
kenolotto.org
kent-landmark.com
kh.ua
kharkiv.ua
kharkov.ua
kiev.ua
king21.top
king-bet63.online
kinkinkin.help
kino1hit.ru
kino24.uno
kinoarzu.pro
kinobar.top
kinobum.cc
kinofan-hd.online
kinofun.co
kinogid.pro
kinogid.pw
kinogid.top
kinogo3.top
kinogo24.com
kinogon.ru
kinogo-baskino.ru
kinogo-biz.net
kinogo-by.com
kinogo-filmov.net
kinogo-films.net
kinogo-hd.icu
kinogo-hd.org
kinogo-new.com
kinohype.one
kinokingy.online
kinokong.org
kinokong.ws
kinokradx.co
kinokubok.pro
kinoland01.site
kinoland56.site
kinoland560.site
kinolife.sbs
kinolife-hd.fun
kinolife-hd.ru
kinolivehd.ru
kinomaxi.sbs
kinonur.pro
kinoogo.biz
kinoportal.live
kinoportal.lol
kinopovtor.cc
kinoqsf.online
kinoser.pro
kinosmile.pro
kinospace.me
kinosreda.pro
kinoswezhak2025.online
kinotaz.one
kinotaz.ru
kinotazz.online
kinotazz.ru
kinoteatr.club
kinoteatr.life
kinoteatr.live
kinotok.club
kinotumba.pro
kinovideo.tv
kinovideohd.fun
kinovideotv.fun
kinoxey.site
kinoz.bond
kinoz.life
kinoza.cam
kinoza.click
kinoza.link
kinoza.pics
kinoza.top
kinozadrot2.com
kinozadrots.org
kinozadrot-tv.org
kinozal4me.lat
kinozal4me.live
kinozal4me.online
kinozal4me.site
kinozi.click
kinozi.cyou
kinozi.icu
kinozi.link
kinozi.live
kinozi.pics
kinozi.pro
kinozi.top
kinozi.work
kinozo.cam
kinozo.top
kino-2025.sbs
kino-lordfilm.org
kino-lords.one
kino-ok10.mom
kino-tor.net
kirovnsm.com
kiski-samari.com
kiski-saratova.com
kiski-volgograda.com
klub13.top
kluchik-stroy.ru
knigi.download
knigilib.ru
knigisamizdat.ru
kokotka.ru
kometalanding.com
konstruktiva.ru
korolevskiy.ru
koshachek.com
kozow.com
krapm.cc
krasnodar-girl.life
krasnoebeloespb.ru
krasnoibeloe.xyz
krutoe.casino
kupitprava16.top
kurskoblinvest.ru
l0rdflm-astracinema.store
labtor.tv
lafa.site
lafa-site.com
lafa-torrent.ru
lakorn365.pro
lalamus.one
lamafilm.top
landfull.fun
landing-for-arkada.com
landing-for-daddy.com
lanterne-rouge.info
larotonde-lepradet.fr
laser4you.kz
lasttor.com
legacyfx.com
lekarstvaonline.com
lespionne.fr
lherbierdesloufs.fr
liga.net
likeporno.me
like-porno.org
lineorg.com
linodeusercontent.com
lion-official.club
liveball.cc
liveball.st
liveforums.ru
live-rutor.org
load-kino.net
lookitsrussia.ru
lookover.ru
lopdfilm.ru
lord.baby
lord.biz
lord.fit
lord0ds.top
lord01.art
lord1.best
lord1.fit
lord1.fyi
lord1.net
lord01a.homes
lord1qe.lat
lord02.live
lord02.my
lord2.net
lord02.site
lord2as.lat
lord2film.net
lord2o1.lat
lord3.art
lord3.net
lord03c.lat
lord3fd.lat
lord3lp.lat
lord4.net
lord4as.lat
lord04d.click
lord4es.lol
lord6.net
lord6ifd.help
lord6uu.homes
lord7.lat
lord7eds.click
lord7hb.lat
lord8.lat
lord11.online
lord12.art
lord14.art
lord15.online
lord16.click
lord21ew.lol
lord26qn.lol
lord27oq.cfd
lord32cv.click
lord37lt.lat
lord38pb.lat
lord40su.click
lord41xl.help
lord42hg.click
lord46ki.lat
lord48ry.lat
lord49nz.help
lord50ra.click
lord53jc.lat
lord54es.homes
lord55hw.lat
lord59by.help
lord60fm.click
lord61bd.help
lord62tv.click
lord63oj.help
lord64rz.click
lord65ea.lat
lord65kn.homes
lord66sq.lat
lord67lc.homes
lord68xv.lat
lord69wo.homes
lord70sf.lat
lord71cw.lat
lord72ep.lat
lord73io.lat
lord74tn.help
lord75eu.lat
lord76ww.help
lord77.art
lord77os.lat
lord78ix.help
lord80vu.help
lord81au.lat
lord82bf.click
lord83zd.lol
lord84et.click
lord85xr.lol
lord87mx.top
lord88yl.click
lord91eg.help
lord92ho.homes
lord95pg.help
lord96sj.lol
lord97ek.help
lord101xy.lat
lord102bn.pics
lord103vj.lat
lord105er.lat
lord108ik.click
lord109cn.lat
lord111gq.lat
lord112fl.click
lord114vl.lol
lord115bf.help
lord116cl.lol
lord117yr.help
lord118wu.lol
lord120lp.help
lord121iq.lat
lord122ob.help
lord123kq.lat
lord124gn.click
lord125tz.lat
lord126qf.click
lord127jk.top
lord128xo.click
lord129jr.top
lord131xt.top
lord133br.top
lord134ef.lat
lord138yy.lol
lord140fs.lat
lord143yf.homes
lord146ph.lat
lord147ki.homes
lord148yf.click
lord149yq.top
lord150ph.click
lord156oe.icu
lord158ts.cfd
lord159mw.sbs
lord162oi.top
lord163di.cyou
lord164ti.lat
lord165ap.mom
lord166eb.icu
lord167sp.pics
lord169cl.sbs
lord170ay.lol
lord171xc.mom
lord172cl.mom
lord175uv.mom
lord176jb.lat
lord177nr.top
lord178wt.mom
lord180jb.mom
lord181tm.top
lord182yb.mom
lord183aw.top
lord184eo.mom
lord187gb.sbs
lord190ps.lol
lord191wr.sbs
lord192dm.lol
lord193wn.lat
lord194ly.lol
lord195wk.lat
lord196xz.lat
lord197cp.lol
lord198vm.mom
lord199vq.lol
lord200oc.mom
lord201lq.lat
lord202mq.sbs
lord206qo.sbs
lord208vx.sbs
lord212ci.mom
lord213yd.lol
lord217lm.lol
lord219zr.lol
lord220sp.mom
lord222cw.lat
lord226rj.lat
lord227hg.lol
lord228rx.lat
lord229ux.mom
lord230iv.top
lord232bb.lol
lord233qn.lat
lord234ul.mom
lord237ce.lol
lord239fh.lol
lord240qp.lat
lord241nx.lol
lord242fb.lat
lord244wq.top
lord245qd.mom
lord246wh.top
lord247eu.mom
lord248kx.top
lord249qc.sbs
lord250mq.sbs
lord251vg.sbs
lord252aa.sbs
lord253nh.top
lord254ya.mom
lord255cc.lat
lord256lz.lol
lord257tk.sbs
lord259uf.sbs
lord260wj.mom
lord261uf.sbs
lord262il.lat
lord263sz.sbs
lord264pk.lat
lord265jb.sbs
lord266eh.top
lord267jr.sbs
lord268xg.lol
lord269iq.sbs
lord270ot.mom
lord271ve.sbs
lord272nf.lol
lord274fg.mom
lord276jh.sbs
lord277ul.mom
lord278pv.lol
lord279eo.mom
lord280nq.lol
lord281vt.mom
lord282zf.lol
lord283nl.sbs
lord284eg.lat
lord285ue.sbs
lord286wl.lat
lord287xw.sbs
lord288ji.lat
lord289uj.sbs
lord290cl.top
lord291jv.sbs
lord292bg.lol
lord293yd.lat
lord294il.mom
lord295hh.top
lord296dc.sbs
lord297bn.top
lord298vt.sbs
lord299ub.lol
lord300lj.sbs
lord301uy.top
lord302ed.sbs
lord303yg.lol
lord304fs.sbs
lord305bl.top
lord306zx.sbs
lord307lu.mom
lord308yc.sbs
lord309lc.top
lord310qm.sbs
lord311ix.top
lord312jh.lol
lord313dx.sbs
lord314ei.top
lord315mu.mom
lord316ox.lat
lord317tx.cfd
lord318tm.qpon
lord319bp.cyou
lord320am.sbs
lord321ro.cyou
lord322cj.cfd
lord323pk.cyou
lord324iw.cfd
lord325dw.cyou
lord326co.cfd
lord331fs.sbs
lord332yi.lol
lord333nl.cfd
lord334ts.top
lord335fg.mom
lord336hs.qpon
lord337pl.cyou
lord338uw.sbs
lord339qj.lol
lord340ow.cfd
lord341ty.top
lord343ly.top
lord2025.top
lorda.net
lordbaza.art
lordbaza.lol
lordbaza.pics
lorde.ink
lorde.live
lorde4ea.lat
lordfillms.ru
lordfilm0.net
lordfilm0.one
lordfilm0.ws
lordfilm.ac
lordfilm.archi
lordfilm.art
lordfilm.bio
lordfilm.club
lordfilm.family
lordfilm.fi
lordfilm.foo
lordfilm.green
lordfilm.ink
lordfilm.kids
lordfilm.life
lordfilm.loan
lordfilm.lol
lordfilm.lu
lordfilm.luxe
lordfilm.luxury
lordfilm.monster
lordfilm.one
lordfilm.onl
lordfilm.ph
lordfilm.pics
lordfilm.re
lordfilm.tips
lordfilm.us
lordfilm.vg
lordfilm.ws
lordfilm1.art
lordfilm1.my
lordfilm2.link
lordfilm2.movie
lordfilm3.art
lordfilm3.black
lordfilm3.movie
lordfilm4.art
lordfilm4.movie
lordfilm4krg.cyou
lordfilm5sfv.top
lordfilm6.movie
lordfilm7.link
lordfilm7ipo.sbs
lordfilm8.link
lordfilm9.vg
lordfilm25.fun
lordfilm97ya.lat
lordfilm2024.fun
lordfilm2025.name
lordfilm231125.click
lordfilmage.bet
lordfilmage.life
lordfilmdsa.lat
lordfilmf2.lat
lordfilmgo.org
lordfilmi.mom
lordfilmix.beauty
lordfilmix.club
lordfilms0.one
lordfilms0.org
lordfilms.cfd
lordfilms.fyi
lordfilms.moscow
lordfilms.one
lordfilms.onl
lordfilms2.com
lordfilms3.com
lordfilms2024.com
lordfilmsday.org
lordfilms-black.net
lordfilmtv.cfd
lordfilmtv.cyou
lordfilmy.com
lordfilmyy.ru
lordfilmy-2024.net
lordfilmy-2025.org
lordfilmy-film.online
lordfilm-0y2.ru
lordfilm-1080p.life
lordfilm-2024.org
lordfilm-aida.ru
lordfilm-ajar.ru
lordfilm-babushka-i-lyudi.ru
lordfilm-com.org
lordfilm-hd.site
lordfilm-hd.xyz
lordfilm-lp3.ru
lordfilm-lu.pro
lordfilm-novinki.org
lordfilm-own.ru
lordfilm-patsan.store
lordfilm-patsan-i-kotik.store
lordfilm-pow.ru
lordfilm-s.club
lordfilm-serials.today
lordfim.me
lordfims1.lol
lordiflim1.online
lordikfilms.xyz
lordi-flim.org
lordj.beauty
lordj.bond
lordj.cam
lordj.christmas
lordj.courses
lordj.fit
lordj.fun
lordj.garden
lordj.shop
lordj.study
lordj.top
lordj.wiki
lordk.quest
lordkino.com
lordl.monster
lordl.xyz
lordndmn.lat
lordoffilms.org
lordpoddomenov.online
lordq.xyz
lordq6ui.lat
lords.film
lords.lat
lords.mom
lords.pics
lords1.com
lordsc11.online
lordseria.lol
lordserial.click
lordserial.diy
lordserial.domains
lordserial.fyi
lordserial.glass
lordserial.luxury
lordserial.my
lordserial.pink
lordserial.vet
lordserial1rm3.lat
lordserialk1.ru
lordserialkin.fun
lordseriallo4.ru
lordserialloss.site
lordserialru.com
lordserials.run
lordserialss-10.ru
lordserialussbs.ru
lordserialy.website
lordserialz2z2.pro
lordseries.my
lordseries.rest
lordserik.art
lordserik3.online
lordsfilmtv.pics
lordsre4v.lat
lordsv.net
lords-film.com
lordtube.buzz
lordtube-site.pics
lordu.boats
lordu.live
lordu.lol
lordu.sbs
lordu1.autos
lordu1.baby
lordu1.beauty
lordu1.beer
lordu1.bond
lordu1.casa
lordu1.click
lordu1.forum
lordu1.homes
lordu1.icu
lordu1.lol
lordu1.makeup
lordu1.mom
lordu1.monster
lordu1.online
lordu1.sbs
lordu1.shop
lordu1.site
lordu1.space
lordu1.store
lordu1.yachts
lordu8il.lat
lordux.autos
lordux.baby
lordux.rest
lordv.pro
lordw.sbs
lordw.site
lordwa2a.lat
lordy.blog
lordy.boats
lordy.cfd
lordy.cyou
lordy.icu
lordy.lol
lordy.mom
lordy.pics
lordy.sbs
lordy1.cfd
lordy1.cyou
lordy1.icu
lordy1.lol
lordy1.mom
lordy1.sbs
lordy2.blog
lordy2.boats
lordy2.bond
lordy2.cfd
lordy2.cyou
lordy2.lol
lordy2.mom
lordy2.sbs
lordyx.autos
lordyx.beauty
lordyx.bond
lordyx.cyou
lordyx.forum
lordyx.icu
lordyx.lol
lordyx.mom
lordyx.pics
lordyx.quest
lordyx.shop
lordyx.store
lordzserialy.online
lord-1.com
lord-film.cc
lord-film.one
lord-film.tv
lord-film2024.com
lord-filma.space
lord-films.net
lord-films.pro
lord-films2.info
lord-novinki.online
lord-serial.onl
lord-serialbar.xyz
lord-serialls.buzz
lord-serials.shop
lord-tnt.com
lorfil.lol
lorfil.net
lostfilm.cyou
lostfilm-hd.online
lotbob.ru
loudtalks.com
lovefarmacy.ru
lovelasov.net
lovereads.ru
lovertab.com
lovertab.net
lovertab-zerkalo.com
lovertab-zerkalo.net
lovetabs.biz
lovetab-zerkalo.com
love-farma.ru
lovtab.biz
lrdfilm5.mom
lrdfilm18.me
lu4.org
lucrosa2023.monster
lucrosa2023.site
lunar.icu
luxkatalog.biz
lxax.com
lyrics-pesni.com
mafia-link.ru
magic.org
magic-pills.com
magnatov.cc
mailbox.org
mailfence.com
maindulu.com
majjvcq1kz1m.online
malavida.com
mambahuyamba.com
marathonbet.com
martin-game32.top
materialio.us
mdma.city
mediical-books.ru
medknizka-online.ru
mega555net0-20.com
megadir.net
megakino.online
megapirate.net
megapp.info
megasbmarketdark.net
melmac.space
memedroid.com
mennetwork.com
men-aptekar.ru
men-magaz7.ru
men-magaz9.ru
meta.ua
metallicaholdings.com
me-lordfilm.org
mfrbee.com
mgst.su
mifepristone-apteka.com
mifepristone-apteka.info
mininova2.com
mintmanga.one
mirfilm.net
mirrakov.ru
misterjoi.ru
mixfilm.xyz
mix-porn.xyz
mk24.life
mkso3.ru
mm21co.com
mobile-telephon.ru
mobiring.net
mobisony.ru
moeimg.net
moera.blog
money777.casino
monna.top
monust.com
moviemaxi.site
movihdbox.fun
mp3wr.com
mp-digital.ru
mr72.ru
ms-grain.ru
multiscreensite.com
multmania.club
mundgsund.ch
muni.cz
murinoco1.ru
music-hit.com
muzrelax.org
mv21.ru
mxload.org
my1.ru
mya5.ru
mylt.cool
mypiracy.org
myprostitutky.com
myprostoserialy.online
myvibox.fun
myvibox.site
myvibox.store
mywebcommunity.org
mywire.org
my-mksh.ru
n105.ru
n106.ru
nadeko.net
narod.ru
natco-velpanat-nov.ru
nboeck.de
nb-novorossiysk.net
nekonudes.top
neo-magnit.ru
net.im
net.in
net.kg
net.pl
net.ru
net.ua
netcologne.de
netlify.app
new77.casino
newh24.casino
newlink24.xyz
news009.top
news13.top
news88.top
newx13.top
new-rutor.org
new-rutor.website
new-team.org
night24-adler.com
night24-krasnaya-polyana.com
nijiero-ch.com
nn51in.com
nnmclub.to
nodep-bonus-casino.top
north-trader.com
notion.site
novibox.fun
novibox.ru
novibox.site
novinki-lordfilm.org
novinki-smotret.online
novorossiysknb.net
noxinfluencer.com
npbcashback.nl
nudephotography.biz
numimi.lol
nurcbs.ru
nv-school.ru
obozrevatel.com
obuv-nahodka.ru
obyhiv.com
od.ua
odb656jnuek8.live
odens24.com
odessa.ua
off.casino
off2.buzz
off13.top
off777.top
officia77.online
official33.online
official-casino.cfd
official-casino.click
official-now85.online
offinfs.site
offs00.top
offs01.fun
offs01.top
offs003.fun
offs003.top
offs07.top
offs23.top
offs24.fun
offs44.top
offs66.top
offs99.top
offs111.top
offs777.fun
offss13.top
offss77.top
offss777.top
ofss777.top
okis.ru
olimp06e8.top
olimp15d3.xyz
olimp698b.top
olimp876c.site
olimp6301.site
olimpaecb.xyz
olimpef97.site
olxd.org
onefree.info
oneproxy.org
onestepahead.cfd
onestreaming.org
online77.top
onlinecasino10.ru
onlinecasinos3.ru
onlinecasinosru.com
onlinecasinosrus.ru
onlinecategoryflip.cfd
online-lordfilm.art
online-million-game.com
online-platform.monster
only-znakomstva.com
onpravao.com
oo12co.com
ooguy.com
ooorf.ru
openai.com
opezdol.casino
opsforgood.fr
opt3.ru
org.kg
org.kz
org.ru
org.ua
orgs.biz
oserialimnil.online
ospolotmeds.ru
ostanovite-schetchik.ru
otblogerov.com
over-blog.com
p15irk.ru
paddotrustagain.cfd
pages.dev
parimatch.by
parimatch.com
parimatch.net
parkerlabs9.pro
parkerlabs10.pro
parkerlabz.club
patternplin.com
pawoo.net
pdownload.org
peaceplea.info
peaceplea.org
peraichi.com
perennialte.ch
perfectgirls.net
persgroep.net
pervclips.com
photobucket.com
pikourl.org
pinup375casino.online
pin-up672.online
pirabox.net
pirat.bz
pirat.one
piratbit.fun
piratbit.top
piratebays.to
pirator.net
pitergay2.xyz
pl.ua
platformfirst.net
play2025.casino
play-now25.ru
play-now93.online
pmm777.casino
poast.org
point.im
poiskp.com
poljarnyj-lordfilm.com
porn.com
pornanimals.shop
porncore.net
porndoe.com
porndoepremium.com
porno365.bike
porno365.bond
pornoklad.ink
pornolena.net
pornone.com
porno-kazashki.ru
potok.cash
pp.ru
ppira.com
pproxy.org
pravakupia.com
pravapiter.com
pravda.com
priparus.ru
pristineauction.com
privacyredirect.com
privex.io
pro001.fun
pro007.fun
pro71.fun
proceed2kent.com
prodoping.ltd
profarm.live
profarm.site
profilib.com
profilib.net
projectsegfau.lt
prom.ua
propiska-24.ru
propiska-online24.ru
propiska-plus.ru
propiska-reg.ru
propiski-net.ru
prostitutki.bar
prostitutki.buzz
prostitutki.desi
prostitutki.help
prostitutki.loan
prostitutki.me
prostitutki.red
prostitutki.tv
prostitutki.uk
prostitutki.watch
prostitutki7.org
prostitutki24.fit
prostitutkianapy.ru
prostitutkiartyomaputanu.com
prostitutkicasa.com
prostitutkihelp.com
prostitutkihelp.info
prostitutkikrasnoyarsk.org
prostitutkimonitor.com
prostitutkimsk.eu
prostitutkimsk.xyz
prostitutkinalchikaputanu.com
prostitutkirest.com
prostitutkirest.net
prostitutkisoy.com
prostitutkisoy.info
prostitutki-balashiha.com
prostitutki-domodedovo.co
prostitutki-himki.co
prostitutki-himki.xyz
prostitutki-love.com
prostitutki-lyubercy.com
prostitutki-moskvy.eu
prostitutki-msk.com
prostitutki-msk.eu
prostitutki-msk.org
prostitutki-na-vyezd.com
prostitutki-na-vyezd.net
prostitutki-odincovo.com
prostitutki-red.com
prostitutki-red.red
prostitutki-sochi.com
prostitutki-vidnoe.com
prostitutki-zdes.com
prostitytky-mos.com
prosuccesindeper1.cyou
protected-world-name.cfd
protivpozhara.ru
protokolla.fi
protut.top
protutx.com
proxybit.surf
proxyninja.org
pryamaya-translyatsiya.ru
pr-13.com
psgtobacco.com
psgvape.com
psmedia.ru
pu207ev.com
pu210ev.com
pu214ev.com
pu892ev.com
publicintelligence.net
putanu.com
q8market.com
q107.ru
q108.ru
qqq-ttss.su
queenspalace.biz
quiz-maker.com
qy0.ru
rachkom.com
rackcdn.com
raidrush.ws
rapgenius.com
rare5884gifts.cfd
rc-biz.net
rc-sadko.ru
reactinproluxury.cfd
readmanga.io
readmanga.ru
read-book.info
realitydudesnetwork.com
reallyaweso.me
real-pump.biz
real-pump8.top
reblog.hu
red2-balloon.cfd
redirect-me.xyz
redpics.pro
redtube.com
red-to-me.com
reg2.online
registratsia-garant.ru
registratsya-schools.ru
rekrea.ru
removepractice.cfd
reska.xyz
rezkahd.click
rezkahd.ru
rg-mechanics.online
riobet.fun
riobet158.ru
riobet-rio24.casino
rise3-flippo.cfd
rkino.ru
road2gama.com
roadtogiffo.cfd
rodina.news
rojadirecta.eu
rolka.me
ros.media
rosal-24.shop
rosbiznesmarket.ru
rosbrs.ru
rosfirm.info
rosstab.com
rosstab24.com
rostab.info
rostabletka.name
roulette77ru.com
roxxon.club
royalvegascasino.com
rozaflowers.ru
ru.actor
ru.com
ru.net
ruanabol.org
ruaptekar.biz
rubelfarma.net
rudb.site
rudub.online
rudub.today
rufei.org
rukaif.online
rukaif.ru
rule34.us
run.app
run2me.pro
run2me.top
rus.ec
rusdosug.su
rusff.me
russkiecasino.ru
russkie-novinki.online
ru-music.online
rzk-hd-only.xyz
s107.ru
safesquid.com
saitfilmov.com
sanavet.ru
sbobet.com
sbobethk.com
sbobetph.com
sbobetsg.com
sbobetuk.com
sbornik-knig.ru
sb-cd.com
scancoinsready.cfd
scangif-5quick.cfd
school13orel.ru
school-reg.ru
scryde.site
sdbroker.org
search-prostitutki.com
seasonvar.site
securefullanalyzecfd.cfd
see.ru
see2gama.com
semyana.com
seo-nsk.ru
serfilm.com
serial4you.club
serialam.online
serialfilm.net
serialhit.club
seriali-tut.com
serialzona.ru
serial-2026.com
seriez.pro
seriyahd.cyou
sevtorgi.ru
sex.su
sexinteam.com
sexkazan.info
sexkomix.fun
sexnsk.live
sexrach.com
sexros.biz
sexykemerovo.top
sexykhab.top
sexynsk.top
sexytula.top
sexyvladivostok.top
sexyyalta.top
sexznac.com
sex-corp.life
sex-podolsk.com
sex-rach.com
sex-rakom.com
sh385.cc
shadowdeck.biz
sharewood.me
sharewood.pro
sheshaft.com
shluhi.eu
shluhi.online
shluhi-moskvy.com
shluhi-moskvy.net
shop-individualka.com
show-lordserials.pics
show-medialord.buzz
shtorny.com
siblaguna.org
sigioptom.shop
silences-payer.online
sinema.top
sinema2.top
skladchik.biz
skladchina.biz
sleazyneasy.com
slidesharecdn.com
slivysklad.biz
sloip.ru
slospin.ru
slot077.casino
slot2301.casino
slotolev.com
slotomania24.sbs
slots5.casino
slots07.casino
slots88.casino
slots-games.casino
slots-new24.fun
slot-hot34.online
sltodom.ru
sluttysenpai.top
sl-reverse.com
smclub.es
smotri1080.online
smotri-lordfilmy.top
sniat-shlushku.com
snusoptom24.org
socialtournaments.com
softmany.com
softonic.ru
sof-rus.com
solution360.online
soski.org
sosushka.vip
sotsg.ru
spb.ru
spbmodul.ru
spb-prostitutki-red.in
speedcrawl.vip
spirt-med.ru
spoki.lv
sportbud.org
sportspiracy.net
spravki-logos.ru
spravo4ku.ru
sp-codes.de
sslip.io
stardapromokod.help
starda-ses-sluzhba7.top
starda-socialy5.ru
start.page
startmail.com
stloe.ru
stopfilms.info
stopgepatit.net
stratogig.online
stream2watch.sx
styazhkavrn.ru
stylee32.net
su12.ru
succession-hdrezka.net
successvault.org
sugarworld.org
sugaryo2.com
sui-network.mom
sukaporn.com
sumy.ua
sundukkya4.site
super24.top
superboss1.com
superdanova.com
superfotos.org
superfreediploma.top
supergptchat.shop
superigrok.com
supermillioner.monster
supersite.casino
supertop-100.com
superzerkalo.casino
super-casino-slots.com
super-vulkan.net
supremeai.shop
surebet247.com
surfkasino.com
surovikino-crb.ru
sushka-pro.ru
sutener.org
sutur74.ru
suxilepgermany.ru
su-141.ru
su-uds18.ru
svejk-tour.ru
svela.ru
svetacdn.in
svidetelstva.top
svidetelstva-ru.top
svoy-doctor.net
svoy-vpn.top
sw7pokerdom.com
swap13xexalgo.com
swaplotemax.online
swap-17x-exalgo.com
sweetbonanzagames.ru
sweetbonanzas.com
sweetbonanzaslot.net
sweet-bonanza.cloud
sweet-bonanza-online.com
swezhak.su
swezhak-2025.art
swift-arc.com
swt24.vip
sykaaa-3gib.buzz
sykaaa-mas.top
sykaaa-zqv.top
syka-win.ru
systss-app.ru
szczecin.pl
sz-protection.ru
s-geleznovodsk.ru
t2gemotest.ru
t3.chat
t3stocksprints.com
t4pua.org
t7berlin.com
t18.buzz
t21.buzz
t30.buzz
t32.online
t35.buzz
t50.online
t54yeee.com
t69.online
t200.casino
t207.com
ta7pokerdom.com
taaasty.ru
taadd.com
taba.tatar
tabacco.md
tabachka24.com
tabachka-shop.shop
tabachka-u-domma.shop
tabachnic.ru
tabachnic26.ru
tabachnic27.ru
tabachnic28.ru
tabachniray.ru
tabachok24.ru
tabacoroom.com
tabacoroom.ru
tabacotorg.com
tabac-master.ru
tabakan.com
tabakcity.shop
tabakevich.com
tabakfervet.shop
tabaking.shop
tabakkov.ru
tabakoff178.ru
tabakozz.ru
tabakplace.shop
tabakpochtoy.cc
tabakpochtoy2.com
tabaksity.ru
tabakvsem.ru
tabakxpress.shop
tabak-exspress.info
tabak-lavka28.ru
tabak-msk.vip
tabak-nam.biz
tabak-pochtoy.shop
tabak-pochtoy2.com
tabastor.website
tabfilm.club
tabfilm.one
tabfilm.online
tabfilm.ru
tabfilm.sbs
tabfilm.video
tabius.ru
tablasdeskate.cl
tablemot.pro
tabletkidarom.ru
tabletuz.com
tablex24.org
tablex-24.com
tablica-umnozhenia.ru
tabloid.one
taboocasino.com
taboodude.com
taboohdporno.net
taboohdporno.org
taboohome.net
tabooscat.com
tabootube.to
tabowlis.com
tabow-lis.pro
tabs-24.ru
tabs-financefx.com
tabtorg.com
taburan.ru
tabura-market.shop
tacea-tus.pro
tachaut.com
tachelaps.online
tacina-adm.ru
tacina-molodezh.ru
tacit-index.com
tacme.ru
tacmedukraine.org
tacoburrito.ru
tacqtics.com
tact.today
tactfultrade.net
tactic4profi.com
tacticaldiving.ru
tacticaltech.org
tacticlead.ru
tactilesound.ru
tactio.ru
tacway.ru
tacx-russia.ru
tadadel.ru
tadatoys.ru
taderolin.online
taderolin.ru
tades.to
tadroga.cz
tadzhikskoe.org
taekwondo67.ru
tafamot.pro
tafeng.ru
tafsilar.info
tafsir.ru
tagajoya.com
taganrogmnb.ru
taganrogshopdiplom.ru
taganrog-dostavka24.shop
tagaz-zapchasti.ru
tagfermer.ru
tagilcoin.org
tagilpipe.online
tagilpowa.ru
tagil-murmur.com
tagmarkets.com
tagras-es.ru
tagschool35.ru
tahion-uzip.ru
tahograf32.ru
tahograf-perm.ru
tahomarubberplastics.com
tahorus.ru
tahrir-syria.info
taiga.space
taiga-honey.ru
taiga-paseka.ru
taikobeats.casino
tailorfields.com
tailscale.com
tailwindsea.net
taimenfisher.ru
taimp3zing.com
taimyr-crb.ru
tainster.com
tainy.net
taishetczn.ru
taishet-invest.ru
taisiapiankova.ru
taiwindows.com
taiyou-no-koushin.ru
taiyo-vostok.ru
tai-ray.ru
tajenbali.biz
tajgenconsul-eka.ru
tajikistan-bonusesfinder.com
tajikskiy-seks.cc
tajikskoe.art
tajikskoe-porn.top
tajik-sex.cc
tajik-sex.top
tajmigrant.com
tak5.ru
takeaway-shop.ru
takebackbaltimore.net
takebacktorranceairport.org
takebonus.com
takebook.ru
takeboysex.cc
takedrive.ru
takegayfuck.cc
takegodev.cfd
takeitirish.ru
takelazhnyeraboty78.ru
takellaj.ru
takenhour.com
takeone.space
takeprofit.cc
takeprofit.help
takeprofit.lol
takeprofit.online
takeprofit.shop
taker.baby
taker.bar
taker.bet
taker.bike
taker.boo
taker.casa
taker.cash
taker.cc
taker.city
taker.coupons
taker.golf
taker.guru
taker.host
taker.icu
taker.life
taker.link
taker.lol
taker.love
taker.promo
taker.red
taker.sale
taker.surf
taker.tax
taker.uno
taker.work
taker.wtf
taker12.casino
taker13.casino
taker14.casino
taker15.casino
taker16.casino
takercasino.com
takercasino.pro
takero-lordfilm.ru
taker-casino.vip
takeshikitano.ru
takethewin.org
taketwinkanal.cc
takeurlex.xyz
takevan.com
takeyoursuccess.ru
take-now.co
take-promokod.kz
take-x.pro
takflix.com
takfur.com
taki.sale
takimisushi.ru
takingyouforward.biz
taki-taki.me
takoe-kino.com
takrf.ru
taksimaxim.ru
taksimo.org
taksi-forsazh.ru
taksi-rostov.ru
taksopark13.online
taksopark13-serial.online
taksopark-59.ru
takt-magazine.ru
takumiglobal.org
talanfilm.ru
talantikaperm.ru
talantorium.ru
talantreklama.ru
talantstreet.ru
talbotcountyrealestate.com
taldor-lordfilm.store
talemerin.info
talentconnecct.com
talentgardenrainmaking.com
talenthubsolutions.com
talentspotuk.com
talent-people.ru
taleoftwostrains.cc
tale-store.ru
talgarwarez.online
talgarwarez.ru
taliban61.biz
taliban61.cc
talindiacurry.com
talitour.ru
tali-sk.ru
talkas-kurort.ru
talkov.su
talkpetstoday.com
talkrooms.ru
talksconf.ru
talktaiwan.org
tallordfilm.ru
tallships2014.ru
talltreesaudiomastering.com
tallula.ru
tallygridmarkets.com
talonixsphere-tech.com
talordfilm.ru
taloue.com
talovka.ru
talovka-school.ru
talovskaya.ru
talr.ru
talsosh-tarum05.ru
talvexortradersolution.com
talvorys.com
tal-alt.ru
tal-muz.ru
tamadabook.ru
tamadavufe.ru
tamada-tomsk.ru
tamagavk.ru
tamaninvest.ru
tamaraeidelman.com
tamaratolstykh.ru
tamboranminings.com
tambovestate.ru
tambovlxz.ru
tambovrar.ru
tambovrealt.ru
tambovshopdiplom.ru
tambovwer.ru
tambovwolf.ru
tambwolf.cc
tamedteens.com
tamfinans.ru
tamgreenagro.com
taming-openoffice-org.com
tammysdesigns.com
tamosfamilyclub.kz
tamos-cup.kz
tamsignalsview.com
tamtam.kz
tam-ara.ru
tanaisspb.ru
tanatar.kz
tanaymondial2020.ru
tancy-na-tnt.ru
tandak.ru
tandc-aki.com
tandem72.ru
tandem-psy.ru
tandir72.ru
tandiriya.ru
tandjon.ru
tandradv.ru
tanepyu.com
tanfonce.com
tanganyassetmanagement.com
tangible-horizons.com
tangierbet.com
tangobanda.com
tangyra.ru
tangyra-amp.icu
tangyra-amp.life
tangyra-amp.monster
tanhoi.ru
taniamax.ru
taniaodonnell.com
tanico.cl
tanienasionamarihuany.pl
tanime.ru
tanita-gnutova.ru
tankhouse.ru
tankikit.ru
tankionlinehackclub.com
tankmoneyyy.ru
tankorterem.hu
tanktastic.ru
tank-cars.ru
tank-master.ru
tank-money.icu
tank-t-90.ru
tanmasters.ru
tannmodelmanagement.com
tanp.ru
tansel.ru
tantproxai-engine.com
tantramos.ru
tantraya.com
tantv.kz
tanvexorappsolution.com
tanzil.net
tao.lv
taobaorussian.ru
taosclub.ru
tap5.top
tapasmarbella.ru
tapbot.ru
tapentadol-100mg.com
tapesandstories.ru
tapes-retro.ru
tapfilm.org
tapgreenfxi.com
tapiera.ru
tapinexpertoptions.com
tapmoney.ru
tapo4eg.ru
tapochkioptom.ru
taponvip.com
tappxchange.com
tapschool.ru
tapworldglobal.com
tapzap.ru
tap-joycasino.top
taqadistribution.click
taqatme.com
taqelith.digital
taqmira.live
taqyron.courses
tarakona.ru
taranov-k.ru
tarantino-lordfiilll.ru
tara-eparhiya.ru
tarbagatay.ru
tarbagcrb.ru
tardor.band
tarelka.fun
tarelkas.ru
taresolvian.com
targetayazhan.ru
targetbag.ru
targetfx.com
targeting.school
targetmatch.click
targetplan.click
targetplus.click
targetproxy.com
targetrun.digital
targettrack.xyz
targettrend.com
target-club.ru
target-training.ru
targovishtenews.com
tarhovca.ru
tarifamur.ru
tarific.ru
tarihkitap.com
tarjaturunen.ru
tarjetaroja.me
tarjetarojaonlinetv.com
tarkovmerchstore.ru
tarkovsky90.ru
tarkvanem.ee
tarmpi-innovation.kz
tarnivo.info
taroastro.ru
taromarina.ru
taromasters.ru
tarosreda.ru
tarotoday.ru
tarot-bc.ru
taro-future.ru
tarpolux-app.com
tarsamen.ru
tars-system.ru
tartugi.com
tartugi.info
tartugi.me
tartugi.name
tartugi.net
tartugi.pro
tartugi.site
tartugi.top
tartugi.uno
tartustour.ru
tarvets-omi.ru
tar-tass.com
tascagalega.com
tashaymason.com
tashbulatova.ru
tashirexpress.ru
tashtagol-mebel.ru
tasix.media
tasizar.com
task39.online
task39.ru
taskblueprints.com
taskcareers.com
taskconstructor.com
taskformulator.com
taskgenica.com
taskinnovator.com
taskmaker.ru
taskmapr.com
tasknight.com
taskorchestral.com
taskshift.com
tasmanasset.org
tasota.kz
tassbiz.ru
tasschool1.ru
tassfx.com
tastecraftedmcd.com
tastefultimesindy.com
tastelessgentlemen.com
tasty72.ru
tastybinaryexpert.com
tastybite.store
tastyblacks.com
tastydrop.cc
tastydrop.in
tastygo.gg
tastygo.net
tastyjoys.ru
tastymenu.ru
tastystrike.com
tastystrike.gg
tastystrike.net
tasty-drop.co
tasty-drop.com
tasty-drop.net
tasutakasiino.com
tasvent.kz
tas-ix.net
tas-ix.top
tas-ix.tv
tatalueat.com
tatameme.com
tataralga.date
tatarkyzlar.com
tatarpravagims.ru
tatarstan-ru.com
tatarstup.ru
tatar-alga.date
tataurova-design.ru
tatbani.ru
tatgefest.ru
tatianatsoy.com
tatiana-kotova.ru
tatishevo64.ru
tati-shop.ru
tatk.kz
tatlindom.ru
tatlinka.ru
tatminusprofl.ru
tatmvl.ru
tatneft.vc
tatneko.ru
tatnext.ru
tatpolit.org
tatprint.ru
tatrabus.ru
tatra-oil.ru
tatshowbaby.ru
tatstat.ru
tattalib.ru
tattoobeefstu.com
tattoofest.su
tattoohin.ru
tattoopeople.ru
tattoosaratov.ru
tattoo-goodwin.ru
tattoy.ru
tattravell.ru
tatts.com
tatuaggio.ru
tatyanabegeeva.ru
tatyana-arntgolts.ru
tatyankinlen.ru
tat-car.ru
tat-kprf.ru
tat-pmu.ru
tat-uslugi.ru
tauben.business
taudioknigimp3.org
taudioknigi-mp3.org
tauen.ru
taughtbyapro.com
tauker-lomi.ru
taular.kz
taun23.ru
tauni-vostoka.com
taurica.net
taurpower.ru
taurum.ai
taurusnow.com
taurus-toys.ru
tav.su
tavatuy-rzd.ru
tavego.com
tavernauglyah.kz
tavexat.com
tavexh.com
tavexl.com
tavexn.com
tavexs.com
tavext.com
tavexv.com
tavexz.com
tavidraugi.lv
tavlada.ru
tavoisine.com
tavolgatur.ru
tavolga-school.ru
tavriatv.ru
tavridadom.ru
tavrix.ru
tavrix-lordfilm.store
tavrsad.ru
tavr-obrazovanie.ru
taxelioxplatform.com
taxer.ua
taxi1.art
taxi1.info
taxi1.ink
taxi1.lol
taxi1.mom
taxi1.top
taxi1zhukov.ru
taxi7.xyz
taxi69.com
taxi197.ru
taxi350.ru
taxi46600.ru
taxi4006040.ru
taxiabinsk.ru
taxiam.ru
taxiavgust.ru
taxibonus.net
taxiborovichi.ru
taxiconfekb.ru
taxiconfnsk.ru
taxido.ru
taxielit74.ru
taxifavorite.ru
taxigays.com
taxikrimtur.ru
taximania.cc
taximba.ru
taximitino.com
taximoney.biz
taximoney.co
taximoney.lol
taximoney.online
taximoney.space
taxinarodnoe.ru
taxioskol.ru
taxipchelka.ru
taxirassia-rulit.ru
taxisever24.ru
taxivan-mercedes.ru
taxivopros.ru
taxivulkan.ru
taxi-aeroport-minsk.ru
taxi-aleks.ru
taxi-caesar.ru
taxi-driver.fun
taxi-ex.site
taxi-fortuna59.ru
taxi-game.ink
taxi-game.one
taxi-games.site
taxi-igra.ru
taxi-jaguar.ru
taxi-kentavr.ru
taxi-konigsberg.ru
taxi-kurier.ru
taxi-minutka-ufa.ru
taxi-money.eu
taxi-money.icu
taxi-money.info
taxi-money.lat
taxi-money.net
taxi-money.org
taxi-money.top
taxi-money.uk
taxi-nosorog-moscow.ru
taxi-pilot.ru
taxi-punkt.ru
taxi-sedan.ru
taxi-stolica.ru
taxi-stupino.ru
taxi-tesham.ru
taxi-universal.ru
taxi-yago.ru
taxleadzz.xyz
taxlogic.ru
taxtamukai-dshi.ru
tax-intelligence.ru
tayga.info
taygasmotret.online
tayga-hdrezka.net
tayga-serial.online
taygergols.xyz
taygeta.pro
taygeta.tech
taynavkusa.ru
tayny-sledstviya.shop
taypalest.ru
tazerpro.com
tazhebarol.ru
tazik-tlt.ru
tazman.ru
tazovod.ru
tazzporn.com
tazzz.cc
tazzz24.cc
taz-olenenok.ru
taz-severyanochka.ru
ta-champion.ru
ta-rus.ru
tb7.kz
tb7pokerdom.com
tb4832.com
tbankcasino.ru
tbanque.net
tbatires.com
tbbb.ru
tbbpharma.com
tbcgroupm.ru
tbconferencensmu.ru
tbcrlab.com
tbelarus.com
tbe-anaheimoc.org
tbib.org
tbili.biz
tbilisicars.ru
tbilisoba-kafe.ru
tbkspb.ru
tblit.ru
tblok.ru
tblordfilm.ru
tboom.ru
tboom.xyz
tbpstore.com
tbsavia.ru
tbsc.ru
tbshelp.ru
tbs-doma.ru
tbs-tz.org
tbtfui.store
tbt-tuapse.ru
tbu-lordfilm.ru
tbxcapital.com
tb-expert.su
tb-inform.ru
tc5zvezd.ru
tcaganok.ru
tcapitalzentrix.com
tcar.us
tcarteks.ru
tcc93.ru
tcdni.ru
tceincvi.com
tcein-cvi.world
tcg2015-ulcraft.ru
tchcenter.ru
tchcenterru.top
tci2016.org
tcinosgroup.com
tci-congress.ru
tckomix.ru
tckupec.ru
tcmadis.ru
tcmayakpenza.ru
tcmk89.ru
tcmspb.ru
tcmwab.org
tcnhp.com
tcons.ru
tcosistemas.com
tcsa.cloud
tcserial.online
tcso19.ru
tcsomeshanskiy.ru
tcsoyar.ru
tcso-alekseevskiy.ru
tcso-babushkinskiy.ru
tcso-caricinskiy.ru
tcso-chertanovo.ru
tcso-novogireevo.ru
tcso-np.ru
tcso-veshnyaki.ru
tcso-vostizmailovo.ru
tcxfinance.com
tcxmining.com
tc-city.ru
tc-club.ru
tc-cvi.me
tc-diagnostica.ru
tc-krug.ru
tc-start.ru
td9.ru
tdaks.ru
tdameritradeinvest.com
tdarbat.ru
tdarlen.ru
tdcapitalfinace.com
tdcartrade.ru
tdcol.ru
tdc-tatar.ru
tddlordfilm.ru
tdelga.ru
tdemp.ru
tdenergo.ru
tdenga.biz
tdeniga.com
tdesktop.com
tdfestival.ru
tdfk61.ru
tdf-dance.ru
tdf-lordfilm.ru
tdgbotx.com
tdglobalnet.org
tdgol.ru
tdhuter.ru
tdipartners.com
tdizo.ru
tdkapriz.ru
tdkport.ru
tdkruglov.ru
tdk-lambda.ru
tdlloret.com
tdm125.ru
tdmagnus.ru
tdmarkets.com
tdmdm.ru
tdmshop.ru
tdngs.ru
tdosug.com
tdosug.net
tdov.org
tdpadvertkuk.ru
tdpodshipnikru.com
tdponline.ru
tdross.ru
tdrozalina.ru
tdsatori.ru
tdsbetting.ru
tdsclick.org
tdspedia.com
tdssvc.com
tds-gorod.ru
tdtaurus.ru
tdubh.ru
tdveresk.ru
tdxmarkets.com
tdz65.ru
td-ananas.ru
td-ape.ru
td-argot.ru
td-avt.ru
td-bkhn.ru
td-clinic.ru
td-colombo.ru
td-evropa.ru
td-fipron.ru
td-fishgroup.ru
td-fortus.ru
td-galassia.ru
td-goods.ru
td-inno.com
td-luch-stroi.ru
td-optovik.ru
td-partner.com
td-renome.ru
td-vb.ru
td-vikom.ru
td-vinkod.ru
td-vostok.ru
td-zlatoust.ru
te.ua
te7pokerdom.com
teaccaraudio.ru
teacheablemass.com
teacher05.ru
teacher27.ru
teacherfucksteens.com
teachermall360.com
teacherpics.com
teachersguide.net
teachers-union.ru
teacherus.ru
teachgun.com
teachingforheroes.com
teachmefisting.net
teachmeplease.ru
teachmyass.com
teachtech.ru
teadragon.ru
teagame.org
teahouse-group.ru
teakmaster.ru
tealcourse.ru
tealv.ru
team29.org
teamcreativecrafts.com
teamelas.online
teamelas.ru
teamfirstconf.com
teammaster.ru
teamnay.ru
teamnk.com
teamoney.biz
teamoney.cc
teamoo.ru
teamskeet.us
teamspeaks-s.ru
teamtradersview.com
teamuseumindia.com
teamviewer1.ru
teamviewersoft.ru
team-dignitas.net
team-n.ru
team-russia2014.ru
teaplay.xyz
tearz.ru
teatralt.ru
teatrbuff.ru
teatre-kino-online.ru
teatrganina.com
teatrkompas.ru
teatrkukol.kz
teatrmuzikla.ru
teatrnavesu.ru
teatroporno.com
teatrparajanova.ru
teatrrampa.ru
teatrroman.ru
teatrugansk.ru
teatr-dndz.com
teatr-dramy.ru
teatr-igra.ru
teatr-m.ru
teatr-nuradilova.ru
teatr-planet.ru
teatr-reverance.online
teatr-reverance.ru
teatr-sad.ru
teatr-sozvezdie.ru
teatr-ticket.com
teatr-travel.online
teatr-travel.ru
teatr-v.com
tea-carrier.com
tea-festival.ru
tebemoney.ru
teberda-school1.ru
tebespravka.ru
tebezakaz.ru
tebe-diplom.com
tebe-gims.top
tebyan.net
tecatechildrenshome.com
tech.ru
tech4stroy.ru
tech43.ru
techadornment.com
techadvances.digital
techafriqa.com
techai24belgie.com
techaincapital.com
techanite.com
techanomicon.com
techapps.info
techberi.ru
techblast.xyz
techbrushcraft.com
techcircuit.ru
techcom3623.ru
techcor.click
techcore.click
techdivision.ru
techdreamz.org
techentium.com
techentrious.com
techeritage.com
techflowtrades.com
techforceknives.ru
techfrontix.com
techgazy.online
techgazy.ru
techguide.guru
techguru-remont.ru
techhunter.kz
techhyip.com
techiesspace.pl
techiia.com
techiia-fund.org
techivest-finance.com
techjournals.ru
techliceum.ru
techliders.online
techliders.ru
techlinkway.com
techlinky.com
techloma.com
techlume.click
techmatrix.click
techmaximumtrader.com
techmaximumtrading.org
techmuzey.ru
technarixplatform.com
technetusc.net
technicalmessage06.com
technicamolodezhi.ru
technoarms.ru
technobabble.biz
technobegin.online
technobioen.ru
technoblock-msk.ru
technocup.ru
technodom.fun
technodom53.ru
technoforth.ru
technogies.ru
technokub.ru
technol3virtumind.com
technologie-agro.ru
technology31.ru
technologycampaign.space
technologydent.ru
technom.club
technomatrixx.com
technomouse.ru
technonewtime.top
technonix.com
technopharm-siberia.com
technorati.com
technosfreaks.com
technosintez.com
technostockservis.ru
technostream24.online
technotaste.online
technotime.online
technotimehub.com
technotimehub.info
technovint.ru
techno-engineering.ru
techno-katalog.ru
techno-police.ru
techno-smart.ru
techolumina.com
techoluxis.com
techoreels.com
techosmotr-moskva.ru
techoviax.com
techovista.com
techpaintart.com
techpaintwork.digital
techpilotz.com
techpravaru5.top
techpravaru-xxvomph.top
techpravaru-xxxdwhx.top
techpravaru-xxxzvbs.top
techrisea.com
techsensor.digital
techsomewhere.com
techsov.ru
techsrms.com
techstackprofit.com
techteachlearn.org
techtelecast.com
techtoolslab.net
techtoolstraining.org
techtravel.ru
techtrekking.xyz
techtrendsetters.xyz
techuborka.ru
techwarzone.icu
tech-amp13.top
tech-amp14.top
tech-generation.cfd
tech-generation.monster
tech-house.su
tech-import.com
tech-in-media.ru
tech-mailing.com
tech-perewod.ru
tech-renew.email
tech-startups.ru
tecniconstroi.pt
tecnobits.com
tecrux.net
tecservlcios.com
tectonicpx.com
tect-site.ru
tec-1-12.online
tec-1-12.ru
tedbet.com
tedbet1.com
tedbet2.com
tedlasso.online
tedlasso.top
tedlordfilm.ru
tedritinvestments.com
tedspsychedelicsshop.com
tedxsarasota.com
tedxstpetersburg.com
tedxunt.org
tedxvolhonka.com
ted-lasso.online
ted-lasso.ru
ted-lasso.top
ted-lassoo-lordfilm.ru
ted-lasso-hdrezka.net
ted-lasso-lordfilms.ru
teen18porn.org
teenageanalsluts.com
teenagepussypic.com
teenagerv.com
teenamp.com
teenanalcasting.com
teenax.com
teenban.com
teenbay.ru
teenbe.com
teenboyslove.com
teenboyslove.net
teencamvideos.me
teenclub.cf
teencoin.com
teencum.tv
teencumpot.com
teencunt.net
teencurves.com
teendaily.ru
teendreams.com
teenergizer.org
teenerotic.sexy
teenextube.mobi
teenfa.com
teenfap.net
teenfidelity.com
teenfidelityfree.com
teenfilm.pro
teenfree.pro
teenfuckhd.com
teenfuckyeah.com
teengallery.pro
teengay.pro
teengaycock.com
teengaymovie.com
teengaytv.com
teengayx.com
teengirltits.com
teenh.net
teenhd.porn
teenhealthfx.com
teenhost.net
teeniez.com
teenikini.com
teeninside.com
teenintimate.com
teenjb.cc
teenjb.com
teenlesbiansporn.com
teenlist.net
teenmegaworld.net
teenmodels.club
teenmodelsclubone.com
teenmodelx.agency
teenmvs.com
teenmy.com
teennudists.org
teenochka.cc
teenochka.click
teenochka.club
teenochka.site
teenochka.top
teenochka.xyz
teenoola.com
teenorama.net
teenorgy.video
teeno-ola.pro
teenporn.link
teenporn1.net
teenporn19.com
teenpornbox.com
teenpornbox.space
teenporncloud.com
teenporncum.com
teenporndrop.com
teenpornface.com
teenporngram.com
teenpornjizz.com
teenpornkey.com
teenpornpics.pro
teenporntubes.com
teenpornvideo.fun
teenpornvideo.tv
teenpornvideo.xxx
teenpornwank.com
teenpornway.com
teenpussy.love
teenpussy.me
teenpussypicture.com
teenq.com
teenrs.com
teens.name
teens3some.com
teensalute.com
teensanalyzed.com
teensandtaxes.com
teensandtwinks.com
teensbay.top
teenset.al
teensex.wiki
teensex4u.com
teensexbox.cc
teensexcam.cc
teensexmania.com
teensexmania.tv
teensexmovs.com
teensexvideo.tv
teensforfree.net
teensites.top
teensloveblackcocks.com
teensnow.biz
teensnow.link
teenspresso.com
teenstarsonly.com
teenstunning.com
teensxxx.org
teensxxxvideo.net
teensyoung.com
teens-list.com
teenthais.com
teentube.pw
teenvaginapics.com
teenwebcamtube.com
teenwow.pro
teenx.tv
teenxporn.tv
teenxxxlab.com
teenxy.com
teenylovers.com
teenyounggirl.com
teenyphonesex.com
teenyplayground.com
teenyqueens.com
teenyvagina.com
teeny-sluts.com
teenzvidz.com
teen-amateur.net
teen-bin.com
teen-erotic.net
teen-fucks.net
teen-funs.com
teen-girls-tube.com
teen-homemade.com
teen-incest.com
teen-lesbian-tube.com
teen-models-teens.com
teen-mom.net
teen-movs.com
teen-pussy.me
teen-pussy.pro
teen-sex.me
teen-sex.tv
teen-sex-pictures.com
teen-shots.com
teen-tube-18.com
teen-tube-19.com
teen-tube-20.com
teen-tube-porn.com
teen-xxx-tube.net
teesla.site
teevotrade.com
tefitv.ru
tefonto.ru
tegam.kz
tegant.com
teginvpn.buzz
tegritypharma.com
tegro.money
tegsliv.ru
teg-lordfilm.ru
teh1xbet.com
tehbez.ru
tehcappoci.com
tehdiskont.ru
tehgaz.shop
tehgaz.space
tehkoms.ru
tehkotaksosro.com
tehleader.ru
tehlux.ru
tehmo.com
tehnadzor-21.ru
tehnika47.ru
tehniksb.ru
tehno72.ru
tehnocity-perm.ru
tehnodom29.ru
tehnod-59.ru
tehnoff63.ru
tehnofond.ru
tehnogig.ru
tehnoklimat56.ru
tehnonhorosproductions.com
tehnorus01.ru
tehnosadov.ru
tehnosat.com
tehnoset69.ru
tehnostroye.ru
tehnotekstil.ru
tehnotermltd.ru
tehnotomsk.ru
tehno-dom40.ru
tehno-ru.ru
tehno-stroi.ru
tehntranslate.ru
tehn-ozersk.ru
tehosmoter24.info
tehosmotr09.online
tehosmotr09.ru
tehosmotr24.com
tehosmotr24.info
tehosmotr61.ru
tehosmotrdk-avto.ru
tehosmotrekb.ru
tehosmotrs.online
tehosmotrss.pro
tehosmotr-auto.com
tehosmotr-dv.ru
tehosmotr-moscow.ru
tehosmotr-online.info
tehosmotr-online.org
tehosmotr-rsa.ru
tehosmotr-svao.ru
tehprog.ru
tehrekon.ru
tehresurs-ufa.ru
tehsil.biz
tehtaloon.ru
tehzvuk19.ru
teh-finance.ru
teh-grupp.ru
teh-talon.ru
teh-talon24.ru
tek53.ru
tek100.ru
teka-retail.ru
teka-studio.ru
tekengineers.ru
tekera.in
tekhnika-v-arendu.ru
tekhnogun.com
tekhnomol.ru
tekhosmotronline.com
tekhosmotr-online.info
tekiller.biz
tekiller.me
teknoblog.ru
teknosguru.ru
teksciki.pl
teksstandart.ru
teksti-pesen.pro
tekstovoi.ru
tekstyleeko.ru
tekst-pesni.org
tekst-pesni.ru
tektarif.ru
tekticks.com
tek-company-td.ru
tel0k.net
tel0k.online
telcompany.online
tele2centr.ru
tele2tarifs.ru
telebrands.ru
telecards.ru
telecharger-1xbet-apk.cfd
telecharger-1xbet-apk.click
telecharger-1xbet-apk.sbs
telecharger-musique-gratuite.eu
telecine7.ru
telecomline.ru
teledays.live
teledidar.tv
telefonet.ru
telefonu.top
telefon-tehpodderzhki.ru
teleg.cc
telega.one
telega24.store
telegahub.com
telega-blog.ru
telego9.net
telegonia.ru
telegra.ph
telegraf.news
telegrafist.org
telegrafua.com
telegram.dog
telegram.me
telegram.org
telegram.space
telegramas.ru
telegramcatalog.com
telegramchannels.me
telegramian.com
telegrammcasino.ru
telegrammkazino.ru
telegrammkazzino.ru
telegramm-casino.com
telegramm-casino.ru
telegrampro.ru
telegramvpnbot.ru
telegram-1.ru
telegram-casino.bet
telegram-casino.io
telegram-go.com
telegram-now.com
telegram-online.ru
telegram-vpn.org
telegrum.ru
telehub.org
telehub.ru
telekanalyonlain.ru
telekanalzoopark.ru
telekritika.ua
telele.ru
telemagi.ru
telemetr.io
telemip.ru
teleorakul.ru
teleportal.ua
teleportalworld.com
teleprogramma-film.site
telerga.ph
telesco.pe
telescopow.net
teleshow.club
teleskopov.net
teleskopow.net
telesnie-kolgotki.ru
telespec.ru
telespravochnik.org
telestata.ru
teletcomt.com
telethoninfon.ru
teletoria.ru
teletrade.org
teletrade-dj.com
teletresq.com
teletula.ru
televic-russia.ru
teleworld.ru
telezhkaeisk.ru
tele-catalog.ru
telhermes.com
telik.online
telio.kz
telki.cc
telki.site
telkimos.com
telkimos.net
telkimos.org
telkimsk.org
telkipiter.com
telkipiter.net
telkniga.com
telku-pytera.com
telku-pytera.org
telkymos.com
telkymsk.net
telkymsk.org
telkypiter.org
telkypitera.com
tellapart.com
tellltd.com
tell-story.ru
telmos-lordfilm.store
telochki.top
telohraniteli.online
telohraniteli2newsezon.online
telohraniteli2newsm.online
telohraniteli2sezon.online
telohraniteli2sezongo.online
telohraniteli2sezongoa.online
telohraniteli2sezons.online
telohraniteli2sezonsm.online
telohranitelil2.online
telohranitelil-lordfilm.online
telohranitelinewsezon.online
telohranitelis.online
telohraniteliserialfml.online
telohraniteliserialkny.online
telohraniteli-lordfilm.com
telohraniteli-lordfilm.online
telohraniteli-smotret.online
telohranitel-killera-lordfillm.ru
telonko.com
teloruxis-solution.com
telory.ru
telos-consulting.ru
telpassltd.com
telsaspace-x.com
telse.kz
tema.fund
temabar.ru
temanumrahamanah.com
temapack.ru
temari74.ru
temarot.pro
temimo.ru
temnayaloshadkavsesezony.online
temnye-nachala-lordfilm.com
temnyjdemon.online
temon-ger-go.cfd
temon-gter.cfd
temperaturavody.ru
tempfile.ru
templateinstant.ru
templatezone.ru
templeneman.ru
templeoffortune-slot.ru
templeofthewayoflight.org
templerfx.com
templerfx.org
templetumblemegaways.casino
tempmail.plus
temporary-email.org
temporary-phone-number.com
tempr.email
tempshop.ru
temptradexdfx.com
temp-mail.org
temza.site
tem-50.ru
tem-electro.ru
ten36.ru
tenagor.online
tenagor.ru
tenaro.icu
tenboost.ru
tencent-ltd.com
tencolombia.xyz
tenderlivingcare.net
tenderpas4.xyz
tendishop.online
tendishop.ru
tenebriskhabarovsk.ru
tenec.biz
tenec.bz
tenec.center
tenec.chat
tenec.click
tenec.cz
tenec.es
tenec.group
tenec.guru
tenec.li
tenec.life
tenec.link
tenec.live
tenec.me
tenec.ml
tenec.name
tenec.news
tenec.one
tenec.onl
tenec.org
tenec.pr
tenec.pro
tenec.pw
tenec.team
tenec.top
tenec.uk
tenec.vin
tenec.vip
tenec.work
tenec.works
tenec.world
tenec.ws
tenec1.top
tenerifexcursion.com
tenesoria.info
tenevoi.cc
tenevoy-forum.ru
tengcrb.ru
tengiz-rabota.kz
tengoku.ru
tenisi.kz
tenkofx.com
tennantinsulation.com
tennehumph.ru
tennis2.ru
tennisi.com
tennisi.kz
tennisi.tj
tennisi1.com
tennisi2.com
tennisi3.com
tennisi-1.net
tennisi-bk.net
tennisreal.ru
tennis-burg.ru
tennis-cska.ru
tennis-sklad.ru
tennis-ssr.ru
tenora.ru
tensee.ru
tenshigao.com
tensinclub.ru
tensorhold.com
tensorium-ai-system.com
tent42.ru
tentacleporn.net
tentcasino.xyz
tentipi-shop.ru
tentmsk.ru
tentnsk.ru
tentorium-moskow.ru
tentoveda.ru
tentron-mining.com
tentron-minings.com
tentutoto.org
tenvixplus.live
ten-x.ru
teodorfest.online
teodorfest.ru
teofilagordillo.xyz
teogsonuclari.com
teonanacatl.org
teonanakatl.org
teongastech.com
teonote.ru
teorija-bolshogo-vzryva-lordfilm.com
teoriya-stavok.ru
teotor.ru
teperikova-vl.ru
tepeustucicek.com
tepgrad.ru
teplica55.ru
teplicisevera.ru
teplicy-ekaterinburg.su
teplitsa-termos.ru
teplo.social
teploarmatura.com
teploceramic.biz
teplodivo.ru
teplogaztd.ru
teplogu.ru
teplohouse24.ru
teplokoff.ru
teplomarket26.ru
teplonomov.ru
teplopribor-s.ru
teplostar-auto.ru
teploten.ru
teplovauto.ru
teplovilla.ru
teplovod777.ru
teplovodocanal-bdb.ru
teplozvukoizol.ru
teplo-fom.ru
teplo-gaz21.ru
teplo-sovet.ru
teplydom-23.ru
tepoker.com
tepoker.org
tepokerok.com
tepokerok.net
tepokerok.org
teprevenciondesuicidio.com
teprevenciondesuicidio.top
teqra.com
teq-sv.ru
teracoin.cc
teradunev.online
teradunev.ru
terafootball.xyz
terafx.com
terago.ru
terapevtik.online
terapevtik.ru
terapiya-lordfiilm.ru
terapiya-lordfillms.ru
terapiya-lordfilms.ru
terapiya-lordseriall.ru
terapiya-lordserialls.ru
terapiya-lordserials.ru
terapya-serial.ru
tera-trade.com
terbuny1.ru
terceiroz.com
terdeti.ru
terem174.ru
teremok24.ru
teremok47.ru
teremok-kyt.ru
teremok-nt.ru
terenkollibrary.kz
tereshka.ru
terexholdings.com
terex-russia.ru
tereze-shkola.ru
terffexcraft.ru
teriberka51.ru
teriberka-prihod.ru
terikovnet.ru
terman-s.ru
termassanjose.com
termech.ru
terminal7.sbs
terminal-tol.ru
terminator.vodka
terminator43.ru
terminatorgenisys.ru
terminator-3.online
terminator-3.ru
termincin.com
termixstore.ru
termocar.ru
termofor-shop.ru
termoplex.ru
termosk.ru
termo-drevesina.ru
termo-ng.ru
teroni.ru
terovexis-software.com
teroxtrade.com
terracom-gas.ru
terracottaceramica.ru
terracrestholdings.com
terradarus.ru
terradocs.ru
terraform.io
terraguitar.ru
terraininc.com
terrakot-yarn.ru
terramara.ru
terramint.org
terranova-shops.ru
terraoks.ru
terrapiaspa.ru
terraprofits.com
terrassengrill.ru
terravesthub.com
terravirtuasolution.com
terravoltnexus.com
terra-bashkiria.info
terra-expo.com
terra-finance.co
terra-school.ru
terra-yoga.ru
terrelllogcabins.com
terremesu.it
terreplenish.com
terriercollection.ru
terrikon.com
territoria75.ru
territoriabar.ru
territoriyakino.ru
territoriya-cafe.ru
territoriya-travel.ru
territoriya-zla-lordfiilms.ru
territoryart.ru
territorydrive.ru
terrorxxx.com
terror-hdrezka.net
terrus.ru
terrymackeysblog.com
tersporta.ru
tersupi.uz
tertumot.pro
tertvor.ru
tervin-axorium-app.com
teryra.com
tesadvancedhub.com
tesainv.com
tesakot.pro
tescoinminers.com
tescoma-spb.ru
tesemka.com
tesha24.cc
teshosmotr.ru
tesla24.cc
tesla24.vip
tesla36.ru
teslacapitalfinance.com
teslacapitalhub.com
teslacexstockgroup.net
teslacoininc.net
teslacoinplatform.com
teslacryptomg.com
tesladigitalshare.com
teslael.ru
teslaelitespro.com
teslaelon.site
teslaequitypro.com
teslafastminning.com
teslaforum.org
teslafxpro.com
teslainvestmentedge.com
teslainvestmentpro.com
teslainvsinc.com
teslamarketoptions.com
teslaminingpips.com
teslaminingprogram.com
teslaoneinv.com
teslapathfinder.com
teslaplataforma.com
teslaprofits-capitals.com
teslaproject.ru
teslasmore.com
teslaspacexinvestments.com
teslasprime.com
teslastockfunding.com
teslastockinvestmentcompany.com
teslastocks-inc.net
teslatrademarket.com
teslatradesshareclub.com
teslatradingplatform.com
teslavaultx.com
teslaventuresinc.com
teslavestinc.org
teslavolttrades.com
teslavpn.shop
teslaxhorizon.com
teslaxplatform.com
teslaxstocks.com
tesla-docs.online
tesla-guide.online
tesla-guru.online
tesla-invest.org
tesla-investing.com
tesla-network.online
tesla-target.ru
tesla-wiki.online
tesla-x.eu
teslergenesis-engine.com
tesler-gpt.com
teslgo.space
teslivetrd.com
teslpacex.com
teslstok.com
teslxa.com
tesovo4adm.ru
teso-skills.ru
tespedia.ru
tessainnov.com
tessain-nov.me
tessotoint.ru
test99.ru
test234.at
test321.ru
testcars.ru
testconf.ru
testdayz.click
testedweed.com
tester178.ru
testercapital.com
testgenom.ru
testgkh.ru
testingteam12345.sbs
testjoin.com
testline.click
testmix.ru
testmobile.ru
testoietclown.com
testotvet.ru
testo-tools.ru
testpassport.ru
testprep.ru
testprepwizards.com
testprozz.click
testresult.org
testrychlosti.sk
test-bots-tg.ru
test-dnk-saratov.ru
test-help.ru
test-ipv6.com
test-the-best.ru
tesxvest.com
tes-invsments.com
tes-la.net
tes-terminal.com
tetamix.org
tetamuz.online
tetatetclub.ru
teterinfilm.ru
tete-leblog.com
tethermints.com
tether-rgold.com
tethex.io
tetisa.com
tetis-ks.ru
tetonas69.com
tetrad-smertii-animego.ru
tetrateqnix.net
tetra-finances.org
tetra-teqnix.link
tetrum.ru
tetv.top
teuch.ru
teui.ru
teu-forklifts.ru
tevas.cc
tevas.homes
tevas.pro
tevk-seti.ru
tevos-multfilms.ru
tevyrou7.ru
texacc.ru
texagroup.ru
texasbukkake.com
texasdredging.com
texaspattiusa.com
texasvippharmacy.com
texas-nedv.ru
texavaulits.org
texgaz.online
texlav.ru
texnics.ru
texnikasvarka.ru
texnika-dv.ru
texnometall.ru
texocmotpa.net
texosmotrbezauto.ru
texosmotronlinedv.ru
texosmotrvsem.ru
texosmotr-24.ru
texperspektiva.ru
texpoldev.com
texpro24.ru
texproc.ru
texstar-nsk.ru
texster.ru
texstilstore.ru
textbooks1-11.ru
textileartscenter.com
textilejourney.com
textilemap.com
textilemed.ru
textileweek.online
textile-cotton.ru
textile-moscow.ru
textil-city.com
textil-kmv.ru
textil-stolitsa.ru
textmark.ru
textmp3.ru
textovenapesni.com
textpesni.org
textpesni2.ru
textrunet.ru
textslib.com
textstyle.ru
texturedcards.ru
textygram.ru
text-darknet.info
text-songs.ru
texva.ru
tex-dom.ru
tex-imp.ru
tey.ru
teyes-msk.ru
teymur.ru
teyssen.be
tezars.ru
tezgoal.com
tezl.ru
tezosepicor-soft.com
te-parts.ru
te-pro.com
te-sharedx-groups.xyz
te-st.org
te-st.ru
te-studio.ru
te-teen.com
te-xgroup-platform.cfd
tf1info.fr
tf2hunt.com
tf2tp.com
tf7pokerdom.com
tfarmalandse.ru
tfbzaim.ru
tfg.company
tfg.su
tfg-trade.de
tfhlordfilm.ru
tfile.cc
tfile.co
tfile1.cc
tfile-music.cc
tfilm.cc
tfilm.club
tfilm.co
tfk-evatrans.ru
tforeanda.ru
tfpforum.ru
tfr-lordfilm.ru
tfsbrokerage.com
tfstokenfairspin.com
tfxc.pro
tf-joycasino.top
tf-lordfilm.ru
tf-sniiggims.ru
tg.dev
tg18.net
tg063.ru
tg96.ru
tga-lordfilm.ru
tga-studio.com
tgbase.lol
tgbase.ru
tgc9.ru
tgccts.com
tgccts.xyz
tgchatbot.shop
tgcreator.ru
tgcts.online
tgdatingup.com
tggepaneta.ru
tgglazboga.ru
tgirlforums.com
tgirlsfuck.net
tgirlsporn.xyz
tgirlvid.com
tgi-global.com
tgk31top.com
tgk247.biz
tgkana.com
tgkboss.site
tgknsk.ru
tglyt.co
tgmssg.ru
tgmx.ru
tgm-lordfilm.ru
tgnews.ru
tgpgk.ru
tgpush.ru
tgscanner.ru
tgsearching.com
tgshare.ru
tgsliv.com
tgsliv.lol
tgsliv.net
tgsmarkets.pro
tgsport.ru
tgs-bani.ru
tgs-m.ru
tgtracker.net
tgtsporn.com
tgunoptics.ru
tgurl.tv
tgu-nsk.ru
tg-adult.com
tg-azino.org
tg-bet.com
tg-bf.com
tg-bot.pro
tg-commercial.ru
tg-go4win.ru
tg-open.com
tg-opena3.com
tg-openai4.com
tg-org.xyz
tg-osint.org
tg-room.ru
tg-sliv.ru
tg-slivator.ru
th7pokerdom.com
th77pokerdom.xyz
thagorasbit.online
thagta.ru
thaiasian.fr
thaichokdee.ru
thaicream.ru
thaigirlswild.com
thaigreenlab.net
thaihdfuck.com
thaihdvideos.com
thailandhome.ru
thailand-forex.com
thainkary.com
thaipattaraspa.ru
thaiporna.com
thaipornfilms.com
thaipornhd.com
thaipornsex.com
thaiporntube.name
thaiporntubes.com
thaisabai.ru
thaisexa.com
thaisexx.com
thaiskietovari.ru
thaitableware.com
thaitv.info
thaiway13.ru
thaixfilms.com
thaixmovies.com
thaixsex.com
thaixtube.com
thaixtubes.com
thalivancesoftware.com
thalivance-engine.com
thames-ai.net
thanatos.biz
thaoduocpqa.com
thatpervert.com
thatsitcomshow.com
thatsnot-myneighbor.io
thatswhatshesaidboston.com
thawealthtree.com
thbc.com
thcbulksupplies.com
thccanada.ca
thccanapa.com
thcgrashaus.com
thcgummiessupply.com
thclips.com
thcnet.com
thctrip.eu
thcvapesoil.com
thcvapesshop.com
thc-specialist.nl
the.casino
the4.ru
the5ers.com
the7k.casino
the9thfloor.com
the24vulcan.org
the420times.com
theadhdadviser.com
theadverland.com
theageoffootball.com
theaidream.com
thealarmco.com
thealrightmaybes.com
theanime.today
theanime.top
theapextrad.com
theatelierworkshop.com
theater-hopes-expectations.com
theater-perovo.ru
theater-school.ru
theathletesnexus.com
theatlantic.com
theatreofdreams.ru
theatretabard.click
theatretabard.com
theatretabard.info
theatre-u.ru
theaudiostars.com
theautoremont.ru
theaviatorgames.com
theazcs.com
theazino777slots.top
theb1bet.top
thebalmofficial.ru
thebantusun.com
thebarchive.com
thebarentsobserver.com
thebaskakerengroup.com
thebattle.club
thebbi.org
thebeatlesfest.ru
thebell.io
thebell.media
thebell.us
thebellmirror.com
thebellmirror3.com
thebellmirror4.com
thebellmirror5.com
thebellmirror6.com
thebellmirror7.com
thebellmirror8.com
thebellmirror10.site
thebellmirror12.site
thebellmirror13.site
thebellmirror14.site
thebest.world
thebestcasino2025.space
thebestdance.com
thebestfetishsites.com
thebestforyourself.ru
thebestindividualki.store
thebestindixx.store
thebestindx.store
thebestsalvia.com
thebestsecretary.ru
thebestwaytosaygoodbye.com
thebestxind.store
thebestxindi.store
thebest-fruitfarm.ru
thebetandreas.com
thebetvulkan.com
thebetwinner.ru
thebf.ru
thebicyclecrew.com
thebigtheone.com
thebigtrip.ru
thebiskuits.com
thebitcoinstrip.com
thebitlaxlab.com
theblackjoyfoundation.net
theblondebeans.com
thebooi.com
thebooi.fun
thebooi.info
thebooi.one
thebooi.org
thebooi.press
thebooi.pro
thebooi.shop
thebooi.site
thebooi.space
thebooi.store
thebooi.tech
thebooi.website
thebooi777.com
thebooi777.one
thebooi777.org
thebooi777.pro
thebooi777.ru
thebooi777.shop
thebooi777.site
thebooi777.tech
thebooi777.website
thebooic.com
thebooic.io
thebooic.pro
thebooic.shop
thebooic.site
thebooic.space
thebooic.store
thebooic.tech
thebooic.website
thebooicasino.com
thebooicasino.pro
thebooicasino.shop
thebooicasino.site
thebooik.info
thebooik.pro
thebooik.shop
thebooik.site
thebooik.space
thebooik.tech
thebooik.website
theboois.com
theboois.pro
theboois.shop
theboois.tech
thebooix.com
thebooix.info
thebooix.press
thebooix.pro
thebooix.shop
thebooix.space
thebooix.store
thebooix.tech
thebooix.website
thebooi-777.com
thebooi-777.pro
thebooi-777.shop
thebooi-777.site
thebooi-777.tech
thebook.pub
thebouldergardens.com
thebowl.moscow
thebows.ru
thebriskogainai.net
thebrla.com
thebronetwork.com
thebucketproblem.com
thebudvendor.com
thebutchersisters.com
thebutterflyheart.net
thebuttkicker.su
thecaliforniapines.com
thecambabes.com
thecapit.info
thecapitalhunter.com
thecardoctorsav.com
thecasinoheat.ca
thecasinomidas.com
thecasinonotes.ru
thecasinoreview.ru
thecasinoshark.com
thecasinowizard.com
thechampions.ru
thechechenpress.com
thechefonline.com
thechosencompany.org
thecirchotel.com
theclubhousecasino.com
thecoach.top
thecodex.network
thecollection.ru
thecompstore.ru
thecrackstreams.live
thecrackstreams.net
thecrginc.com
thecricbaba.com
thecryptostrip.com
thecwhl.com
thedaddy.top
thedailysojourner.com
thedea.org
thedeafcollective.org
thedi.ru
thedigitalmarketinginstitute.org
thedigitalsuccesspartner.com
thedinner.film
thedisabledfoodie.com
thedivingbug.com
thedoghousecasino.ru
thedoghousemegaways.com
thedoghousemegawaysslot.online
thedoghouses.casino
thedoghouseslot.biz
thedoghouseslot.online
thedoghouseslot.xyz
thedoghouse-megaways.ru
thedoghouse-play.com
thedoghouse-slots.ru
thedogtrainingsecret.com
thedog-house.ru
thedopemaster.com
thedowjonesindustrialaverage.org
thedutchcartel.com
thedynamic.cfd
theecoalliance.org
theecology.ru
theelementscoconutwater.com
theelitegainers.com
theembroideryconnection.com
theemf.org
theemosex.com
theenddessertcompany.com
theepochtimes.com
theeproxy.com
thefalconmarkets.com
thefap.net
thefappening.plus
thefappeningblog.com
thefastcode.net
thefinancetrading.com
thefinancialdojo.com
thefinivex.com
thefinixpro.com
thefior.ru
thefirstcup.ru
thefirstedition.com
thefirstfounders.com
thefirst-crew.ru
theflagman.net
theflixer.tv
theflowerinfusedcocktail.com
theflowers.su
theflowery.co
thefluxorbeamai.com
thefootlanding.com
theforex4you.com
theforexmart.com
thefortross.ru
thefrankcasin0.com
thefreshdumps.su
thefrontrow.kz
thefuturehealthsolutions.com
thefyronexdriftorgpt.com
thegadgettechworld.com
thegallerystudio.ru
thegamblingforum.com
thegamehaus.com
thegamepoint.io
thegamescasino.com
thegay.beauty
thegay.cc
thegay.click
thegay.com
thegay.porn
thegay.tube
thegay18.com
thegaze.media
thegeekality.com
thegenesispublishing.com
theggbet.com
theghostsofjeju.net
theglittergoddesscollective.org
theglobalfund.org
theglobalobservatory.org
theglobalsagefinance.com
theglobalseedtrust.org
thegoldrushgroup.com
thegooddoctor.ru
thegooddrugsguide.com
thegoodfight.ru
thegoodland.vn
thegreateststorynevertold.tv
thegreek.com
thegreenace.org
thegreenfx.com
thegreenkart.com
thegreenmates.is
thegreenroute.pro
thegreenvoyage.com
thegserwfwerg.pro
thegutuproject.com
theguysite.org
thehacedor.com
thehandprints.com
thehasper.com
thehedgeproplatform.live
thehempcollect.com
thehempdoctor.com
thehentai.net
thehentaicomics.com
thehentaiworld.com
theherbalempire.com
thehereticspeaker.com
thehiddenbay.com
thehighlife.club
thehomesport.com
thehorizon-gold.com
thehotslot.com
thehun.net
thehunterfarm.org
thehutch.com
thehyipforum.ru
thehypecasino.com
thehypeshop.ru
theibcexplained.com
theimmediateforce.com
theimmediateyboost.com
theimmediate-avonex.com
theimmediate-imovax.com
theimmediate-synergy.com
theincest.net
theincredibleballoonmachine.com
theindecent.me
theins.club
theins.co
theins.info
theins.press
theins.ru
theins.today
theinsider.digital
theinsider.life
theinsider.pro
theinsider.ru
theinsider.today
theinsider.world
theintereactivebk.com
theinternationallegion.org
theinvestsure.com
theirule.com
theirwin1.top
thejibdoor.ru
thejoreseproject.com
thejoycasino-ru.com
thejozz.com
thejozz.fun
thejozz.one
thejozz.online
thejozz.org
thejozz.press
thejozz.pro
thejozz.shop
thejozz.site
thejozz.space
thejozz.store
thejozz.tech
thejozz.website
thejozz777.shop
thejozz777.site
thejozzcasino.com
thejozzcasino.pro
thejozzcasino.shop
thejozzcasino.site
thejozzer.com
thejozzer.org
thejozzer.pro
thejozzer.shop
thejozzer.site
thejozzer.space
thejozzes.com
thejozzes.org
thejozzes.pro
thejozzes.shop
thejozzes.site
thejozzes.space
thejozzes.store
thejozzes.tech
thejozzes.website
thejozzex.com
thejozzex.info
thejozzex.org
thejozzex.press
thejozzex.pro
thejozzex.shop
thejozzex.site
thejozz-777.site
thekarups.com
thekeifcoin.com
thekiev.city
thekillustrator.com
thekingofdomains1.com
thekingofdomains2.com
thekingofdomains3.com
thekingofdomains5.com
thekingofdomains6.com
thekingofdomains7.com
thekingofdomains8.com
thekingofdomains9.com
thekingofdomains10.com
thekingofdomains11.com
thekingofdomains12.com
thekingofdomains13.com
thekino.ru
thekokiris.net
thekuhnja.ru
thelaminator.net
thelandinglogic.com
thelaptoplegend.net
thelastchance.ru
thelasten.online
thelasten.ru
thelavendereffect.org
theleaksbay.com
thelemonapp.com
theletter.ru
thelexiconmag.com
thelibertybookcompany.com
thelistlove.com
thelittledominican.com
thelittlehumpbackedhorse.com
theliverpoolginfestival.com
thelivingdeads.com
thelobbyx.com
thelobsterzone.com
thelocalorb.com
thelocalshakers.com
thelodgecannabis.com
theloft.su
thelondonumbrellaseller.com
thelordfilm.ru
thelott.com
thelotter.com
thelotterytickets.info
thelstudios.ru
theluckybear.ru
theluckyjet.games
theluckyway.ru
theluminars.com
themaleconbar.com
themariashop.com
themarijuanaconsumer.com
themarvelcasino.com
themasqueco.co
thematadors.ru
thematureporn.net
thematurepornpics.com
thematuresexpics.com
thematuresluts.com
themcdonalds.com
themed.cab
themelbet.ru
themelbetcasino.ru
themeletegroup.com
themeport.net
themessage.com
themestudio.support
themetabiz.io
themilfmovies.pro
themillionairenurse.com
themirror.wiki
themodafinil.org
themodelhouse.tv
themonkeyplanet.com
themoonrest.ru
themoscowtimes.com
themostbet.com
themoviedb.org
themusic.su
thenannyspecialist.com
thenaturism.com
thenaturism.xyz
thenbsclan.com
thenesteggcountrystore.com
thenewbardots.com
thenewbohemian.ru
thenewfoundlanding.ca
thenewpiratebay.org
thenewsit.ru
thenewspocket.com
thenewtab.io
thenewtab.support
thenexus-wealth-ai.com
thenipslip.com
thenude.cc
thenude.com
thenudism.al
thenudism.ru
thenudism.site
thenuntrades.com
theoldgloryrun.com
theonline.casino
theonlinecasinogamblingdirectory.com
theopennet.ru
theothersby.org
theothertentacle.com
theox.ru
thepage.ua
theparadise8casino.com
thepassednotereview.com
thepaysites.com
thepeaceprojectmeditations.com
thepeopleimage.net
thepharm24.ru
thepharma.media
thepharmakonllc.com
thephins.com
thephoto.bar
thepinehillgroups.com
thepiratebay0.org
thepiratebay.asia
thepiratebay.cloud
thepiratebay.gl
thepiratebay.help
thepiratebay.host
thepiratebay.org
thepiratebay.party
thepiratebay.plus
thepiratebay.zone
thepiratebay1.to
thepiratebay2.to
thepiratebay3.co
thepiratebay7.com
thepiratebay10.info
thepiratebay10.org
thepiratebay10.xyz
thepiratebay11.com
thepiratebay33.org
thepiratebaye.org
thepiratebayproxy.net
thepiratebayproxy.xyz
thepiratebays.best
thepiratebays.click
thepiratebays.fun
thepiratebays.lat
thepiratebays.lol
thepiratebays.top
thepiratebays.xyz
thepiratebayx.org
thepisgahproject.com
theplatformgarden.com
theplato.ru
theplayfortuna.biz
theplayfortuna.com
theplayfortuna.fun
theplayfortuna.info
theplayfortuna.one
theplayfortuna.online
theplayfortuna.org
theplayfortuna.press
theplayfortuna.pro
theplayfortuna.ru
theplayfortuna.shop
theplayfortuna.site
theplayfortuna.space
theplayfortuna.tech
theplayfortuna.website
theplayfortuna1.ru
theplayfortuna2.ru
theplayfortuna3.ru
theplayfortuna4.ru
theplayfortuna7.ru
theplayfortuna77.com
theplayfortuna777.com
theplayfortuna777.online
theplayfortuna777.pro
theplayfortuna777.ru
theplayfortuna777.site
theplayfortuna777.tech
theplayfortunaa.com
theplayfortunaa.online
theplayfortunaa.pro
theplayfortunaa.shop
theplayfortunaa.site
theplayfortunaa.tech
theplayfortunac.com
theplayfortunac.info
theplayfortunac.org
theplayfortunac.press
theplayfortunac.pro
theplayfortunac.ru
theplayfortunac.site
theplayfortunac.tech
theplayfortunac.website
theplayfortunacc.com
theplayfortunacc.info
theplayfortunacc.site
theplayfortunacc.website
theplayfortunas.com
theplayfortunas.info
theplayfortunas.online
theplayfortunas.org
theplayfortunas.press
theplayfortunas.pro
theplayfortunas.ru
theplayfortunas.shop
theplayfortunas.store
theplayfortunas.tech
theplayfortunas.website
theplayfortunass.com
theplayfortunass.pro
theplayfortunass.shop
theplayfortunass.site
theplayfortunass.store
theplayfortunax.com
theplayfortunax.info
theplayfortunax.one
theplayfortunax.press
theplayfortunax.pro
theplayfortunax.ru
theplayfortunax.shop
theplayfortunax.site
theplayfortunax.space
theplayfortunax.tech
theplayfortuna-777.online
theplayfortunec.com
theplayfortunec.shop
theplayfortunec777.shop
theplayfortunec-777.pro
theplayfortunes.com
theplayfortunes.org
theplayfortunes.pro
theplayfortunes.shop
theplayfortunes.site
theplayfortunes.store
theplayfortunes.tech
theplayfortunes777.tech
theplayfortunex.com
theplayfortunex.org
theplayfortunex.pro
theplayfortunex.shop
theplayfortunex.site
theplayfortunex.tech
theplayortuna.net
theplay-fortuna.com
theplay-fortuna.online
theplay-fortuna.org
theplay-fortuna.pro
theplay-fortuna.site
theplay-fortuna.space
theplay-fortuna.website
thepogg.com
thepoison.pw
thepokerguru.ru
thepokernotes.ru
thepokerok.com
thepokerok365.com
thepokerok365.org
thepool.pw
thepornarea.com
theporndude.com
theporndude.vip
thepornfolio.com
thepornfull.net
theporngod.com
thepornguy.org
thepornjoy.org
thepornlinks.com
thepornmap.com
thepornplus.com
thepornroom.com
theporny.com
thepovgod.com
thepowerofcbdoil.com
thepragmatictech.com
thepraktika.ru
theprepperproject.com
theprimelimited.com
theprimemarkets.com
theprimetrades.net
theprimetraxpro.org
theprimewaves.com
theproductbusiness.com
theproductcool.com
theprofitdesk.com
theprofxsignals.com
theproxies.net
theproxy.info
theproxy.ink
theproxya.org
theproxyer.com
theproxyium.com
thepsyberproject.com
thepsychedelicsmushroom.com
thepsycho.ru
thepulseprofit.com
theputinmovie.com
thequantumprime-profit.com
thequantum-apex.com
thequantum-flash.com
thequinntessentialmommy.com
therapeuticpsilocybinstore.com
theraplora.com
therapy38irk.ru
therapywithflo.com
therarbg.com
thereaderwiki.com
therealducat.ru
therealmarijuanashop.com
therealseedcompany.com
therealworkout.com
therealworldelites.com
thereplica.io
theresathread.com
theretrosignal.com
thereviewscasino.com
thereviewscasinos.com
thereznikgroup.ru
theriobetcasino.com
theriobetcasino.ru
therisefx.com
thermocube.ru
thermogear.ru
thermokirov.ru
thermomaxcontrol.in
thermomix-recipe.ru
thermopolsrl.com
thermoscope.ru
thermoshkaf.ru
thermo-glass-bel.ru
thermy.ru
theroadthatkilledacity.com
therockcut.ca
therollingshop.com
therootsfest.org
theroxcasino.com
theroyalsnus.com
therunawayfour.com
therussiantimes.com
therussiaprogram.org
thervcasino.com
thesad.ru
thesafety.us
thesanctuaryca.com
thesataniccircle.org
thesatanictemple.com
thesatanictemple.tv
thescattube.com
theseedfair.com
theserials.online
thesexbomb.com
thesexcloud.com
thesgacademy.eu
theshemale.xxx
theshocker.xxx
theshredtactic.com
theshroomsshop.com
thesilkroadny.com
thesimplehomeschool.com
theskurka.com
theslice.pizza
theslidebarchicago.com
thesoria.info
thesoundofphonk.ru
thesourcedenver.com
thespacereview.com
thespectrumconference.org
thespincity-casino.com
thesports1.com
thesquare.kz
thestand.ru
thestarlers.com
thestarthrowers.com
thestonecup.com
thestonefish.net
thestraphouse.ca
thestylerecord.com
thesunpetersburg.com
thesweetbonanza.com
theswiftearntra.com
thetalkingthyroid.com
thetanexaflowsystem.com
thetanexaflow-system.com
thetarget.ru
theteahouse.ru
theteenxxx.com
theteenxxx.pro
thethirtysomethingcoach.com
thethothub.com
thetinyveganlife.com
thetopclub.ru
thetoplotto.com
thetoroglobal.com
thetoro-global.com
thetraderspath.com
thetradeskills.com
thetranny.com
thetransformation.co
thetreecbd.com
thetrevorproject.org
thetruestory.news
thetrustai.com
thetsarapinoff.ru
thetwinks.net
theuglyminute.com
theuk.one
theukrainianexpat.com
theukrainians.org
theunbrokenwindow.com
theundergroundcafe828.com
theunos.com
theunsentproject.org
theusualatl.com
thevavada.com
thevegaspost.com
theveyltronpulseapp.com
thevideoporn.pro
thevirtual.show
thevirtualgames.com
thevlad.ru
thewallstreetexchange.io
thewallswillfall.com
thewayofimprovement.com
thewayofmercy.ru
thewear.club
theweathfrontassets.com
theweddingformat.com
thewellwrittenwoman.com
thewhitestyle.ru
thewhiteswan.co
thewholesalercbd.com
thewildhive.com
thewillywinch.com
thewinity.com
thewinpro.com
thewitcher-online.ru
theworld.org
theworldnews.net
thexbestind.store
thexxxtherapist.com
theyaregays.com
theyatrade.group
theyatrade.ltd
theyearofterror.com
theyellowpet.pro
theyiffgallery.com
theylovetoeat.com
theync.com
theync.org
theyogamile.com
thezenithatthefisher.com
thezenmarket.com
the-30-minutetrader.live
the-accel.ru
the-ai-botiplex.com
the-aviator-game.com
the-avto.ru
the-battle.club
the-best-casinos-online.com
the-best-shlyuha.ru
the-bets.xyz
the-bit2urex.com
the-bitcoin-vertex.com
the-biticodes.com
the-booi.com
the-booi.info
the-booi.online
the-booi.press
the-booi.pro
the-booi.shop
the-booi.site
the-booi.tech
the-booi.website
the-booi777.com
the-booi777.pro
the-booi777.shop
the-booi777.tech
the-booi777.website
the-booic.com
the-booic.pro
the-booic.shop
the-booic.site
the-booic.tech
the-booik.com
the-booik.shop
the-booik.site
the-boois.com
the-boois.pro
the-boois.shop
the-boois.site
the-booix.com
the-booix.pro
the-booix.shop
the-booix.tech
the-booi-777.com
the-booi-777.pro
the-booi-777.site
the-booi-casino.com
the-booi-casino.pro
the-booi-casino.shop
the-booi-casino.site
the-booi-casino.tech
the-boys.cam
the-boys.cc
the-boys.onl
the-boys.org
the-boys.top
the-business-of-events.com
the-cinema.biz
the-cinema.blog
the-cinema.life
the-cinema.net
the-cinema.online
the-cinema.space
the-cinema.team
the-cinema.top
the-cinema4.online
the-days.ru
the-digital-garden.ru
the-dinhexgpt.com
the-dog-collection.ru
the-dog-house.org
the-dog-house.xyz
the-evolutionworld.org
the-film.ru
the-financial-frontier.com
the-fund.ru
the-gama-lordfilm.ru
the-games-online.com
the-game-lordfilm.ru
the-gates-of-olympus.com
the-gentlemens.com
the-girl-with-the-dragon-tattoo-lordfilm.ru
the-gmslots.email
the-gpt-definity-ai.com
the-hangover-lordfilms.ru
the-hdrezka.by
the-hdrezka.com
the-hdrezka.net
the-honor.ru
the-housemovie.com
the-immediateai.com
the-impulse.com
the-jozz.com
the-jozz.pro
the-jozz.shop
the-jozz.site
the-jozz.tech
the-jozzcasino.com
the-jozzcasino.shop
the-jozzcasino.site
the-jozzcasino777.com
the-jozzcasino777.pro
the-jozzcasino-777.com
the-jozzer.com
the-jozzer.pro
the-jozzer.shop
the-jozzer.site
the-jozzer.tech
the-jozzes.site
the-jozzes.tech
the-jozzex.com
the-jozzex.info
the-jozzex.org
the-jozzex.press
the-jozzex.pro
the-jozzex.shop
the-jozzex.space
the-jozzex.store
the-jozzex.tech
the-jozzex.website
the-jozz-777.shop
the-jozz-777.site
the-jozz-casino.com
the-jozz-casino.online
the-jozz-casino.pro
the-jozz-casino.shop
the-jozz-casino.site
the-jozz-casino.tech
the-kinogo.biz
the-kinogo.club
the-kinogo.com
the-kinogo.net
the-kiresidences.com
the-legalcenter.com
the-librarian.ru
the-lichi.online
the-lichi.ru
the-lombard.ru
the-lordfilm.top
the-lord-of-the-rings-lordfilm.ru
the-l-word.net
the-madmen.ru
the-mafia.net
the-magnificant-seven-lordfilm.ru
the-middle-ages.ru
the-minecraft.ru
the-moscowpost.ru
the-mustache.ru
the-nakad-gun-lordfilm.ru
the-northwind.com
the-nudism.xyz
the-ockam.com
the-ord.ru
the-ordinary.ru
the-pasport.com
the-pasportist.com
the-people-talk.ru
the-pin-up-site-9.top
the-pivo.ru
the-playfortuna.com
the-playfortuna.fun
the-playfortuna.online
the-playfortuna.pro
the-playfortuna.ru
the-playfortuna.shop
the-playfortuna.site
the-playfortuna.tech
the-playfortuna.website
the-playfortuna777.com
the-playfortuna777.pro
the-playfortuna777.shop
the-playfortuna777.site
the-playfortunac.com
the-playfortunac.ru
the-playfortunac.shop
the-playfortunac.site
the-playfortunac.space
the-playfortunac.tech
the-playfortunac.website
the-playfortunacc.com
the-playfortunacc.pro
the-playfortunacc.shop
the-playfortunacc.space
the-playfortunacc.tech
the-playfortunas.com
the-playfortunas.pro
the-playfortunas.shop
the-playfortunas.site
the-playfortunas.space
the-playfortunas.tech
the-playfortunas.website
the-playfortunass.com
the-playfortunass.info
the-playfortunass.shop
the-playfortunass.website
the-playfortunax.com
the-playfortunax.pro
the-playfortunax.ru
the-playfortunax.shop
the-playfortunax.site
the-playfortunax.space
the-playfortunax.store
the-playfortunax.tech
the-playfortunax.website
the-playfortunaxx.pro
the-play-fortuna.fun
the-play-fortuna.pro
the-play-fortuna.shop
the-play-fortuna.site
the-play-fortuna.tech
the-quantumflash.com
the-quantumsystemapp.com
the-quantum-evortexapp.com
the-quantum-system-app.com
the-rasmus.ru
the-rats-online.ru
the-review.ru
the-riobet.online
the-riobet.ru
the-rio-bet.online
the-rio-bet.ru
the-rio-bets.online
the-rox-casino.com
the-rox-casino.net
the-rox-casino.org
the-rox-casino.pro
the-rox-casino.xyz
the-rutor.info
the-rutor.online
the-rutor.org
the-ryphormercadoapp-news.com
the-simpsonsporn.com
the-simpsonsxxx.com
the-spin-city.com
the-spin-city-casino.com
the-spin-city-casino1.com
the-spin-city-casino2.com
the-spin-city-casino4.com
the-teen-girl.com
the-top-casino.com
the-village.ru
the-violet.xyz
the-vodka.ru
the-vulkan777.com
the-walking-dead-serials.ru
the-witcher-tv.ru
the-world-wave.com
the-xcasino.com
the-zabor.ru
thfmu.com
thgrow.com
thhomedecor.com
thicknudes.com
thiendia1.vip
thiennongbp.com
thietbikhachsans.com
thietkesanvuondn.vn
thietkewebsaoviet.com
thievingly.info
thie-lordfilm.top
thimbles-1xbet.cfd
thimbles-1xbet.sbs
thinkandplan.com
thinkelityx.com
thinkelium.com
thinkell.com
thinkenzy.com
thinkhealthy.bio
thinksisu.org
thinkvasava.com
thinkzatarain.com
think-game.com
thinstuff.ru
thirdeyenations.com
thirdeyete.com
third-reich-books.com
thisav2.com
thisdomainwastaken.com
thisflow.xyz
thisishorosho.ru
thisismylife.ru
thisisus.ru
thisisvegas.com
thismanga.com
thissite.ru
thisvid.com
thisvidscat.com
thisvidscat.net
this-was.com
thkmg.kz
thlicey.ru
thomasmooreillustrates.com
thompsonbd.com
thonimaraboutik.eu
thonny.org
thorcable.ru
thornhill-fundex-soft.com
thotbook.gg
thotdeep.com
thotflix.com
thothd.com
thothd.to
thothub.ch
thothub.is
thothub.lol
thothub.mx
thothub.org
thothub.to
thothub.vip
thothub.win
threadnz.com
threadreaderapp.com
threadrta.com
threed-chains.com
threelol.com
threema.ch
threeoldmen.ru
threeriverscapitalwealth.com
thriftywayonlinepharmacy.com
thrillteam.space
thrissurhomes.com
thrivecapitallimited.com
thriveil.com
thriveinstore.xyz
thrivenevada.com
throatlust.com
thrones-online.fun
thrones-online.su
thrones-tv.com
thrones-tv.su
thronevestsignals.pro
thryambition.com
thrybeam.com
thrycreator.com
thryelevate.com
thryelevation.com
thryignition.com
thrylogic.com
thrylogicus.com
thrymomentum.com
thrynovae.com
thryprogress.com
thryuplift.com
thryuplifter.com
thryvecapital.io
thryventure.com
thryvictoria.com
thryvision.com
thryzenith.com
thsbo333.com
thucydides.info
thumbs.pro
thumbsnap.com
thunderboltunion.uk
thundercharts.com
thunderfxus.com
thunderpick.com
thunderroadstexas.com
thunderstruck2.casino
thunder-vpn.info
thuonghieunguoiviet.com
thuyetphap.net
thx88tb991.com
thx-lordfilm.ru
thyrobot.ru
thyroidcancer.ru
th-1x.com
th-1xbet.com
th-1x-bet.com
th-cam.com
th-lordfilm.ru
ti.capital
ti.com
ti77pokerdom.com
ti77pokerdom.xyz
tiaglin.com
tialdv.ru
tibet-center.ru
tibl.ru
tica-ru.ru
ticketmix.ru
ticket-lordfilm.ru
ticket-lordfilm.store
tickle.porn
tickmillassets.com
tico-dim.com
ticservice.ru
tictacsex.com
ticuba.online
ticv.top
tic-tac.fun
tidal.com
tidbi.ru
tidido.com
tidyhome.ru
tiea.info
tieget.com
tiekoetter.com
tierlists.com
tierramadre.es
tiesos.lt
tifarx.ru
tifenny.ru
tiffest.com
tifilm.com
tiflolab.ru
tifulgemel.com
tigerdecristal.ru
tigerfire.biz
tigergaming.ru
tiger-one.eu
tiger-sms.com
tiger-team.ru
tightassanal.com
tightasspics.com
tightbaldpussy.com
tightpussysex.com
tightroperecords.com
tight-twats.com
tigirussia.ru
tigonpro.ru
tigra66.ru
tigrakids.ru
tigrecristal.xyz
tigredecristal.net
tigredecristall.one
tigredecristall.ru
tigredecristal-vladivostok.online
tigre-decristal.ru
tigre-decristal.site
tigre-de-cristal.ru
tigris-stroy.ru
tigrr-market.ru
tigruscat.ru
tiguan-shop.ru
tigytey4.ru
tih24.biz
tih24.io
tihagavana.ru
tihasaiuu.org
tihaya-pristan31.ru
tihblag.ru
tihiygorod.ru
tihiy-ugol.ru
tihmenevo-cd.ru
tihoe-mesto-film.ru
tihonow.ru
tihvinskiyhram.ru
tih-bekon.ru
tiinsk.ru
tiiu.ru
tik.porn
tikcine.ru
tikhvindosaaf.ru
tikin.ru
tikkuo5.com
tikkurila-powder.ru
tikserii.cyou
tiktok.com
tiktokari.ru
tiktokcoach.ru
tiktokv.com
tiktok-nov.ru
tiktuk.kz
tikvpn.ru
tik-tak.com
tilavqerom.ru
tildaua.kz
tilda-mania.ru
tilkomgita.online
tilkomgita.ru
tillgangbrevox.com
tilqarfexom.ru
tilqarfomzu.ru
tilqazomir.ru
tilqexorim.ru
tilttolo.online
tilttolo.ru
tilzurvo.com
til-zv.net
timberland.com
timbersi.online
timbersi.ru
timcast.com
timdov.ru
time2help.org
time4film.ru
time4tv.stream
timealko24bar.online
timeatapp.com
timebizclub.ru
timecashauto.ru
timefitness34.ru
timefox.org
timehd.club
timehd.org
timehd.top
timehd1.top
timelesshourglass.com
timemarkets.com
timenote.info
timeofbet.com
timeout.com
timepost.info
timerus.ru
timesale.top
timesec.biz
timesec1.biz
timesec2.com
timesecret.biz
timeserials.ru
timeserialx.ru
timeserialz.ru
timesiti.org
timesmoke.ru
timesnews.io
timesofmalta.com
timesofrising.com
timesports.xyz
times-gr.ru
timetodrink.ru
timetoteens.com
timetowisdom.ru
timetube.ru
timeua.info
timewed.ru
timezaim.ru
time-forex.com
time-hunter.ru
time-mx.com
time-nk.ru
time-nord.ru
time-online.by
time-secret.biz
time-stroy.ru
time-svodka.ru
time-to-live.online
time-to-live.ru
timhost.ru
timiryazewets.ru
timnuz.ru
timora.info
timothymartinezdmd.com
timplay.ru
timpul.md
timrom.ru
timskoe.ru
timsmith.com
timstep.com
timue.com
timurich.ru
timurkagirov.ru
timurtrading.com
tim-izh.ru
tim-marafon.ru
tinajaspanama.com
tinder.com
tineodin.ru
tinexcapital.com
tinfeathers.com
tingasof.com
tingered.ru
tinkantrust.com
tinkerbell.ru
tinkercad.com
tinkoffarena.ru
tinkoffcasino.ru
tinkoffinvest.site
tinkoffonline.ru
tinkoffpaycasino.net
tinkoffreviews.ru
tinkoff-ecommerce.ru
tinkoff-osago.com
tinkovfund.org
tins-western.ru
tintaboost.com
tintapizza.ru
tinvest.org
tinvest360.ru
tiny4k.club
tiny4k.com
tinybunniesbabyclothing.com
tinycuti.top
tinysbbs.com
tinyurl.ee
tinyzonetv.cc
tinyzonetv.stream
tio2.ru
tiomarkets.com
tionseltes.ru
tipatop.ru
tipazhem.online
tipazhem.ru
tipkadpo.ru
tipkapk.ru
tipkia.ru
tipo.ru
tipografiyainform.ru
tipografiya-nn.ru
tipologia.ru
tiponormalno.ru
tippy.casino
tippy1.casino
tippy6.casino
tippycas.uno
tippycasino.pro
tippycasino2.online
tippycasino3.online
tippycasino4.online
tippycasino5.online
tippycasino22.online
tippycasinofj2.ru
tippycasinofk1.ru
tippycasinogh5.online
tippycasinogk9.online
tippycasinogq3.online
tippycasinogs4.online
tippycasinoh3.online
tippycasinoj5.online
tippycasinojf4.ru
tippycasinojg4.online
tippycasinokr2.ru
tippycasinokt6.online
tippycasinoky7.online
tippycasinop2.online
tippycasinoph5.online
tippycasinoq5.online
tippycasinoqx0.online
tippycasinosk4.ru
tippycasinout1.online
tippy-casino.online
tippy-casino.top
tippy-casino.uno
tippy-casinos.uno
tippy-osa.online
tips.gg
tips2sports.com
tipsandtricks.ru
tipstertube.com
tiptopbet.casino
tiptopcasino.ru
tiptopcasino1.com
tiptopcasino2.online
tiptopcasino5.online
tiptopcasino8.online
tiptopcasino10.online
tiptopcasinowin.com
tiptopenglish.ru
tiptopgames.ru
tiptopobmen.com
tiptopplay.com
tiptopspin.org
tiptopvpn.info
tiptop-casino.fun
tiptop-casino.nl
tiptop-casino4.ru
tiptop-casino5.ru
tiptop-casino6.ru
tiptop-casino7.ru
tiptop-casino8.ru
tiptop-casino9.ru
tiptop-casino30.ru
tiptop-kazino.ru
tiptop-vpn.com
tip-top.casino
tip-top1.casino
tip-top2.casino
tip-top41.casino
tip-top-zerkalo.ru
tir71.ru
tirael.ru
tirafiton.online
tirafiton.ru
tirax.su
tirdosaaf.ru
tiresservice.ru
tiretop.ru
tirewheelguide-amp.xyz
tirinox.ru
tirkazan.ru
tirnews.info
tiroljobs24.at
tirp46.cc
tirshop.info
tirus.ltd
tirvik.info
tir-99.ru
tisajajdsajd.site
tisap.ru
tischool.kz
tishkovo-club.ru
tistress.ru
tisyacha-rubley.fun
tis-msk.ru
titam-lordfilm.ru
titam-lordfilm.store
titan38.ru
titancapitals.com
titancapitals.org
titanedgemarkets.com
titanforgetrade.com
titanfxmarkets.com
titanialashes.ru
titanicporn.com
titaniumcapitalinvest.com
titaniumtrustinvst.com
titanium-ai.net
titanix-trade-app.com
titanlopata.ru
titanltdinvestments.com
titanmarkets-pro.net
titanpereezd.online
titanpereezd.ru
titanpoker-bonus-code.net
titansphereai.net
titanvehicle.ru
titanwealth24.com
titan-asb.ru
titan-fundrelix-app.com
titan-gold.online
titan-nk.ru
titan-sphereai.com
titarevka.ru
titby.com
titiev.info
titiz.ru
titjdhfx25.site
titlilive.com
tito.business
titoarcanum.kz
titolo.club
titren-oly.ru
titshits.com
tits-porn.vip
tittan.io
tityl-uk.ru
tiuto-volf.online
tiuto-volf.ru
tiuu.ru
tiveil.com
tivix.co
tivix.net
tivoditel.ru
tivoraboostai.com
tivoraboostai.org
tivradovonex-soft.com
tivra-paxil.com
tiwsfx.com
tixcount.com
tixee.com
tizam.club
tizam.icu
tizam.info
tizam.live
tizam.pro
tizam.pw
tizam.store
tizam.tv
tizam.vip
tizam.ws
tizenschool.org
tizermax.ru
ti-msk.ru
ti-nn.ru
ti-russia.org
tjc7pokerdom.com
tjchajmx.ru
tjdaviesandson.com
tjk-mostbet.com
tjlogistic.pl
tjournal.ru
tjpinco.com
tjseks.ru
tk7pokerdom.com
tk77pokerdom.xyz
tk403.ru
tk2009.ru
tkanikids.ru
tkanikrasa.ru
tkanimira-rzn.ru
tkanisolntsa.ru
tkani-v-orle.ru
tkastrey.ru
tkavtostil.ru
tkbbahk-auth.ru
tkdmoscow.ru
tkdpskov.ru
tkdtat.ru
tkd-omsk.ru
tke-now.site
tkfsik.ru
tkgurman.ru
tkif.ru
tkiller.biz
tkinzhiniring.ru
tkkart.ru
tkkursk.ru
tklipagro.ru
tklogistikazapad.ru
tkman.ru
tknord.ru
tkocartridges.com
tkolordfilm.ru
tko-tobolsk.info
tkpaycasino.org
tkpaycasinopm.life
tkpiuk.ru
tkpostservice.ru
tkra.co
tkra1.co
tkra3.cc
tkra27.at
tkra31.at
tkra32.cc
tkrm.me
tkrn.cc
tkrn.to
tkrodonit.ru
tksdfund.click
tksgames.com
tksintex.ru
tkssfg.ru
tks-fili.ru
tks-solntsevo.ru
tktube.com
tktv.ru
tku-shop.ru
tkzhd.ru
tk-akvarel.ru
tk-artec.ru
tk-avtoglobal.ru
tk-chernozem.ru
tk-energiya.ru
tk-gd.ru
tk-gruz.ru
tk-kavkaz.ru
tk-mitino.ru
tk-mtk.ru
tk-online.ru
tk-pir.ru
tk-pv.ru
tk-samson.ru
tk-tender.ru
tk-versta.ru
tlabconf.com
tlap.com
tlatovaoksana.ru
tlc.de
tlcomtek.com
tlendiev.kz
tlenta.ru
tlg.name
tlg.pm
tlglordfilm.ru
tlhlordfilm.ru
tlink.fun
tlink.work
tlkmidas.ru
tlkmost.ru
tlk-customs.ru
tlookup.ru
tlou2.ru
tlpsjp.com
tlscustoms.ru
tlstore.ru
tltikra.ru
tltmedsprawka.ru
tltpages.ru
tltrating.ru
tltrec.ru
tltsport.ru
tltsprawo4ka.ru
tltvipspravka.ru
tlt-beton.ru
tlt-lordfilm.ru
tlt-makeup.ru
tlustikinvestmentllc.org
tluxstudio.ru
tlvinsider.com
tl-consulting.ru
tl-zurvo.co
tm7pokerdom.com
tm24.to
tm138.ru
tmarketsglobal.com
tmaster24.biz
tmatchup.com
tma-lordfilm.com
tma-lordfilm.top
tma-stratorg.com
tmbdetdom.ru
tmbrulix.ru
tmdb.com
tmdb.org
tmfabrika.ru
tmgroup.su
tmgvpn.info
tmg-auto.online
tmhack.ru
tmhf.ru
tmik55.ru
tmiland.com
tmi-vrn.ru
tmkbud.ru
tmk-perm.ru
tmlawreview.org
tmm-kurs.ru
tmnlib.ru
tmno43.ru
tmnthd.com
tmn-memorial.ru
tmn-tlt.ru
tmo-sizdnr.ru
tmsat.ru
tmsbrokers.com
tmsouz.ru
tmstudent.ru
tmsvl.ru
tmtgroups.com
tmtpo.ru
tmt-vpn.shop
tmu-hyundai.ru
tmwvrnet.com
tmxpa.me
tmz.com
tmz-zavod.ru
tm-54.ru
tm-bloomy.ru
tm-favora.ru
tm-gss.ru
tm-import.ru
tm-til.world
tn7playdom.win
tnaflix.com
tnastatic.com
tncgroup.ru
tnfx.co
tngun.com
tnight.ru
tnkbankbes.click
tnkobr.ru
tnnnk.ru
tnntoday.com
tnn-garden.ru
tntbest.com
tntbest.ru
tntbest.website
tnto.ru
tntroyal.com
tntx.club
tntx.ru
tnt-hub.com
tnt-hub.top
tnt-lordfilm.com
tnt-lordfilm.net
tnt-lordfilm.ru
tnt-lordfilm.top
tnt-lordfilms.com
tnt-love.ru
tnt-porno.ru
tnt-premierru.ru
tnxeqqca.com
tnzrc.xyz
to4ka.fun
to4ka-rosta.ru
to7pokerdom.com
to68.ru
to77.su
to420.ru
tob9.ru
tobacco73.ru
tobacco78.ru
tobacco82.ru
tobaccos247.com
tobaccosolutions.net
tobacco-1.ru
tobacco-trade.ru
tobecomesuccessful.monster
tobefresh.ru
tobehealthy.cz
tobeperfect.club
tobetting.ru
tobirot.pro
tobishima-award.com
tobitacco.net
tobitac-co.pro
toblok.ru
tobtab.ru
tobtp.ru
tocap.ru
tocasino.ru
tochka.at
tochka.biz
tochka.net
tochka24.io
tochka24.org
tochka111.at
tochkabalansa.com
tochkadostupa.app
tochkamitino.ru
tochkanews.ru
tochkaobmena.cc
tochkaobmena.one
tochkaobmena.org
tochkaoporymur.ru
tochkaru.org
tochka-mira.ru
tochka-mneniya.ru
tochka-pryazhi.ru
tochka-rosta.ru
tochnoe-vremia585.ru
tochno-rp.ru
tochnyi.info
tocka.at
tocpractice.org
toc-admiral.ru
toc-center.ru
toc-fortuna.ru
toc-leto.com
today.ua
todaynothinghappened.com
today-escort.com
toddrichmond.net
toddsfreebies.com
todnb.ru
todocursos.top
toefl.su
togethervibes.com
togisklub.ru
togoo.site
togou-pl15.ru
togrls.top
toibiznes.kz
toiletpov.com
tojbet.tj
tojik.cc
tojik.click
tojik.ru
tojik1.top
tojikon.forum
tojikskoe.top
tojiro-knife.ru
tokapoke56.ru
tokar-frezer.ru
tokdam.ru
tokdoma.ru
tokecuwapon.com
tokeitnow.com
tokeit-nw.me
tokenbay.net
tokenbright.org
tokenestrasoftware.com
tokenfx.net
tokenhedg.com
tokenjadrixengine.com
tokenplayx.com
tokenpost.com
tokenstra.com
tokentact-software.com
tokentrustinvestment.com
tokenza.io
token-350-vurux.net
token-360day-official.com
token-core-official.com
token-tact-guide.cyou
tokfundrelixsolution.com
tokingteepee.com
tokino.org
tokiotoons.com
tokiyskie-mstiteli.ru
tokiyskiy-ghoul.com
tokmakws.ru
tokmakyn.ru
toknixchaincapital.live
tokorouta.com
toktv.ru
tokuyama-europe.com
tokyo161.online
tokyo161.ru
tokyoboom.ru
tokyodoll.jp
tokyoghoull-jut.su
tokyoghoul-jut.su
tokyoghoul-lordfilm.ru
tokyomotion.one
tokyopoony.com
tokyoporns.com
tokyotable.com
tokyotula.ru
tokyovice.ru
tokyo-bay.biz
tokyo-ghoyl-jut-su.ru
tokyo-idols.com
tokyo-magnitude-madoka-jut-su.ru
tokyo-world-conference.com
tok-store.ru
tok-ukv.ru
tolbaga.ru
tolenp.ru
tolfexsoftware.com
toliatticarz.ru
tolicdv.biz
tolik-punkoff.com
tolinkgo.com
tolkoporno.net
tolkopravda-otzovy.ru
tollebeek.com
tolokonnikoff.ru
tolordfilm.ru
tolshinomer-lkp.ru
tolstoyweekend.ru
tolstye.cc
toltec.me
tolvex.ru
tolviadaocoin.com
tolyattimef.xyz
tomalogy.org
tomanga.ru
tomari.live
tomas-school.ru
tomatis-krasnodar.ru
tomato.ua
tomato-timer.ru
tomatych.ru
tomat-podarky.ru
tombstonerip.online
tombstonerip.ru
tombstonerip.xyz
tombstonerip-slot.com
tombstone-rip.com
tombstone-rip.org
tombstone-rip-slot.ru
tomb-stone-slot.ru
tomeb.ru
tomeofmadness.casino
tomeow.ru
tome-of-madness.org
tomford25.biz
tomi4.ru
tomi100.com
tomichi.ru
tomichka-tomsk.ru
tomidjerry.com
tomidzherriserial.online
tomishop03.com
tomitin.ru
tomkeknits.com
tomllewellyn.com
tomocenter32.ru
tomorrowporn.com
tomostasks.website
tomper16.net
tomscot.org
tomsk.fm
tomskainet.com
tomskcena.ru
tomskdveri.ru
tomsketno.ru
tomskiyjerry.biz
tomskiyjerry24.biz
tomskjs.ru
tomskk-medknigki.ru
tomskk-medknizjki.ru
tomskk-medknizjkii.ru
tomskmaslo.ru
tomskmuzles.ru
tomskshopdiplom.ru
tomskzodchestvo.ru
tomsk-ivk.ru
tomsk-medknizjki.ru
tomsk-rogwu.ru
tomsk-story.ru
tomstore.ru
tomstr.ru
tomthecat.ru
tomvsjerry.world
tom-hardy-lordfilm.ru
tom-pred.ru
tom-sawyer.ru
ton.ski
ton1000.ru
toncash.xyz
tondopizza.ru
tonecraft.digital
toneforwardly.ru
toneit.icu
toneplaza.com
tonerphoto.ru
toner-kyocera.ru
tonesnightclub.ru
tonetips.xyz
toneto.net
tonfintech.digital
tonfx.com
tongafootball.com
tongmengpharm.ru
tonicmovies.com
tonightspornstar.com
tonightsports.com
tonile.ru
tonirovka-korolev.ru
tonirovka-stekol-spb.ru
toniruem-okna.ru
tonjack.xyz
tonkinokultura.ru
tonlight.ru
tonluck.life
tonluckyz.xyz
tonna74.ru
tonna-gruza.ru
tonnestreamz.xyz
tonos-com.ru
tonplay.com
tonplaybonuskazino.ru
tonplaycas.top
tonplaycasinobonus.ru
tonplaycasinoclub.ru
tonplaycasinosite.ru
tonplaycasino-bonus.ru
tonplaycasino-site.ru
tonplaycasino-slot.ru
tonplaycasino-vip.ru
tonplaycasino-win.ru
tonplaypromo.ru
tonplaypromokod.ru
tonplays.com
tonplayslotkazino.ru
tonplayvipcasino.ru
tonplay-bonus.ru
tonplay-casino-official.ru
tonplay-promokod.ru
tonpro.digital
tonroll.com
tonshobr.ru
tonstake.cc
tonstake.co
tonus38.ru
tonus55.ru
tonuz.net
tonvpn.me
tonxwin.xyz
tonybet.com
tonycomputers.org
tonymolykoreanshop.ru
tony-melbet.ru
tonzilits.info
ton-jet.com
tooktook26.ru
tookufest.ru
toolongapp.com
toolspro.ru
toolsvega.ru
tooltrade24.com
tool-electric.ru
toomasterkip.kz
toonbox.ru
toonclash.com
toondot.com
toongu.ru
toonily.me
toonlands.com
toonporncomix.com
toonpornpics.club
toonsex.pics
toonsfilm.ru
toonx.net
tooo.ru
toosweetbonanza.com
toothslots.com
too-ashuu.kg
top00.online
top.casino
top001.fun
top1onlinecasino.ru
top1win.ru
top1-casinos.website
top1-vodka-casino.ru
top2playmore.com
top3bookmakers.net
top3vpn.blog
top4ik.site
top4jump.ru
top4top.net
top5bets.com
top5bookmaker.com
top5casino.icu
top5casinos.com
top5casinos-2024.top
top5casinowin.ru
top5casino-2024.top
top5casino-winner.ru
top5casino-wins.ru
top5cazino.ru
top5cazinos.ru
top5cazinos-winners.ru
top5cazinowin.ru
top5cazinowins.ru
top5cazino-winner.ru
top5cazino-winners.ru
top5cazino-wins.ru
top5-casino.ru
top5-casinos.xyz
top5-casinos2024.top
top5-melbet.club
top7pokerdom.com
top8casino.ru
top8casino.xyz
top9casino.ru
top10australiancasinos.xyz
top10bestcasino.com
top10bestonlinelotto.com
top10bonusov4.fun
top10bs.casino
top10casino.click
top10casino.life
top10casino.online
top10casino.su
top10casino.top
top10casino.uno
top10casino7.online
top10casino7.ru
top10casino8.online
top10casino8.ru
top10casino9.online
top10casino9.ru
top10casino2025.online
top10casinobest.ru
top10casinoplays.ru
top10casinopromocode.ru
top10casinorating.ru
top10casinos.art
top10casinos.cloud
top10casinos.info
top10casinos.live
top10casinos.ru
top10casinos.top
top10casinos.wiki
top10casinowin.ru
top10casino-10.top
top10casino-plays.ru
top10casino-rfh.top
top10casino-spins.ru
top10cazino.ru
top10cazinos-wins.ru
top10cazino-boost.ru
top10cazino-money.ru
top10cazino-plays.ru
top10cazino-spins.ru
top10cazino-wins.ru
top10forum.ru
top10kazino.com
top10kazino2025.ru
top10kazinosites.ru
top10kazinovrf.ru
top10nodepositbonus.ru
top10nodepositcasino.ru
top10pwh.casino
top10slots-2025.ru
top10slots-2026.ru
top10s-casino.ru
top10ua.com
top10wt.casino
top10-2025slots.ru
top10-casino.buzz
top10-casino.club
top10-casino.net
top10-casinorussia.me
top10-casinos.fun
top10-casinos.net
top10-casinoss.info
top10-casinos-trg.ru
top10-casino-dbh.top
top10-casino-fev.top
top10-casino-gky.top
top10-casino-hbl.top
top10-casino-kpj.top
top10-casino-online1rus.ru
top10-casino-online-russ.ru
top10-casino-rating.ru
top10-casino-rating.xyz
top10-casino-ratings.ru
top10-casino-reviews.com
top10-casino-ruj.top
top10-casino-site.ru
top10-casino-vulkan4.xyz
top10-casino-vulkan5.lat
top10-casino-vulkan5.xyz
top10-cazinos.ru
top10-kazino.online
top10-melbet.club
top10-online-casino.su
top10-ratingcasino.online
top10-rating-casino941.ru
top10-slots2025.ru
top16.net
top20casino.ru
top20-casino.top
top21.by
top24.casino
top30-casino.top
top33.click
top33system.xyz
top50vpn.com
top73.click
top99.click
top100.casino
top100bonusov.fun
top100casino.info
top100sexgames.com
top100wt.casino
top100-list.com
top777.buzz
top777.fun
top909casino.online
top2025.casino
top2025casino.com
top2025casino.ru
top2025lorldfilmy.ru
top2025lorldfilmy.store
top2025online.casino
top2025onlinecasino.casino
top2025onlinerussia.casino
top2025slots.casino
top2025-10slots.ru
topacasino-x.ru
topadmiral.com
topallergy.ru
topanime.biz
topasaqua.ru
topasiacasinos.com
topasianp.com
topasnew24.com
topassetholdings.com
topasslotsru.com
topauto-nsk.ru
topazart.net
topaz-fss.ru
topbahis.icu
topberries.com
topbest.work
topbestgoods.ru
topbestwinner.com
topbet.eu
topbet.pro
topbezdep.com
topbezdeps.ru
topbidassets.com
topbik.com
topblackporn.com
topblogpost.ru
topbonus.club
topbonus.mobi
topbonus.online
topbonus1.mobi
topbonus3.ru
topbonus4.online
topbonus4.ru
topbonuscasino.ru
topbonuses.net
topbonuses.website
topbonuses3.website
topbonusi.site
topbonusi.space
topbonusi1.website
topbonusicasino.ru
topbonusii.site
topbonusy.net
topbookie.bet
topbookmakers-rating-kg.com
topboom.bet
topboom.com
topbrazz.club
topbrokers.com
topbudstore.com
topbullfinance.com
topcargo200.com
topcasin.com
topcasino.skin
topcasino.store
topcasino.su
topcasino.wiki
topcasino.world
topcasino1.kz
topcasino8.com
topcasino8.online
topcasino10.online
topcasino23.ru
topcasino25.online
topcasino25.ru
topcasino26.online
topcasino26.ru
topcasino27.online
topcasino27.ru
topcasino28.online
topcasino28.ru
topcasino68.online
topcasino68.ru
topcasino111.org
topcasino888.net
topcasino2020.com
topcasino2020.ru
topcasino2021.com
topcasino2022.com
topcasino2023.su
topcasino2024.com
topcasino2025.org
topcasino2025.sbs
topcasino2025.site
topcasino2025.su
topcasino2025.tech
topcasino2025.xyz
topcasino9485.buzz
topcasinoaus.com
topcasinobelarus.com
topcasinobet.com
topcasinobetsonline.ru
topcasinobonus.mobi
topcasinobonus.ru
topcasinobonuses.info
topcasinobonuses.mobi
topcasinoexpert.com
topcasinoexpert.me
topcasinoexpert.net
topcasinoexpert3.site
topcasinoexpert-pl.com
topcasinoforum3.ru
topcasinoisloty.com
topcasinonarubli.ru
topcasinonlinerating2025.ru
topcasinoonline.su
topcasinopay.ru
topcasinopays.ru
topcasinopays2025.online
topcasinopays2025.ru
topcasinoplanet.com
topcasinorate.org
topcasinorates.ru
topcasinorating.icu
topcasinorating.ru
topcasinorating.xyz
topcasinorating2025.ru
topcasinoru.com
topcasinoru.ru
topcasinos.fun
topcasinos.life
topcasinos.pro
topcasinos.world
topcasinos71.ru
topcasinos777.ru
topcasinosite.ru
topcasinosites.ru
topcasinoslot.online
topcasinospisok.ru
topcasinosreviews.in
topcasinoss.fun
topcasinosuisse.com
topcasinoukraine.com
topcasinovavada.ru
topcasinowin.ru
topcasinox.ru
topcasinox.xyz
topcasinoz.online
topcasinoz10.online
topcasinoz11.online
topcasinozz.com
topcasino-club.ru
topcasino-df6.buzz
topcasino-expert.info
topcasino-fin.com
topcasino-nadengi.ru
topcasino-online.ru
topcasino-pays.ru
topcasino-plays.ru
topcasino-pokerdom.club
topcasino-promo.icu
topcasino-rus.ru
topcasino-spin.ru
topcasino-spins.ru
topcasino-z.online
topcasino-zerkalo.ru
topcazino.ru
topcazino.top
topcazino2024.online
topcazino2024.website
topcazinomoney-2025.ru
topcazinopaysite.ru
topcazinorating.icu
topcazinorating2025.ru
topcazinos.ru
topcazinos-2025.ru
topcazinos-rating2025.ru
topcazinos-ratings2025.ru
topcazinowins.ru
topcazinoz.net
topcazino-2025.ru
topcazino-arena.com
topcazino-gold.top
topcazino-nadengi.ru
topcazino-pays.ru
topcazino-paysite.ru
topcazino-rating2025.ru
topcazino-spins.ru
topcazino-spinswins.ru
topcazino-spinwin.ru
topcazino-spinwins.ru
topchaincapital.live
topchaintradefx.com
topcheck24.ru
topcheg.ru
topchembuy.com
topchik.site
topchoice-casino.com
topclub9.ru
topclub11.ru
topclub23.ru
topclub51.ru
topcoinmarkt.com
topcokeler.com
topcokeler.info
topcom-invest.ru
topcreationdep.cfd
topcryptocasino24.ru
topcryptocazino.ru
topcryptokazino.ru
topcryptomade.com
topcsn.art
topcsn.cfd
topcsn.homes
topcsn.ink
topcsn.live
topcsn.pics
topcsn.quest
topcsn.skin
topcsn.space
topcsn.top
topcsn.website
topcsn.wiki
topcsn.world
topcsno.bar
topcsno.beauty
topcsno.biz
topcsno.cam
topcsno.click
topcsno.cloud
topcsno.com
topcsno.digital
topcsno.guru
topcsno.help
topcsno.homes
topcsno.ink
topcsno.life
topcsno.live
topcsno.lol
topcsno.makeup
topcsno.monster
topcsno.pics
topcsno.pro
topcsno.rest
topcsno.shop
topcsno.site
topcsno.skin
topcsno.space
topcsno.store
topcsno.website
topcsno.wiki
topcsno.work
topcutegirlies.com
topdb.ru
topdecorpro.ru
topdiplom.com
topdiplom.ru
topdiski.ru
topdoramy.online
topdownloads.ru
topdsportseg.com
topduriandelivery.com
topenergoline.ru
topersoft.com
topescortbabes.com
topevent-tchin.ru
topexinvestments.com
topexpertmarket.pro
topfapgirlspics.com
topfastdiplom.top
topfile.tj
topfilmonline.ru
topfilms.me
topfilms.org
topfilmy.online
topfilmz.online
topfinhold.com
topfishers.ru
topfortuna.com
topfotoprikol.ru
topfreediploma.top
topfreeporn.com
topfreevpn.ru
topgamble.space
topgambling.net
topgame4me.com
topgamecasino.pro
topgamecasino.xyz
topgameess.ru
topgamefinder.net
topgamescasino.ru
topgamescasinos.xyz
topgamescazinos.ru
topgames-cazinos.ru
topgame-cazino.ru
topgame-cazinos.ru
topgayporn.click
topgayporn.org
topgdz.com
topgenerics.ru
topglobal.live
topglobalfxfinance.com
topgoal.info
topgoal.lol
topgoal.pro
topgoal.xyz
topgoal1.live
topgoal2.live
topgoal3.live
topgoal4.live
topgoal5.live
topgoal6.live
topgoal7.live
topgoal8.live
topgoal9.live
topgoal10.live
topgoal11.live
topgoal12.live
topgoal13.live
topgoal14.live
topgoal15.live
topgol.online
topgol.pro
topgol1.live
topgol1.online
topgol2.online
topgol3.online
topgol4.online
topgol5.online
topgol6.online
topgol7.online
topgol8.online
topgol9.online
topgol10.online
topgol11.online
topgol12.online
topgoznakdiplom.top
topgpts.app
topgradebars.com
topgreen.space
topgrowshop.ge
tophaip.com
tophedgegains.net
tophentaicomics.com
tophillassetgrowth.com
tophoneymoney.com
tophqporn.com
topic.lt
topicinfo.com
topicmd.com
topigr.com
topigr.net
topigrovyeavtomaty.com
topigrysvivodom.site
topikcas.ru
topil.ru
topincredibletds.live
topinfoinv.info
topinfosgabon.com
topiptv.info
topiptv.link
topiqventure.com
topi-serial.online
topjapangayxxx.cc
topjettons.ru
topjk.ru
topkasynoonline.com
topkaz.casino
topkazino2025.ru
topkazinobonus.com
topkazinonarubli.ru
topkazinors.space
topkazinos.ru
topkazinozerkalo.ru
topkazino-2020.ru
topkentcasino.ru
topketamine.shop
topkicrb.ru
topkino.su
topkinofilm.net
topkinofilm.xyz
topkinofilms.com
topkins.ru
topklad.org
topknigi.net
topkpd.ru
topkred.com
topkriptokazino.ru
topkriptokazinotaco.ru
topkripto-kazino.ru
topkuhnya.com
topkurortov.com
topkursi.com
topkushdelivery.com
topkushsuppliers.com
topkzcasinos.com
toplaik.com
toplakiworld.ru
toplayfortuna.live
toplayfortuna.net
toplayfortuna.one
toplay-fortuna.online
toplay-fortuna.ru
toplendos.com
toples.cc
toples.click
toples.me
toples.one
toples.top
toplevelinv.com
toplinks.xyz
toplivematch.com
toploli.com
toplombardov.ru
toplordfilm.online
toplordserial.ru
topmacro.ru
topmanga.biz
topmanhwa.me
topman-rus.ru
topman-shop.ru
topmarkettrades.com
topmarket-ltd.top
topmarket-shop.ru
topmebel-spb.ru
topmefkup.biz
topmelbet.ru
topmelbet-club777.ru
topmetod.ru
topmixtradet.com
topmodelkids.ru
topmovi.ru
topmp3.net
topmult.com
topmuz.cc
topmuzon.com
topmuzon.info
topmyz.ru
topnail30.ru
topnew.org
topnewcasino.win
topnews-ru.ru
topnice.ru
topnipa.info
topniver.info
topnlp.ru
topnoaccountcasinos.com
topnodepositbonus.ru
topnotchchems.com
topobmenka.com
topofferever.com
topofthebaypetlodge.com
topofvape.com
topoilneft.ru
topol74.ru
topolek9.ru
topolekgel.ru
topol-group.ru
toponelive.xyz
toponespb.ru
toponlinecasino.ru
toponlinecasino.su
toponlinecasino1.ru
toponlinecasino2025.buzz
toponlinecasinos.ru
toponlinecasinos20.com
toponlinecasinosites.com
toponlinegames.xyz
toponlinekino.online
topordybenko.ru
toporvpn.biz
topor-shop.ru
topotekbbs.com
topovoye.ru
toppalto.ru
toppar.ru
toppbonusii.site
toppertrading.org
toppharmaceuticalshop.com
toppkrroom.com
topplayfortuna-win.top
topplaygamesonline.ru
topplayingcasinos.com
toppokerrussia.com
toppop.info
topporn.top
topporno.cc
topporno.click
topporno.club
topporno.me
topporno.one
topporno.org
topporno.top
toppornofotki.com
toppornovideo.cc
toppornovideo.click
toppornovideo.me
toppornovideo.one
toppornovideo.org
toppornovideos.cc
toppornovideos.link
toppornovideos.me
toppornovideos.net
toppornvideos.one
toppornvideos.online
toppornvideos.top
toppozdravleniya.ru
toppp-cazino.net
toppremiumoptions.live
toppremiumtrades.com
topprise.ru
topprognoz.com
toppslotph.com
toppslotstr.com
topp-cazino.net
topquasar.com
topratecasinoonline.ru
topratecasinos.com
topratedonlinecasinosites.com
toprating.casino
topratingcasino.com
topratingcasino.icu
topratingcasino.online
topratingcasino.shop
topratingcasino2025.space
topratingcasinos-2025.ru
topratingcasinos-2026.ru
topratingcasino-2025.ru
topratingcazino.icu
topratingscasino.com
topreading.ru
topreadmanhua.com
topreadmanhwa.com
topredget.com
toprekord.cc
toprekord.com
toprekordd.com
topreplicasale.ru
toprieltor39.ru
toprn.ru
toprockreliance.com
toproger.ru
toprtpslots.ru
toprubookmakers.com
toprubookmakers.ru
toprucasinos.com
toprupoker.ru
toprupornovideo.cc
toprupornovideo.click
toprupornovideo.link
toprupornovideo.one
toprupornovideo.top
toprupornovideos.cc
toprupornovideos.one
toprupornovideos.org
topruserial.icu
topru-casino2025.ru
toprxdrugstore.se
tops7-casino19.top
tops10-casino12.top
tops10-casino13.top
tops10-casino14.top
tops10-casino15.top
tops10-casino16.top
tops24.casino
tops2025online.casino
topsamoe.ru
topscarzy.ru
topscasino.ru
topsdelka.ru
topsecret.digital
topsecret-show.ru
topserial.online
topserialov.cfd
topserialov.life
topserialov.world
topserials.net
topserials.online
topserials.top
topserials.tv
topserialy.online
topsexite.com
topsfxminers24.live
topshelf.delivery
topshelfbc.cc
topshelfbuds.org
topshop24.ru
topshop64.cc
topshop1255.top
topshop1300.top
topshop1344.top
topshopmsk.site
topshop-100.top
topshop-551.top
topshop-1311.top
topshop-n1233.top
topsigar.ru
topskater.ru
topskin.cc
topskin.co
topskin.io
topskin.net
topskin.one
topskin.org
topskin.run
topskin.vip
topskin2.net
topskins.cc
topskins.co
topskins.net
topskins.org
topslotgames-plays.ru
topslotph.com
topslots.pro
topslots.website
topslotscasino.ru
topslotsci.com
topslotsgamesplays.ru
topslotskasino.com
topslotskz.com
topslotsmoney2025.ru
topslotsru.ru
topslotstr.com
topslots-money2025.ru
topslot-1win.xyz
topslot-casino.click
topslot-games.ru
topsmarteuruich.cfd
topsoc.ru
topsoft-pc.ru
topsonline.top
topsopt.ru
topspdortsuz.com
topspin777.com
topspincasino2025.ru
topspincazino2025.ru
topspinmarketcap.com
topspinscazino2025.ru
topsport-tv.ru
topspravka77.ru
topstirka.ru
topstockrover.net
topstocksmarket.com
topstormgain.site
topstreams.tv
topstroka.ru
topsuccess.site
topsun.pw
topswitchcrypto.com
tops-10-casino.net
tops-cars.ru
tops-casinos.club
tops-casinos.me
tops-casinos.one
tops-casinos.online
tops-casinos.top
tops-casinos.xyz
tops-casinoz.net
tops-casinoz.top
tops-cazino.top
tops-cazino.win
tops-cazinos.site
tops-cazinos.win
tops-cazinoz.com
tops-serials.online
toptabak99.ru
toptencama.com
toptexty.ru
toptiercapital.co
toptiercasinos.com
toptiercopytrading.com
toptiersilver.net
toptir.info
toptjcasinos.com
toptocknetwork.com
toptopcasinos.com
toptopkriptokazino.ru
toptotrip.ru
toptrade.fm
toptrade.group
toptraderstocksinvestment.com
topturk.fun
toptwinkxxx.cc
toptygki.ru
topuacasinos.com
topuzcasinos.com
topvarmatch.com
topvavada777.ru
topvcasinov1.ru
topvcasinov2.ru
topvcasinov3.ru
topvegacasino.ru
topvid.tv
topvideo.tj
topvideosporno.com
topvids.net
topviewcasino.online
topviewcasino.ru
topviewholdings.com
topvipcasino.ru
topvodkacasino.ru
topvoin.ru
topvpn.parts
topvpnchoice.com
topvpntype.com
topvulkan.xyz
topvulkan777.com
topvulkan888.com
topvulkanneon1.com
topvulkanneon2.com
topvulkanneon3.com
topvulkany.xyz
topwar.org
topwargame.ru
topwincashbtc.ru
topwincashusdt.ru
topwincash-btc.ru
topwin-cashusdt.ru
topwulkans.cyou
topwulkans.xyz
topx.one
topx88.com
topxcortsci.com
topxlist.xyz
topxsportspt.com
topxssportsru.com
topxxxpornvids.com
topyandex.ru
topy-casino.online
topzaycev.ru
topzcasinoz1.ru
topzcasinoz2.ru
topzcasinoz3.ru
topzonecapital.com
topzvonok.net
topz-casinos.club
topz-casinos.info
topz-casinos.me
topz-casinos.net
topz-casinos.one
topz-casinos.top
topz-casinoz.com
topz-cazinos.com
top-3-casino.xyz
top-5cazinos.ru
top-10kazino.ru
top-10ten-casino.ru
top-10-casino.com
top-10-casinos.ru
top-10-casino-hrb.top
top-10-casino-money.ru
top-10-casino-rating.ru
top-10-casino-slot.online
top-10-casino-slot.ru
top-10-casino-top.online
top-10-casino-top.ru
top-10-casino-viy.top
top-10-casino-xpa.top
top-10-online-casino.ru
top-20-casino2025.ru
top-20-casinos.com
top-21.com
top-2015.com
top-accs.com
top-akov.org
top-azart.ru
top-betting.ru
top-bezdep.com
top-birds.biz
top-birds.lol
top-bonus.casino
top-bonus.club
top-bonus.online
top-bonus.website
top-bonusi.fun
top-bonusi.space
top-bonusi1.space
top-bonusi2.website
top-bounty-casino.homes
top-bounty-casino.quest
top-bounty-casino.shop
top-bounty-casino.top
top-bounty-cazino.shop
top-bounty-cazino.space
top-bounty-cazino.top
top-bukmekery.ru
top-byte-amp.top
top-canadiancasinos.com
top-casin.com
top-casino.best
top-casino.bond
top-casino.casino
top-casino.club
top-casino.mom
top-casino.monster
top-casino.online
top-casino.skin
top-casino.world
top-casino01.ru
top-casino1-online77.ru
top-casino5.website
top-casino10.ru
top-casino50.top
top-casino50rub.ru
top-casino55.ru
top-casino87.ru
top-casino100.top
top-casino888.ru
top-casino2024.online
top-casino2024.ru
top-casinobonuses.com
top-casinoexpert.com
top-casinoexpert.online
top-casinonarubli.ru
top-casinos.club
top-casinos.fun
top-casinos.info
top-casinos.top
top-casinos.website
top-casinos1.fun
top-casinos2.info
top-casinos10.online
top-casinos777.info
top-casinoss.me
top-casinos-2026.xyz
top-casinos-bitcoin.ru
top-casinos-review.com
top-casinos-site.ru
top-casinos-win.online
top-casinos-win.ru
top-casinos-win.site
top-casinoz.club
top-casinoz.info
top-casinoz.me
top-casinoz.net
top-casinoz.one
top-casinoz.ru
top-casinoz.top
top-casino-1win.top
top-casino-1win-4.top
top-casino-1win-5.top
top-casino-1win-17.top
top-casino-1win-18.cfd
top-casino-10online.ru
top-casino-2025.online
top-casino-apk.ru
top-casino-belarus.com
top-casino-best10.ru
top-casino-cq6.top
top-casino-cripto.ru
top-casino-cs4.top
top-casino-fresh19.top
top-casino-fresh22.top
top-casino-fresh80.top
top-casino-game.ru
top-casino-hq12.top
top-casino-june25.top
top-casino-leader23.info
top-casino-leader24.info
top-casino-leader26.info
top-casino-leader29.info
top-casino-leader30.info
top-casino-license.click
top-casino-money.ru
top-casino-na-dengi30.ru
top-casino-nb8.top
top-casino-new10.top
top-casino-new13.top
top-casino-new16.top
top-casino-new17.top
top-casino-new21.top
top-casino-new27.top
top-casino-new65.top
top-casino-new75.top
top-casino-online.info
top-casino-online.net
top-casino-online.ru
top-casino-online1rus.ru
top-casino-online-77melbet.ru
top-casino-play.ru
top-casino-pq5.top
top-casino-pravda9.top
top-casino-premier18.info
top-casino-premier28.info
top-casino-premier30.info
top-casino-premier31.info
top-casino-premier34.info
top-casino-premier45.info
top-casino-premier70.info
top-casino-promo.icu
top-casino-rating.ru
top-casino-rus.ru
top-casino-slot.ru
top-casino-space.ru
top-casino-titul.com
top-casino-win.click
top-casino-x.ru
top-cazino.bet
top-cazino.casino
top-cazino.online
top-cazino.site
top-cazino.xyz
top-cazino2024.website
top-cazino2025.ru
top-cazinopays.ru
top-cazinoplays.ru
top-cazinor.net
top-cazinos.club
top-cazinos.me
top-cazinos.ru
top-cazinos2025.ru
top-cazinoz.com
top-cazinoz.net
top-cazinoz.site
top-cazinozz.com
top-cazino-online.com
top-cazino-rating.ru
top-cazno7k.top
top-champion-casino.bond
top-champion-casino.pics
top-champion-cazinos.makeup
top-cheke.top
top-cheki.top
top-chekk.top
top-chekq.top
top-cheks.top
top-chekw.top
top-clip.com
top-cryptocazino.ru
top-csn.biz
top-csn.click
top-csn.club
top-csn.info
top-csn.ink
top-csn.online
top-csn.pro
top-csn.shop
top-csn.site
top-csn.space
top-csn.store
top-csn.wiki
top-csn.xyz
top-csn2.beauty
top-csn2.bond
top-csn2.cam
top-csn2.click
top-csn2.guru
top-csn2.homes
top-csn2.icu
top-csn2.life
top-csn2.live
top-csn2.lol
top-csn2.makeup
top-csn2.online
top-csn2.pics
top-csn2.pro
top-csn2.quest
top-csn2.shop
top-csn2.site
top-csn2.space
top-csn2.store
top-csn2.top
top-csn2.website
top-csn2.xyz
top-dipllomy.com
top-diplom.ru
top-diplom.top
top-diploma.top
top-diplomb.top
top-diplomd.top
top-diplome.com
top-diplome.top
top-diplomf.top
top-diplomg.top
top-diplomie.com
top-diplomiw.com
top-diplomj.top
top-diplomk.top
top-diploml.top
top-diplomm.top
top-diplomn.top
top-diplomq.top
top-diploms.ru
top-diplom-1.top
top-diplom-4.site
top-diplom-5.site
top-diplom-9.org
top-diplom-10.org
top-diplom-l.top
top-eromassage.ru
top-eskort.com
top-extern.ru
top-focus.online
top-football.kz
top-football-kz.top
top-free-casinos.com
top-futurefxt.net
top-gamescasino.ru
top-gamescazino.ru
top-gamling.ru
top-gay-videos.com
top-income.com
top-irish-casino.com
top-joycasino.xyz
top-kappers.com
top-kasino.club
top-kasinos.site
top-kasinoz.top
top-kazinos.info
top-kazinos.online
top-kazinoz.info
top-kazinoz.online
top-kazino-rating.icu
top-kazino-rejting.com
top-kentskazino.shop
top-l2.ru
top-lenta.net
top-link.online
top-loveplanet.ru
top-luchshie-casino.xyz
top-m1.ru
top-maket.ru
top-markets.top
top-melbet.club
top-miner.site
top-movie-lord.online
top-new-casinos.cyou
top-officialz-pokerdom.bond
top-officialz-pokerdom.digital
top-officialz-pokerdom.space
top-officialz-pokerdom.top
top-onlainkazino.com
top-onlinecasino.net
top-onlinecasino.ru
top-online-casino1ru.ru
top-online-casino11.ru
top-online-casinos.ru
top-online-casino-2025.com
top-online-casino-melbet43.ru
top-online-casino-melbet73.ru
top-online-casino-melbet223.ru
top-online-cazino.ru
top-option.top
top-payout-casinos.pics
top-pesen.ru
top-pinc.top
top-pinco.casino
top-pinko.beauty
top-pin-up-casino.top
top-play-casino.com
top-podarok.ru
top-pokerdomoficials.cam
top-pokerdomoficials.monster
top-pokerdomoficials.top
top-pokerdomqc.cloud
top-pokerdomqc.top
top-pokerdoms.monster
top-pokerdoms.quest
top-pokerdoms.top
top-poromocod-vulkan.ru
top-pravasrazyvashi.ru
top-prava-srazyvashi.online
top-prokat.ru
top-pro-amp.top
top-quest.ru
top-rating.casino
top-rating-kazino.icu
top-rating-win.online
top-rating-win.ru
top-reiting.com
top-reyting-casinos.fun
top-rington.com
top-serialls.pro
top-shelfdispensary.com
top-shemale-vids.com
top-skidki.ru
top-skin.net
top-slotsmoney2025.ru
top-slotswin2025.ru
top-slots-casino.ru
top-slots-sq3.top
top-slots-vulkan.monster
top-smi.com
top-sofosbuvir1.ru
top-sofosbuvir-24.ru
top-speed.site
top-spr.info
top-spr.ru
top-spr1.ru
top-status.com
top-steroids-online.is
top-take.com
top-torrent.club
top-torrent.org
top-torrent.ws
top-trades.net
top-trust.biz
top-ukraine-casino.ru
top-vavada.online
top-vavada.ru
top-vavada2023.ru
top-vodkacasino.ru
top-vpn.net
top-win-casino.click
top-win-casino.ru
top-win-casino2025.ru
top-x-go.com
top-znachok.ru
toqodos.com
tor.cx
tor.link
tor2kraken.net
tor4.info
toray-bm.ru
torbay.ru
torbaza.cc
torbrowser-free.ru
torbstore.ru
torcat.net
torcglobal.com
torchspirit.icu
torchwood-lordfilm.ru
torch-prom.com
tordrom.com
toreents.club
torenfun.club
torenia.info
torento.icu
torents-igruha.org
torent-igruha.org
torenzo.info
toresbusiness.com
toresugo-town.com
torevia.info
torexcsm.ru
torexo.com
toreye.com
torezljf.ru
torezvxn.ru
torflix.ru
torg37.ru
torgames.org
torgamez.com
torgbay.ru
torgenergoprom.ru
torgform.ru
torgidoc.ru
torgmeh.ru
torgneftehim.ru
torgovets.com
torgoviy-dvor.ru
torgshop21.ru
torgstellaz.ru
torgtabak.ru
torgtrailers.ru
torgtut.ru
torg-43.ru
torhd.cc
toriimarkets.com
torilsdesign.com
torimqavex.ru
torinophotodays.com
torishop.kz
torishop24.ru
torivnori.ru
toriyami.ru
torkajob.pro
torkency.icu
torkino.ru
torkklab.ru
torkra.cc
torkrn.cc
torkrn.co
torkrn.io
torland.ru
torlina.info
torlink.site
torlivo.click
torlock.cc
torlock.com
torlock2.com
torlook.in
torlook.info
tormarkets.shop
tormoza.net
tormusic.ru
tornado-sns.ru
tornet.biz
toro360.net
torogrow.com
torogrow.net
torogrow.org
torokhtiy.com
torolixtrader-platform.com
toromol.online
toromol.ru
toronado.org
torontovka.com
toropets-land.ru
toropizza.ru
toropovadacha.ru
toros-holod.ru
toro-invest.com
torpedoufa.com
torpedo-kaluga.ru
torpgp.com
torplanets.net
torproject.org
torproject-org.ru
torqbyte.xyz
torquebox.org
torque-min.co
torqumin.pro
torra.xyz
torraknigi.org
torraudioknigi.org
torrent.by
torrent.games
torrent.life
torrent2.games
torrent2games.net
torrent3.games
torrent3.ru
torrent9.gg
torrent9.to
torrent24.name
torrent24.org
torrent24.ru
torrent365.net
torrent2024.cc
torrentam.net
torrentbank.cc
torrentbay.st
torrentbox.xyz
torrentdownload.info
torrentdownload.me
torrentdownloads.cc
torrentdownloads.info
torrentdownloads.me
torrenteditor.com
torrenter.org
torrentfilm.club
torrentfilm.net
torrentfilmov.net
torrentfox.ru
torrentfunk.com
torrentfunk.net
torrentfunk2.com
torrentfx.ru
torrenticamuz.ru
torrentico.top
torrentigri.xyz
torrentigruha.net
torrentigruha.org
torrentigruha.ru
torrentik.co
torrentinka.me
torrentino.com
torrentino.me
torrentino.org
torrentino.tv
torrentino.website
torrentir.com
torrentmag.net
torrentmoot.net
torrentmot.net
torrentnote.ru
torrentom.com
torrentor.net
torrentor.org
torrentproject2.com
torrentproject2.org
torrentradar.cc
torrentred.games
torrents43.icu
torrents73.ru
torrentsbay.org
torrentsearchwebsite.ws
torrentsfilms.com
torrentsgame.ru
torrentsgames.net
torrentsgames.org
torrentskino.info
torrents-club.info
torrents-game.com
torrents-game.net
torrents-games.net
torrents-igruha.org
torrents-local.xyz
torrents-soft.net
torrentvhd.biz
torrentvkino.ru
torrentx.ru
torrentz2.eu
torrentz2.is
torrentz3.org
torrent-3vyk.site
torrent-best.net
torrent-ep.ru
torrent-film.online
torrent-filmi.co
torrent-filmi.xyz
torrent-films.cc
torrent-free.ru
torrent-game.com
torrent-game.site
torrent-gamer.info
torrent-games.club
torrent-games.co
torrent-games.eu
torrent-games.info
torrent-games.net
torrent-games.org
torrent-games.rip
torrent-games.su
torrent-igri.club
torrent-igruha.co
torrent-igruha.net
torrent-igruha.org
torrent-igruha.ru
torrent-kino.org
torrent-mechanics.net
torrent-multfilms.net
torrent-multfilms.pro
torrent-music.net
torrent-pc.ru
torrent-pirat.com
torrent-post.site
torrent-ru.site
torrent-shara.net
torrent-stalker.org
torrent-track.net
torrent-tracker.pro
torrent-wind.net
torrent-windows.club
torrent-windows.online
torrent-windows.org
torrent-word.com
torrent-xatab.com
torresmoto.ru
torrifilms.top
torrifilms1.online
torrifilms24.lol
torrifilms2024.online
torrminator.com
torrmuzika.ru
torrnada.com
torrnado.xyz
torror.ru
torshin.ru
torshop.cc
torsigon.ru
tortdolce.ru
tortini-tyumen.ru
tortonado.ru
tortrust.store
tortugacasino.win
tortugacorp.ru
tortuga-samara.ru
tortugi.net
tort-master.ru
tort-po-dukanu.ru
torunte.com
torusyapi.ru
torvexa.digital
torvimo.xyz
torvix-platform-app.com
toryal.ru
toryumon.biz
torzonmarket.com
tor-bit.net
tor-browser.su
tor-browser-rus.ru
tor-group.ru
tor-hd.xyz
tor-lafa.ru
tor-link.ru
tor-m3ga-fo.com
tor-mega.cc
tor-omg.cc
tor-omgomg.cc
tor-onion.site
tor-ru.net
tor-ru.org
tor-top.xyz
tor-wiki.net
tor-wind.com
tos11.ru
tos36.ru
tos86.ru
toshibaaircon.ru
toshibuvpn.ru
tosnoonlinecom862.cfd
tosnoonlinecom863.cfd
tosno-gim2.ru
tosno-stroy.ru
tosno-tennis.ru
tosros.ru
tosvet.ru
totaldirectory.net
total-group.com
total-lab.ru
to-be-woman.ru
to-lordfilm.ru
to-school.ru
to-us.ru
tppzkam.ru
tracemyip.org
tranbang.work
transalmaty.ru
transangelsnetwork.com
transexual.ru
transseksualki.me
transsexual.ru
transy.su
transy.xyz
transy-msk.su
trauma-gvkg.ru
traveltext.ru
trektor.org
trektor.top
trendymanga.com
tripod.com
troysupply.com
tsn.ua
tubebay.net
tucmp.online
tumblr.com
turbokino.tv
turkhdserial.online
turkseria.onl
turktvhub.ru
tutbonus.casino
tutofficial.casino
tutsport.com
tut-hitmo.me
tux.pizza
tvbaza.net
tvfilms.club
tvhub.icu
tvlordfilm-black.org
tvone.info
tvserials.download
tvua.biz
tv-hub.top
tv-lord.com
tv-online.icu
twirpx.link
twirpx.one
twomovies.info
twoproxy.net
twoproxy.org
typevpn.com
t-boom.space
t-d-mel.ru
t-experttradeoption.com
u107.ru
u16822.com
u16888.com
ua.market
uapp.org
ucoz.com
ucoz.lv
ucoz.net
ucoz.org
ucoz.ru
uenicdn.com
ufa-press.ru
uiowa.edu
ukdevilz.com
ulicky.sk
ultadox.studio
ultrapp.org
unblock.ws
unblocked.icu
unblocked2.info
unblocked2.me
unblocked2.net
unblocked2.online
unblocked2.pro
unblocked2.red
unblocked2.vip
unblockit.zip
unblockninja.com
uncyclomedia.co
univeroff.net
unlim-kazino.xyz
upload123.net
uploadhouse.com
uproxy.top
uproxy2.biz
uptodown.com
urban-grill.ru
usatrade.cheap
users-cabinet.com
usluga.me
utordrom.com
utorr.xyz
uz.ua
v106.ru
valhalla-age.net
vashutino40.ru
vavada1284.casino
vennasystem2023.monster
vennasystem2023.xyz
vercel.app
vern.cc
versailles-repro.fr
vhod2601.casino
viafarma.ru
viagrabuy24-shops.ru
viagragel.ru
viagransk.com
via-shop.ru
via-shop.shop
via-shop.su
vibefilms.top
vidak.icu
vide365.com
videotop4k.fun
vikiporn.com
viks.tv
vinellab.ru
vip82.org
vipchanger.app
vipchanger.com
vipchanger.one
vipchanger.pro
vipchanger.rocks
vipster.net
viptorpro.com
viromin.com
vladlena-school.ru
vlordfilm.site
vn.ua
vodka-24-7.store
voennikcom-xxqopgo.top
voennikrus-xxdhfey.top
voisona.ru
volna-mirror.casino
voronezhfeya-ciq.com
voronezhfeya-uql.com
vortexevo.com
vostok-medik.com
vpntypebot.net
vpntype-bot.com
vsebesplatnyeigry.com
vselennaya-shluh.com
vsevseprostitutki.net
vsite.biz
vsite.pro
vslines.info
vtagilke.com
vuku.icu
vulkanslots02.top
w102.ru
w310.casino
wagerzone7.site
waw.pl
way-magaz.store
web.app
web-individualka.com
weforum.org
win09.click
win32.click
win56.top
win73.top
win077.click
win130.ru
win137.online
win150.ru
win155.ru
win156.online
win157.ru
win165.online
win181.online
win190.ru
win194.ru
win200.online
win204.ru
win209.online
win216.online
win263.ru
win264.ru
win266.online
win267.ru
win296.ru
win301.ru
win302.ru
win306.online
win311.ru
win328.ru
win352.ru
win550.online
win654.buzz
win654.click
win717.online
win-now.co
wiocha.pl
wix.com
wixmp.com
wixsite.com
wmcurrency.uk
woh.to
wolfwedding2018.com
workers.dev
wriza.top
wtrackeroc.ru
www-lordfilm2.org
www-lordserial.org
x104.ru
x109.ru
xatab.top
xatab-repack.org
xbooru.com
xporno.online
xproxy.org
xrest.info
xrutor.org
xsao.ru
xtubezoo.shop
xxx.org
xxxi.porn
xxxtubezoo.shop
xxxufa.in
xxxufa.me
xxxufa.one
xzfilm.buzz
y103.ru
y117.casino
yakuji.moe
yaturistic.ru
youporn.com
youtube--radar.ru
yts2.net
z7x8x.buzz
z108.ru
zagonka.tv
zagonka-2423.site
zagruz.me
zalipni.pro
zalipni.uno
zannn.top
zebraboss.com
zellowork.com
zemar.top
zer.casino
zerkalnye-prava.com
zerkalo32.casino
zerkalo47.casino
zerkalo54.casino
zerkalo55.casino
zerkalo56.casino
zerkalo65.casino
zerkalo68.casino
zerkalo89.casino
zerkalo90.casino
zerkalo104.casino
zerkalo0901.casino
zerkalo1101.casino
zerkalo1801.casino
zerkalo2401.casino
zerkalo2501.casino
zerkaloeoc.ru
zerkalogfo.ru
zerkalo-casino4.top
zetflix.online
zetflixssss.online
zfilm1988.site
zfilm1990.site
zfilm2021.site
zfilm-hd.club
zfilm-hd.net
zfilm-hd.org
zfilm-hd-1020.online
zfilm-hd-1237.online
zfilm-hd-1954.online
zfilm-hd-2174.online
zfilm-hd-2341.online
zfilm-hd-2466.online
zfilm-hd-2679.online
zfilm-hd-3030.online
zfilm-hd-3053.online
zhd.life
zimedorogu.ru
zoohardcore.shop
zoolover.shop
zoozootube.shop
zorgfilm1.sbs
zorgfilm5.mom
zorgfilm-8.pro
zorox.sex
zp.ua
zx7zijikxvj8.xyz
